provider,Consumer complaint narrative,hidden_fees,late_fees,misleading_ads,credit_reporting,unauthorized,customer_service,billing_dispute
Affirm,Customer service at Affirm would not resolve my billing dispute.,False,False,False,False,False,True,True
Affirm,Customer service at Affirm would not resolve my billing dispute.,False,False,False,False,False,True,True
Affirm,I was charged a late fee after missing a payment with Affirm.,False,True,False,False,False,False,False
Affirm,Customer service at Affirm would not resolve my billing dispute.,False,False,False,False,False,True,True
Affirm,I was charged a interest after missing a payment with Affirm.,False,False,False,False,False,False,False
Affirm,Misleading advertisement from Affirm did not disclose interest.,False,False,True,False,False,False,False
Affirm,Unauthorized charge on my account related to Affirm.,False,False,False,False,True,False,False
Affirm,Misleading advertisement from Affirm did not disclose interest. My credit score was affected.,False,False,True,True,False,False,False
Affirm,Unauthorized charge on my account related to Affirm. My credit score was affected.,False,False,False,True,True,False,False
Affirm,Customer service at Affirm would not resolve my billing dispute.,False,False,False,False,False,True,True
Affirm,Customer service at Affirm would not resolve my billing dispute.,False,False,False,False,False,True,True
Affirm,Customer service at Affirm would not resolve my billing dispute.,False,False,False,False,False,True,True
Affirm,Customer service at Affirm would not resolve my billing dispute. My credit score was affected.,False,False,False,True,False,True,True
Affirm,Misleading advertisement from Affirm did not disclose hidden fee. My credit score was affected.,True,False,True,True,False,False,False
Affirm,I was charged a interest after missing a payment with Affirm.,False,False,False,False,False,False,False
Affirm,Unauthorized charge on my account related to Affirm.,False,False,False,False,True,False,False
Affirm,Misleading advertisement from Affirm did not disclose hidden fee.,True,False,True,False,False,False,False
Affirm,Misleading advertisement from Affirm did not disclose late fee. My credit score was affected.,False,True,True,True,False,False,False
Affirm,I was charged a hidden fee after missing a payment with Affirm.,True,False,False,False,False,False,False
Affirm,I was charged a hidden fee after missing a payment with Affirm.,True,False,False,False,False,False,False
Affirm,Misleading advertisement from Affirm did not disclose penalty.,False,True,True,False,False,False,False
Affirm,Unauthorized charge on my account related to Affirm.,False,False,False,False,True,False,False
Affirm,Customer service at Affirm would not resolve my billing dispute.,False,False,False,False,False,True,True
Affirm,Misleading advertisement from Affirm did not disclose penalty. My credit score was affected.,False,True,True,True,False,False,False
Affirm,Unauthorized charge on my account related to Affirm. My credit score was affected.,False,False,False,True,True,False,False
Affirm,I was charged a penalty after missing a payment with Affirm. My credit score was affected.,False,True,False,True,False,False,False
Affirm,Customer service at Affirm would not resolve my billing dispute.,False,False,False,False,False,True,True
Affirm,Unauthorized charge on my account related to Affirm.,False,False,False,False,True,False,False
Affirm,Misleading advertisement from Affirm did not disclose interest.,False,False,True,False,False,False,False
Affirm,I was charged a late fee after missing a payment with Affirm. My credit score was affected.,False,True,False,True,False,False,False
Affirm,Unauthorized charge on my account related to Affirm.,False,False,False,False,True,False,False
Affirm,Unauthorized charge on my account related to Affirm.,False,False,False,False,True,False,False
Affirm,Unauthorized charge on my account related to Affirm.,False,False,False,False,True,False,False
Affirm,Unauthorized charge on my account related to Affirm.,False,False,False,False,True,False,False
Affirm,I was charged a interest after missing a payment with Affirm.,False,False,False,False,False,False,False
Affirm,I was charged a penalty after missing a payment with Affirm.,False,True,False,False,False,False,False
Affirm,Customer service at Affirm would not resolve my billing dispute. My credit score was affected.,False,False,False,True,False,True,True
Affirm,I was charged a penalty after missing a payment with Affirm. My credit score was affected.,False,True,False,True,False,False,False
Affirm,Misleading advertisement from Affirm did not disclose penalty.,False,True,True,False,False,False,False
Affirm,Unauthorized charge on my account related to Affirm.,False,False,False,False,True,False,False
Affirm,Unauthorized charge on my account related to Affirm.,False,False,False,False,True,False,False
Affirm,Customer service at Affirm would not resolve my billing dispute. My credit score was affected.,False,False,False,True,False,True,True
Affirm,I was charged a hidden fee after missing a payment with Affirm. My credit score was affected.,True,False,False,True,False,False,False
Affirm,Unauthorized charge on my account related to Affirm.,False,False,False,False,True,False,False
Affirm,I was charged a interest after missing a payment with Affirm.,False,False,False,False,False,False,False
Affirm,I was charged a penalty after missing a payment with Affirm.,False,True,False,False,False,False,False
Affirm,Misleading advertisement from Affirm did not disclose hidden fee.,True,False,True,False,False,False,False
Affirm,Misleading advertisement from Affirm did not disclose late fee.,False,True,True,False,False,False,False
Affirm,Misleading advertisement from Affirm did not disclose interest. My credit score was affected.,False,False,True,True,False,False,False
Affirm,I was charged a hidden fee after missing a payment with Affirm.,True,False,False,False,False,False,False
Affirm,Customer service at Affirm would not resolve my billing dispute.,False,False,False,False,False,True,True
Affirm,Misleading advertisement from Affirm did not disclose hidden fee.,True,False,True,False,False,False,False
Affirm,Customer service at Affirm would not resolve my billing dispute.,False,False,False,False,False,True,True
Affirm,Misleading advertisement from Affirm did not disclose penalty. My credit score was affected.,False,True,True,True,False,False,False
Affirm,I was charged a late fee after missing a payment with Affirm.,False,True,False,False,False,False,False
Affirm,Misleading advertisement from Affirm did not disclose late fee. My credit score was affected.,False,True,True,True,False,False,False
Affirm,Misleading advertisement from Affirm did not disclose interest.,False,False,True,False,False,False,False
Affirm,I was charged a interest after missing a payment with Affirm.,False,False,False,False,False,False,False
Affirm,Customer service at Affirm would not resolve my billing dispute.,False,False,False,False,False,True,True
Affirm,Misleading advertisement from Affirm did not disclose interest.,False,False,True,False,False,False,False
Affirm,Unauthorized charge on my account related to Affirm.,False,False,False,False,True,False,False
Affirm,I was charged a interest after missing a payment with Affirm.,False,False,False,False,False,False,False
Affirm,I was charged a penalty after missing a payment with Affirm.,False,True,False,False,False,False,False
Affirm,Misleading advertisement from Affirm did not disclose late fee. My credit score was affected.,False,True,True,True,False,False,False
Affirm,I was charged a interest after missing a payment with Affirm.,False,False,False,False,False,False,False
Affirm,I was charged a penalty after missing a payment with Affirm.,False,True,False,False,False,False,False
Affirm,Unauthorized charge on my account related to Affirm.,False,False,False,False,True,False,False
Affirm,Unauthorized charge on my account related to Affirm. My credit score was affected.,False,False,False,True,True,False,False
Affirm,Customer service at Affirm would not resolve my billing dispute.,False,False,False,False,False,True,True
Affirm,Customer service at Affirm would not resolve my billing dispute. My credit score was affected.,False,False,False,True,False,True,True
Affirm,Misleading advertisement from Affirm did not disclose hidden fee.,True,False,True,False,False,False,False
Affirm,Customer service at Affirm would not resolve my billing dispute.,False,False,False,False,False,True,True
Affirm,Misleading advertisement from Affirm did not disclose interest. My credit score was affected.,False,False,True,True,False,False,False
Affirm,Misleading advertisement from Affirm did not disclose penalty.,False,True,True,False,False,False,False
Affirm,Misleading advertisement from Affirm did not disclose penalty. My credit score was affected.,False,True,True,True,False,False,False
Affirm,Customer service at Affirm would not resolve my billing dispute.,False,False,False,False,False,True,True
Affirm,I was charged a interest after missing a payment with Affirm.,False,False,False,False,False,False,False
Affirm,I was charged a hidden fee after missing a payment with Affirm.,True,False,False,False,False,False,False
Affirm,Misleading advertisement from Affirm did not disclose late fee.,False,True,True,False,False,False,False
Affirm,Unauthorized charge on my account related to Affirm.,False,False,False,False,True,False,False
Affirm,I was charged a hidden fee after missing a payment with Affirm.,True,False,False,False,False,False,False
Affirm,I was charged a penalty after missing a payment with Affirm. My credit score was affected.,False,True,False,True,False,False,False
Affirm,Unauthorized charge on my account related to Affirm.,False,False,False,False,True,False,False
Affirm,Customer service at Affirm would not resolve my billing dispute.,False,False,False,False,False,True,True
Affirm,Misleading advertisement from Affirm did not disclose penalty.,False,True,True,False,False,False,False
Affirm,Misleading advertisement from Affirm did not disclose interest.,False,False,True,False,False,False,False
Affirm,Misleading advertisement from Affirm did not disclose penalty.,False,True,True,False,False,False,False
Affirm,I was charged a late fee after missing a payment with Affirm. My credit score was affected.,False,True,False,True,False,False,False
Affirm,Misleading advertisement from Affirm did not disclose hidden fee.,True,False,True,False,False,False,False
Affirm,Customer service at Affirm would not resolve my billing dispute.,False,False,False,False,False,True,True
Affirm,Customer service at Affirm would not resolve my billing dispute.,False,False,False,False,False,True,True
Affirm,Unauthorized charge on my account related to Affirm.,False,False,False,False,True,False,False
Affirm,Customer service at Affirm would not resolve my billing dispute.,False,False,False,False,False,True,True
Affirm,Misleading advertisement from Affirm did not disclose hidden fee. My credit score was affected.,True,False,True,True,False,False,False
Affirm,Unauthorized charge on my account related to Affirm. My credit score was affected.,False,False,False,True,True,False,False
Affirm,Customer service at Affirm would not resolve my billing dispute. My credit score was affected.,False,False,False,True,False,True,True
Affirm,I was charged a late fee after missing a payment with Affirm.,False,True,False,False,False,False,False
Affirm,I was charged a penalty after missing a payment with Affirm. My credit score was affected.,False,True,False,True,False,False,False
Affirm,Unauthorized charge on my account related to Affirm.,False,False,False,False,True,False,False
Affirm,I was charged a late fee after missing a payment with Affirm.,False,True,False,False,False,False,False
Affirm,Customer service at Affirm would not resolve my billing dispute.,False,False,False,False,False,True,True
Affirm,Unauthorized charge on my account related to Affirm. My credit score was affected.,False,False,False,True,True,False,False
Affirm,I was charged a penalty after missing a payment with Affirm. My credit score was affected.,False,True,False,True,False,False,False
Affirm,I was charged a hidden fee after missing a payment with Affirm.,True,False,False,False,False,False,False
Affirm,I was charged a penalty after missing a payment with Affirm.,False,True,False,False,False,False,False
Affirm,Unauthorized charge on my account related to Affirm.,False,False,False,False,True,False,False
Affirm,I was charged a hidden fee after missing a payment with Affirm.,True,False,False,False,False,False,False
Affirm,Unauthorized charge on my account related to Affirm.,False,False,False,False,True,False,False
Affirm,I was charged a penalty after missing a payment with Affirm. My credit score was affected.,False,True,False,True,False,False,False
Affirm,Customer service at Affirm would not resolve my billing dispute.,False,False,False,False,False,True,True
Affirm,Misleading advertisement from Affirm did not disclose penalty.,False,True,True,False,False,False,False
Affirm,Unauthorized charge on my account related to Affirm.,False,False,False,False,True,False,False
Affirm,Misleading advertisement from Affirm did not disclose interest.,False,False,True,False,False,False,False
Affirm,I was charged a hidden fee after missing a payment with Affirm.,True,False,False,False,False,False,False
Affirm,Unauthorized charge on my account related to Affirm. My credit score was affected.,False,False,False,True,True,False,False
Affirm,I was charged a interest after missing a payment with Affirm.,False,False,False,False,False,False,False
Affirm,Customer service at Affirm would not resolve my billing dispute.,False,False,False,False,False,True,True
Affirm,Customer service at Affirm would not resolve my billing dispute.,False,False,False,False,False,True,True
Affirm,Misleading advertisement from Affirm did not disclose hidden fee.,True,False,True,False,False,False,False
Affirm,I was charged a penalty after missing a payment with Affirm. My credit score was affected.,False,True,False,True,False,False,False
Affirm,Customer service at Affirm would not resolve my billing dispute.,False,False,False,False,False,True,True
Affirm,I was charged a hidden fee after missing a payment with Affirm.,True,False,False,False,False,False,False
Affirm,Unauthorized charge on my account related to Affirm.,False,False,False,False,True,False,False
Affirm,Unauthorized charge on my account related to Affirm.,False,False,False,False,True,False,False
Affirm,Misleading advertisement from Affirm did not disclose late fee.,False,True,True,False,False,False,False
Affirm,Unauthorized charge on my account related to Affirm.,False,False,False,False,True,False,False
Affirm,Misleading advertisement from Affirm did not disclose hidden fee. My credit score was affected.,True,False,True,True,False,False,False
Affirm,I was charged a hidden fee after missing a payment with Affirm.,True,False,False,False,False,False,False
Affirm,Customer service at Affirm would not resolve my billing dispute. My credit score was affected.,False,False,False,True,False,True,True
Affirm,I was charged a penalty after missing a payment with Affirm.,False,True,False,False,False,False,False
Affirm,I was charged a hidden fee after missing a payment with Affirm.,True,False,False,False,False,False,False
Affirm,Misleading advertisement from Affirm did not disclose hidden fee. My credit score was affected.,True,False,True,True,False,False,False
Affirm,Customer service at Affirm would not resolve my billing dispute. My credit score was affected.,False,False,False,True,False,True,True
Affirm,Misleading advertisement from Affirm did not disclose late fee. My credit score was affected.,False,True,True,True,False,False,False
Affirm,I was charged a hidden fee after missing a payment with Affirm. My credit score was affected.,True,False,False,True,False,False,False
Affirm,I was charged a interest after missing a payment with Affirm. My credit score was affected.,False,False,False,True,False,False,False
Affirm,I was charged a penalty after missing a payment with Affirm.,False,True,False,False,False,False,False
Affirm,Unauthorized charge on my account related to Affirm.,False,False,False,False,True,False,False
Affirm,Misleading advertisement from Affirm did not disclose penalty.,False,True,True,False,False,False,False
Affirm,Customer service at Affirm would not resolve my billing dispute.,False,False,False,False,False,True,True
Affirm,I was charged a interest after missing a payment with Affirm. My credit score was affected.,False,False,False,True,False,False,False
Affirm,I was charged a penalty after missing a payment with Affirm. My credit score was affected.,False,True,False,True,False,False,False
Affirm,Unauthorized charge on my account related to Affirm.,False,False,False,False,True,False,False
Affirm,I was charged a hidden fee after missing a payment with Affirm.,True,False,False,False,False,False,False
Affirm,Unauthorized charge on my account related to Affirm. My credit score was affected.,False,False,False,True,True,False,False
Affirm,Customer service at Affirm would not resolve my billing dispute. My credit score was affected.,False,False,False,True,False,True,True
Affirm,Customer service at Affirm would not resolve my billing dispute. My credit score was affected.,False,False,False,True,False,True,True
Affirm,Customer service at Affirm would not resolve my billing dispute.,False,False,False,False,False,True,True
Affirm,Customer service at Affirm would not resolve my billing dispute.,False,False,False,False,False,True,True
Affirm,Customer service at Affirm would not resolve my billing dispute.,False,False,False,False,False,True,True
Affirm,Customer service at Affirm would not resolve my billing dispute. My credit score was affected.,False,False,False,True,False,True,True
Affirm,Unauthorized charge on my account related to Affirm.,False,False,False,False,True,False,False
Affirm,Customer service at Affirm would not resolve my billing dispute.,False,False,False,False,False,True,True
Affirm,Misleading advertisement from Affirm did not disclose penalty.,False,True,True,False,False,False,False
Affirm,Misleading advertisement from Affirm did not disclose late fee. My credit score was affected.,False,True,True,True,False,False,False
Affirm,Misleading advertisement from Affirm did not disclose hidden fee.,True,False,True,False,False,False,False
Affirm,I was charged a interest after missing a payment with Affirm.,False,False,False,False,False,False,False
Affirm,Misleading advertisement from Affirm did not disclose interest.,False,False,True,False,False,False,False
Affirm,Misleading advertisement from Affirm did not disclose hidden fee.,True,False,True,False,False,False,False
Affirm,Misleading advertisement from Affirm did not disclose late fee.,False,True,True,False,False,False,False
Affirm,Customer service at Affirm would not resolve my billing dispute.,False,False,False,False,False,True,True
Affirm,Misleading advertisement from Affirm did not disclose penalty.,False,True,True,False,False,False,False
Affirm,Customer service at Affirm would not resolve my billing dispute.,False,False,False,False,False,True,True
Affirm,Customer service at Affirm would not resolve my billing dispute.,False,False,False,False,False,True,True
Affirm,Unauthorized charge on my account related to Affirm. My credit score was affected.,False,False,False,True,True,False,False
Affirm,Unauthorized charge on my account related to Affirm. My credit score was affected.,False,False,False,True,True,False,False
Affirm,Unauthorized charge on my account related to Affirm.,False,False,False,False,True,False,False
Affirm,I was charged a penalty after missing a payment with Affirm.,False,True,False,False,False,False,False
Affirm,I was charged a interest after missing a payment with Affirm.,False,False,False,False,False,False,False
Affirm,I was charged a interest after missing a payment with Affirm.,False,False,False,False,False,False,False
Affirm,I was charged a interest after missing a payment with Affirm.,False,False,False,False,False,False,False
Affirm,Customer service at Affirm would not resolve my billing dispute.,False,False,False,False,False,True,True
Affirm,Customer service at Affirm would not resolve my billing dispute.,False,False,False,False,False,True,True
Affirm,Customer service at Affirm would not resolve my billing dispute. My credit score was affected.,False,False,False,True,False,True,True
Affirm,Unauthorized charge on my account related to Affirm. My credit score was affected.,False,False,False,True,True,False,False
Affirm,Unauthorized charge on my account related to Affirm. My credit score was affected.,False,False,False,True,True,False,False
Affirm,Unauthorized charge on my account related to Affirm.,False,False,False,False,True,False,False
Affirm,Misleading advertisement from Affirm did not disclose hidden fee.,True,False,True,False,False,False,False
Affirm,Customer service at Affirm would not resolve my billing dispute.,False,False,False,False,False,True,True
Affirm,Misleading advertisement from Affirm did not disclose interest.,False,False,True,False,False,False,False
Affirm,Customer service at Affirm would not resolve my billing dispute. My credit score was affected.,False,False,False,True,False,True,True
Affirm,I was charged a penalty after missing a payment with Affirm. My credit score was affected.,False,True,False,True,False,False,False
Affirm,Unauthorized charge on my account related to Affirm.,False,False,False,False,True,False,False
Affirm,Customer service at Affirm would not resolve my billing dispute.,False,False,False,False,False,True,True
Affirm,Misleading advertisement from Affirm did not disclose interest.,False,False,True,False,False,False,False
Affirm,Customer service at Affirm would not resolve my billing dispute. My credit score was affected.,False,False,False,True,False,True,True
Affirm,Misleading advertisement from Affirm did not disclose penalty.,False,True,True,False,False,False,False
Affirm,I was charged a hidden fee after missing a payment with Affirm. My credit score was affected.,True,False,False,True,False,False,False
Affirm,Customer service at Affirm would not resolve my billing dispute.,False,False,False,False,False,True,True
Affirm,Misleading advertisement from Affirm did not disclose interest.,False,False,True,False,False,False,False
Affirm,Unauthorized charge on my account related to Affirm.,False,False,False,False,True,False,False
Affirm,Customer service at Affirm would not resolve my billing dispute.,False,False,False,False,False,True,True
Affirm,Misleading advertisement from Affirm did not disclose late fee.,False,True,True,False,False,False,False
Affirm,Unauthorized charge on my account related to Affirm.,False,False,False,False,True,False,False
Affirm,I was charged a hidden fee after missing a payment with Affirm.,True,False,False,False,False,False,False
Affirm,Unauthorized charge on my account related to Affirm. My credit score was affected.,False,False,False,True,True,False,False
Affirm,Unauthorized charge on my account related to Affirm.,False,False,False,False,True,False,False
Affirm,I was charged a interest after missing a payment with Affirm.,False,False,False,False,False,False,False
Affirm,Customer service at Affirm would not resolve my billing dispute. My credit score was affected.,False,False,False,True,False,True,True
Affirm,Misleading advertisement from Affirm did not disclose penalty.,False,True,True,False,False,False,False
Affirm,Misleading advertisement from Affirm did not disclose late fee.,False,True,True,False,False,False,False
Affirm,Customer service at Affirm would not resolve my billing dispute. My credit score was affected.,False,False,False,True,False,True,True
Affirm,Customer service at Affirm would not resolve my billing dispute.,False,False,False,False,False,True,True
Affirm,Misleading advertisement from Affirm did not disclose interest.,False,False,True,False,False,False,False
Affirm,I was charged a late fee after missing a payment with Affirm.,False,True,False,False,False,False,False
Affirm,Unauthorized charge on my account related to Affirm.,False,False,False,False,True,False,False
Affirm,I was charged a interest after missing a payment with Affirm.,False,False,False,False,False,False,False
Affirm,I was charged a penalty after missing a payment with Affirm. My credit score was affected.,False,True,False,True,False,False,False
Affirm,I was charged a hidden fee after missing a payment with Affirm.,True,False,False,False,False,False,False
Affirm,I was charged a penalty after missing a payment with Affirm.,False,True,False,False,False,False,False
Affirm,Unauthorized charge on my account related to Affirm. My credit score was affected.,False,False,False,True,True,False,False
Affirm,I was charged a late fee after missing a payment with Affirm. My credit score was affected.,False,True,False,True,False,False,False
Affirm,Unauthorized charge on my account related to Affirm.,False,False,False,False,True,False,False
Affirm,I was charged a penalty after missing a payment with Affirm.,False,True,False,False,False,False,False
Affirm,I was charged a late fee after missing a payment with Affirm.,False,True,False,False,False,False,False
Affirm,Customer service at Affirm would not resolve my billing dispute.,False,False,False,False,False,True,True
Affirm,Unauthorized charge on my account related to Affirm.,False,False,False,False,True,False,False
Affirm,I was charged a hidden fee after missing a payment with Affirm. My credit score was affected.,True,False,False,True,False,False,False
Affirm,I was charged a late fee after missing a payment with Affirm.,False,True,False,False,False,False,False
Affirm,Unauthorized charge on my account related to Affirm.,False,False,False,False,True,False,False
Affirm,Customer service at Affirm would not resolve my billing dispute. My credit score was affected.,False,False,False,True,False,True,True
Affirm,Unauthorized charge on my account related to Affirm. My credit score was affected.,False,False,False,True,True,False,False
Affirm,Misleading advertisement from Affirm did not disclose late fee.,False,True,True,False,False,False,False
Affirm,Customer service at Affirm would not resolve my billing dispute.,False,False,False,False,False,True,True
Affirm,I was charged a interest after missing a payment with Affirm.,False,False,False,False,False,False,False
Affirm,I was charged a late fee after missing a payment with Affirm.,False,True,False,False,False,False,False
Affirm,Unauthorized charge on my account related to Affirm. My credit score was affected.,False,False,False,True,True,False,False
Affirm,I was charged a hidden fee after missing a payment with Affirm. My credit score was affected.,True,False,False,True,False,False,False
Affirm,Customer service at Affirm would not resolve my billing dispute.,False,False,False,False,False,True,True
Affirm,Customer service at Affirm would not resolve my billing dispute.,False,False,False,False,False,True,True
Affirm,Unauthorized charge on my account related to Affirm. My credit score was affected.,False,False,False,True,True,False,False
Affirm,Customer service at Affirm would not resolve my billing dispute.,False,False,False,False,False,True,True
Affirm,Unauthorized charge on my account related to Affirm.,False,False,False,False,True,False,False
Affirm,Unauthorized charge on my account related to Affirm.,False,False,False,False,True,False,False
Affirm,I was charged a late fee after missing a payment with Affirm.,False,True,False,False,False,False,False
Affirm,Misleading advertisement from Affirm did not disclose interest.,False,False,True,False,False,False,False
Affirm,I was charged a late fee after missing a payment with Affirm. My credit score was affected.,False,True,False,True,False,False,False
Affirm,Misleading advertisement from Affirm did not disclose penalty.,False,True,True,False,False,False,False
Affirm,Misleading advertisement from Affirm did not disclose interest.,False,False,True,False,False,False,False
Affirm,Unauthorized charge on my account related to Affirm.,False,False,False,False,True,False,False
Affirm,Misleading advertisement from Affirm did not disclose late fee. My credit score was affected.,False,True,True,True,False,False,False
Affirm,Unauthorized charge on my account related to Affirm.,False,False,False,False,True,False,False
Affirm,I was charged a penalty after missing a payment with Affirm.,False,True,False,False,False,False,False
Affirm,Misleading advertisement from Affirm did not disclose hidden fee. My credit score was affected.,True,False,True,True,False,False,False
Affirm,Unauthorized charge on my account related to Affirm.,False,False,False,False,True,False,False
Affirm,Unauthorized charge on my account related to Affirm.,False,False,False,False,True,False,False
Affirm,Unauthorized charge on my account related to Affirm.,False,False,False,False,True,False,False
Affirm,Customer service at Affirm would not resolve my billing dispute.,False,False,False,False,False,True,True
Affirm,Misleading advertisement from Affirm did not disclose late fee.,False,True,True,False,False,False,False
Affirm,Misleading advertisement from Affirm did not disclose interest.,False,False,True,False,False,False,False
Affirm,Unauthorized charge on my account related to Affirm.,False,False,False,False,True,False,False
Affirm,Customer service at Affirm would not resolve my billing dispute.,False,False,False,False,False,True,True
Affirm,Unauthorized charge on my account related to Affirm.,False,False,False,False,True,False,False
Affirm,Misleading advertisement from Affirm did not disclose late fee.,False,True,True,False,False,False,False
Affirm,Misleading advertisement from Affirm did not disclose hidden fee. My credit score was affected.,True,False,True,True,False,False,False
Affirm,I was charged a late fee after missing a payment with Affirm.,False,True,False,False,False,False,False
Affirm,I was charged a penalty after missing a payment with Affirm. My credit score was affected.,False,True,False,True,False,False,False
Affirm,Misleading advertisement from Affirm did not disclose interest. My credit score was affected.,False,False,True,True,False,False,False
Affirm,Misleading advertisement from Affirm did not disclose interest.,False,False,True,False,False,False,False
Affirm,I was charged a penalty after missing a payment with Affirm.,False,True,False,False,False,False,False
Affirm,Customer service at Affirm would not resolve my billing dispute.,False,False,False,False,False,True,True
Affirm,I was charged a interest after missing a payment with Affirm.,False,False,False,False,False,False,False
Affirm,I was charged a interest after missing a payment with Affirm.,False,False,False,False,False,False,False
Affirm,Customer service at Affirm would not resolve my billing dispute.,False,False,False,False,False,True,True
Affirm,Customer service at Affirm would not resolve my billing dispute.,False,False,False,False,False,True,True
Affirm,Unauthorized charge on my account related to Affirm.,False,False,False,False,True,False,False
Affirm,Misleading advertisement from Affirm did not disclose penalty.,False,True,True,False,False,False,False
Affirm,I was charged a hidden fee after missing a payment with Affirm. My credit score was affected.,True,False,False,True,False,False,False
Affirm,Unauthorized charge on my account related to Affirm. My credit score was affected.,False,False,False,True,True,False,False
Affirm,I was charged a interest after missing a payment with Affirm.,False,False,False,False,False,False,False
Affirm,Customer service at Affirm would not resolve my billing dispute.,False,False,False,False,False,True,True
Affirm,Customer service at Affirm would not resolve my billing dispute.,False,False,False,False,False,True,True
Affirm,I was charged a interest after missing a payment with Affirm.,False,False,False,False,False,False,False
Affirm,Misleading advertisement from Affirm did not disclose penalty. My credit score was affected.,False,True,True,True,False,False,False
Affirm,Customer service at Affirm would not resolve my billing dispute.,False,False,False,False,False,True,True
Affirm,Misleading advertisement from Affirm did not disclose hidden fee. My credit score was affected.,True,False,True,True,False,False,False
Affirm,I was charged a hidden fee after missing a payment with Affirm.,True,False,False,False,False,False,False
Affirm,I was charged a penalty after missing a payment with Affirm. My credit score was affected.,False,True,False,True,False,False,False
Affirm,Misleading advertisement from Affirm did not disclose late fee.,False,True,True,False,False,False,False
Affirm,Unauthorized charge on my account related to Affirm.,False,False,False,False,True,False,False
Affirm,I was charged a late fee after missing a payment with Affirm. My credit score was affected.,False,True,False,True,False,False,False
Affirm,Customer service at Affirm would not resolve my billing dispute.,False,False,False,False,False,True,True
Affirm,Unauthorized charge on my account related to Affirm.,False,False,False,False,True,False,False
Affirm,Customer service at Affirm would not resolve my billing dispute. My credit score was affected.,False,False,False,True,False,True,True
Affirm,Misleading advertisement from Affirm did not disclose interest.,False,False,True,False,False,False,False
Affirm,Misleading advertisement from Affirm did not disclose penalty.,False,True,True,False,False,False,False
Affirm,Misleading advertisement from Affirm did not disclose hidden fee.,True,False,True,False,False,False,False
Affirm,Customer service at Affirm would not resolve my billing dispute.,False,False,False,False,False,True,True
Affirm,Customer service at Affirm would not resolve my billing dispute.,False,False,False,False,False,True,True
Affirm,Customer service at Affirm would not resolve my billing dispute.,False,False,False,False,False,True,True
Affirm,Misleading advertisement from Affirm did not disclose interest.,False,False,True,False,False,False,False
Affirm,I was charged a interest after missing a payment with Affirm.,False,False,False,False,False,False,False
Affirm,Customer service at Affirm would not resolve my billing dispute.,False,False,False,False,False,True,True
Affirm,I was charged a hidden fee after missing a payment with Affirm.,True,False,False,False,False,False,False
Affirm,I was charged a hidden fee after missing a payment with Affirm. My credit score was affected.,True,False,False,True,False,False,False
Affirm,Customer service at Affirm would not resolve my billing dispute.,False,False,False,False,False,True,True
Affirm,Misleading advertisement from Affirm did not disclose hidden fee.,True,False,True,False,False,False,False
Affirm,I was charged a interest after missing a payment with Affirm. My credit score was affected.,False,False,False,True,False,False,False
Affirm,Unauthorized charge on my account related to Affirm.,False,False,False,False,True,False,False
Affirm,Customer service at Affirm would not resolve my billing dispute.,False,False,False,False,False,True,True
Affirm,Misleading advertisement from Affirm did not disclose penalty.,False,True,True,False,False,False,False
Affirm,Customer service at Affirm would not resolve my billing dispute.,False,False,False,False,False,True,True
Affirm,Customer service at Affirm would not resolve my billing dispute.,False,False,False,False,False,True,True
Affirm,Customer service at Affirm would not resolve my billing dispute. My credit score was affected.,False,False,False,True,False,True,True
Affirm,Unauthorized charge on my account related to Affirm.,False,False,False,False,True,False,False
Affirm,Unauthorized charge on my account related to Affirm.,False,False,False,False,True,False,False
Affirm,Customer service at Affirm would not resolve my billing dispute.,False,False,False,False,False,True,True
Affirm,Misleading advertisement from Affirm did not disclose late fee.,False,True,True,False,False,False,False
Affirm,Unauthorized charge on my account related to Affirm.,False,False,False,False,True,False,False
Affirm,I was charged a late fee after missing a payment with Affirm. My credit score was affected.,False,True,False,True,False,False,False
Affirm,Customer service at Affirm would not resolve my billing dispute.,False,False,False,False,False,True,True
Affirm,Customer service at Affirm would not resolve my billing dispute.,False,False,False,False,False,True,True
Affirm,Customer service at Affirm would not resolve my billing dispute.,False,False,False,False,False,True,True
Affirm,Customer service at Affirm would not resolve my billing dispute. My credit score was affected.,False,False,False,True,False,True,True
Affirm,Unauthorized charge on my account related to Affirm.,False,False,False,False,True,False,False
Affirm,Customer service at Affirm would not resolve my billing dispute.,False,False,False,False,False,True,True
Affirm,I was charged a late fee after missing a payment with Affirm.,False,True,False,False,False,False,False
Affirm,I was charged a penalty after missing a payment with Affirm. My credit score was affected.,False,True,False,True,False,False,False
Affirm,Unauthorized charge on my account related to Affirm.,False,False,False,False,True,False,False
Affirm,Customer service at Affirm would not resolve my billing dispute.,False,False,False,False,False,True,True
Affirm,Unauthorized charge on my account related to Affirm.,False,False,False,False,True,False,False
Affirm,I was charged a hidden fee after missing a payment with Affirm. My credit score was affected.,True,False,False,True,False,False,False
Affirm,Unauthorized charge on my account related to Affirm.,False,False,False,False,True,False,False
Affirm,I was charged a hidden fee after missing a payment with Affirm.,True,False,False,False,False,False,False
Affirm,Unauthorized charge on my account related to Affirm. My credit score was affected.,False,False,False,True,True,False,False
Affirm,Misleading advertisement from Affirm did not disclose penalty.,False,True,True,False,False,False,False
Affirm,Unauthorized charge on my account related to Affirm. My credit score was affected.,False,False,False,True,True,False,False
Affirm,Customer service at Affirm would not resolve my billing dispute.,False,False,False,False,False,True,True
Affirm,Customer service at Affirm would not resolve my billing dispute. My credit score was affected.,False,False,False,True,False,True,True
Affirm,Unauthorized charge on my account related to Affirm.,False,False,False,False,True,False,False
Affirm,Misleading advertisement from Affirm did not disclose late fee.,False,True,True,False,False,False,False
Affirm,I was charged a penalty after missing a payment with Affirm. My credit score was affected.,False,True,False,True,False,False,False
Affirm,Misleading advertisement from Affirm did not disclose interest.,False,False,True,False,False,False,False
Affirm,Customer service at Affirm would not resolve my billing dispute.,False,False,False,False,False,True,True
Affirm,Misleading advertisement from Affirm did not disclose interest.,False,False,True,False,False,False,False
Affirm,I was charged a interest after missing a payment with Affirm.,False,False,False,False,False,False,False
Affirm,Customer service at Affirm would not resolve my billing dispute.,False,False,False,False,False,True,True
Affirm,Unauthorized charge on my account related to Affirm.,False,False,False,False,True,False,False
Affirm,Customer service at Affirm would not resolve my billing dispute.,False,False,False,False,False,True,True
Affirm,I was charged a hidden fee after missing a payment with Affirm.,True,False,False,False,False,False,False
Affirm,I was charged a late fee after missing a payment with Affirm. My credit score was affected.,False,True,False,True,False,False,False
Affirm,I was charged a interest after missing a payment with Affirm.,False,False,False,False,False,False,False
Affirm,Unauthorized charge on my account related to Affirm.,False,False,False,False,True,False,False
Affirm,Misleading advertisement from Affirm did not disclose hidden fee.,True,False,True,False,False,False,False
Affirm,Customer service at Affirm would not resolve my billing dispute.,False,False,False,False,False,True,True
Affirm,Misleading advertisement from Affirm did not disclose penalty.,False,True,True,False,False,False,False
Affirm,I was charged a hidden fee after missing a payment with Affirm.,True,False,False,False,False,False,False
Affirm,Customer service at Affirm would not resolve my billing dispute.,False,False,False,False,False,True,True
Affirm,Unauthorized charge on my account related to Affirm.,False,False,False,False,True,False,False
Affirm,Unauthorized charge on my account related to Affirm. My credit score was affected.,False,False,False,True,True,False,False
Affirm,I was charged a penalty after missing a payment with Affirm.,False,True,False,False,False,False,False
Affirm,I was charged a late fee after missing a payment with Affirm.,False,True,False,False,False,False,False
Affirm,Misleading advertisement from Affirm did not disclose late fee.,False,True,True,False,False,False,False
Affirm,Customer service at Affirm would not resolve my billing dispute.,False,False,False,False,False,True,True
Affirm,Misleading advertisement from Affirm did not disclose interest.,False,False,True,False,False,False,False
Affirm,Customer service at Affirm would not resolve my billing dispute.,False,False,False,False,False,True,True
Affirm,Customer service at Affirm would not resolve my billing dispute.,False,False,False,False,False,True,True
Affirm,Customer service at Affirm would not resolve my billing dispute. My credit score was affected.,False,False,False,True,False,True,True
Affirm,Unauthorized charge on my account related to Affirm. My credit score was affected.,False,False,False,True,True,False,False
Affirm,Unauthorized charge on my account related to Affirm.,False,False,False,False,True,False,False
Affirm,Unauthorized charge on my account related to Affirm.,False,False,False,False,True,False,False
Affirm,I was charged a late fee after missing a payment with Affirm.,False,True,False,False,False,False,False
Affirm,I was charged a interest after missing a payment with Affirm. My credit score was affected.,False,False,False,True,False,False,False
Affirm,I was charged a late fee after missing a payment with Affirm. My credit score was affected.,False,True,False,True,False,False,False
Affirm,Misleading advertisement from Affirm did not disclose penalty.,False,True,True,False,False,False,False
Affirm,Misleading advertisement from Affirm did not disclose penalty. My credit score was affected.,False,True,True,True,False,False,False
Affirm,I was charged a penalty after missing a payment with Affirm.,False,True,False,False,False,False,False
Affirm,I was charged a penalty after missing a payment with Affirm.,False,True,False,False,False,False,False
Affirm,I was charged a hidden fee after missing a payment with Affirm.,True,False,False,False,False,False,False
Affirm,Misleading advertisement from Affirm did not disclose hidden fee.,True,False,True,False,False,False,False
Affirm,I was charged a late fee after missing a payment with Affirm. My credit score was affected.,False,True,False,True,False,False,False
Affirm,Customer service at Affirm would not resolve my billing dispute. My credit score was affected.,False,False,False,True,False,True,True
Affirm,Unauthorized charge on my account related to Affirm.,False,False,False,False,True,False,False
Affirm,Misleading advertisement from Affirm did not disclose late fee.,False,True,True,False,False,False,False
Affirm,Customer service at Affirm would not resolve my billing dispute.,False,False,False,False,False,True,True
Affirm,Misleading advertisement from Affirm did not disclose interest.,False,False,True,False,False,False,False
Affirm,I was charged a interest after missing a payment with Affirm.,False,False,False,False,False,False,False
Affirm,Unauthorized charge on my account related to Affirm. My credit score was affected.,False,False,False,True,True,False,False
Affirm,Misleading advertisement from Affirm did not disclose interest.,False,False,True,False,False,False,False
Affirm,I was charged a hidden fee after missing a payment with Affirm.,True,False,False,False,False,False,False
Affirm,Unauthorized charge on my account related to Affirm. My credit score was affected.,False,False,False,True,True,False,False
Affirm,I was charged a interest after missing a payment with Affirm. My credit score was affected.,False,False,False,True,False,False,False
Affirm,Customer service at Affirm would not resolve my billing dispute. My credit score was affected.,False,False,False,True,False,True,True
Affirm,I was charged a penalty after missing a payment with Affirm. My credit score was affected.,False,True,False,True,False,False,False
Affirm,I was charged a late fee after missing a payment with Affirm.,False,True,False,False,False,False,False
Affirm,I was charged a hidden fee after missing a payment with Affirm.,True,False,False,False,False,False,False
Affirm,Unauthorized charge on my account related to Affirm.,False,False,False,False,True,False,False
Affirm,I was charged a hidden fee after missing a payment with Affirm.,True,False,False,False,False,False,False
Affirm,Unauthorized charge on my account related to Affirm. My credit score was affected.,False,False,False,True,True,False,False
Affirm,Customer service at Affirm would not resolve my billing dispute.,False,False,False,False,False,True,True
Affirm,Misleading advertisement from Affirm did not disclose hidden fee.,True,False,True,False,False,False,False
Affirm,Misleading advertisement from Affirm did not disclose interest.,False,False,True,False,False,False,False
Affirm,Customer service at Affirm would not resolve my billing dispute.,False,False,False,False,False,True,True
Affirm,Customer service at Affirm would not resolve my billing dispute.,False,False,False,False,False,True,True
Affirm,Customer service at Affirm would not resolve my billing dispute.,False,False,False,False,False,True,True
Affirm,I was charged a hidden fee after missing a payment with Affirm.,True,False,False,False,False,False,False
Affirm,Misleading advertisement from Affirm did not disclose interest. My credit score was affected.,False,False,True,True,False,False,False
Affirm,I was charged a penalty after missing a payment with Affirm.,False,True,False,False,False,False,False
Affirm,I was charged a hidden fee after missing a payment with Affirm. My credit score was affected.,True,False,False,True,False,False,False
Affirm,Unauthorized charge on my account related to Affirm.,False,False,False,False,True,False,False
Affirm,Unauthorized charge on my account related to Affirm.,False,False,False,False,True,False,False
Affirm,Customer service at Affirm would not resolve my billing dispute.,False,False,False,False,False,True,True
Affirm,I was charged a late fee after missing a payment with Affirm. My credit score was affected.,False,True,False,True,False,False,False
Affirm,Unauthorized charge on my account related to Affirm. My credit score was affected.,False,False,False,True,True,False,False
Affirm,Unauthorized charge on my account related to Affirm.,False,False,False,False,True,False,False
Affirm,I was charged a hidden fee after missing a payment with Affirm. My credit score was affected.,True,False,False,True,False,False,False
Affirm,Customer service at Affirm would not resolve my billing dispute.,False,False,False,False,False,True,True
Affirm,I was charged a hidden fee after missing a payment with Affirm.,True,False,False,False,False,False,False
Affirm,Customer service at Affirm would not resolve my billing dispute.,False,False,False,False,False,True,True
Affirm,Unauthorized charge on my account related to Affirm. My credit score was affected.,False,False,False,True,True,False,False
Affirm,I was charged a interest after missing a payment with Affirm.,False,False,False,False,False,False,False
Affirm,Misleading advertisement from Affirm did not disclose late fee.,False,True,True,False,False,False,False
Affirm,Customer service at Affirm would not resolve my billing dispute. My credit score was affected.,False,False,False,True,False,True,True
Affirm,Unauthorized charge on my account related to Affirm. My credit score was affected.,False,False,False,True,True,False,False
Affirm,Customer service at Affirm would not resolve my billing dispute. My credit score was affected.,False,False,False,True,False,True,True
Affirm,Unauthorized charge on my account related to Affirm.,False,False,False,False,True,False,False
Affirm,Misleading advertisement from Affirm did not disclose interest.,False,False,True,False,False,False,False
Affirm,Unauthorized charge on my account related to Affirm.,False,False,False,False,True,False,False
Affirm,Customer service at Affirm would not resolve my billing dispute.,False,False,False,False,False,True,True
Affirm,Misleading advertisement from Affirm did not disclose late fee.,False,True,True,False,False,False,False
Affirm,I was charged a penalty after missing a payment with Affirm.,False,True,False,False,False,False,False
Affirm,Unauthorized charge on my account related to Affirm.,False,False,False,False,True,False,False
Affirm,I was charged a penalty after missing a payment with Affirm.,False,True,False,False,False,False,False
Affirm,Misleading advertisement from Affirm did not disclose interest.,False,False,True,False,False,False,False
Affirm,I was charged a hidden fee after missing a payment with Affirm.,True,False,False,False,False,False,False
Affirm,I was charged a hidden fee after missing a payment with Affirm. My credit score was affected.,True,False,False,True,False,False,False
Affirm,Customer service at Affirm would not resolve my billing dispute.,False,False,False,False,False,True,True
Affirm,I was charged a late fee after missing a payment with Affirm.,False,True,False,False,False,False,False
Affirm,Unauthorized charge on my account related to Affirm.,False,False,False,False,True,False,False
Affirm,Misleading advertisement from Affirm did not disclose interest.,False,False,True,False,False,False,False
Affirm,Unauthorized charge on my account related to Affirm.,False,False,False,False,True,False,False
Affirm,Customer service at Affirm would not resolve my billing dispute.,False,False,False,False,False,True,True
Affirm,I was charged a hidden fee after missing a payment with Affirm.,True,False,False,False,False,False,False
Affirm,Customer service at Affirm would not resolve my billing dispute.,False,False,False,False,False,True,True
Affirm,I was charged a interest after missing a payment with Affirm. My credit score was affected.,False,False,False,True,False,False,False
Affirm,Unauthorized charge on my account related to Affirm. My credit score was affected.,False,False,False,True,True,False,False
Affirm,Customer service at Affirm would not resolve my billing dispute.,False,False,False,False,False,True,True
Affirm,Unauthorized charge on my account related to Affirm.,False,False,False,False,True,False,False
Affirm,Misleading advertisement from Affirm did not disclose interest.,False,False,True,False,False,False,False
Affirm,Unauthorized charge on my account related to Affirm.,False,False,False,False,True,False,False
Affirm,Misleading advertisement from Affirm did not disclose hidden fee.,True,False,True,False,False,False,False
Affirm,Customer service at Affirm would not resolve my billing dispute.,False,False,False,False,False,True,True
Affirm,I was charged a late fee after missing a payment with Affirm.,False,True,False,False,False,False,False
Affirm,Misleading advertisement from Affirm did not disclose hidden fee. My credit score was affected.,True,False,True,True,False,False,False
Affirm,I was charged a hidden fee after missing a payment with Affirm.,True,False,False,False,False,False,False
Affirm,Misleading advertisement from Affirm did not disclose late fee.,False,True,True,False,False,False,False
Affirm,I was charged a interest after missing a payment with Affirm. My credit score was affected.,False,False,False,True,False,False,False
Affirm,Customer service at Affirm would not resolve my billing dispute.,False,False,False,False,False,True,True
Affirm,Misleading advertisement from Affirm did not disclose hidden fee. My credit score was affected.,True,False,True,True,False,False,False
Affirm,I was charged a penalty after missing a payment with Affirm.,False,True,False,False,False,False,False
Affirm,Misleading advertisement from Affirm did not disclose late fee. My credit score was affected.,False,True,True,True,False,False,False
Affirm,I was charged a late fee after missing a payment with Affirm.,False,True,False,False,False,False,False
Affirm,Customer service at Affirm would not resolve my billing dispute.,False,False,False,False,False,True,True
Affirm,Misleading advertisement from Affirm did not disclose interest. My credit score was affected.,False,False,True,True,False,False,False
Affirm,Misleading advertisement from Affirm did not disclose late fee. My credit score was affected.,False,True,True,True,False,False,False
Affirm,Customer service at Affirm would not resolve my billing dispute.,False,False,False,False,False,True,True
Affirm,Customer service at Affirm would not resolve my billing dispute.,False,False,False,False,False,True,True
Affirm,Customer service at Affirm would not resolve my billing dispute.,False,False,False,False,False,True,True
Affirm,I was charged a interest after missing a payment with Affirm. My credit score was affected.,False,False,False,True,False,False,False
Affirm,Misleading advertisement from Affirm did not disclose penalty.,False,True,True,False,False,False,False
Affirm,I was charged a hidden fee after missing a payment with Affirm.,True,False,False,False,False,False,False
Affirm,Unauthorized charge on my account related to Affirm.,False,False,False,False,True,False,False
Affirm,I was charged a interest after missing a payment with Affirm. My credit score was affected.,False,False,False,True,False,False,False
Affirm,I was charged a hidden fee after missing a payment with Affirm.,True,False,False,False,False,False,False
Affirm,Unauthorized charge on my account related to Affirm.,False,False,False,False,True,False,False
Affirm,Misleading advertisement from Affirm did not disclose interest.,False,False,True,False,False,False,False
Affirm,Misleading advertisement from Affirm did not disclose penalty.,False,True,True,False,False,False,False
Affirm,Customer service at Affirm would not resolve my billing dispute. My credit score was affected.,False,False,False,True,False,True,True
Affirm,Customer service at Affirm would not resolve my billing dispute. My credit score was affected.,False,False,False,True,False,True,True
Affirm,Customer service at Affirm would not resolve my billing dispute. My credit score was affected.,False,False,False,True,False,True,True
Affirm,Misleading advertisement from Affirm did not disclose hidden fee.,True,False,True,False,False,False,False
Affirm,I was charged a interest after missing a payment with Affirm.,False,False,False,False,False,False,False
Affirm,Misleading advertisement from Affirm did not disclose late fee. My credit score was affected.,False,True,True,True,False,False,False
Affirm,Unauthorized charge on my account related to Affirm.,False,False,False,False,True,False,False
Affirm,Customer service at Affirm would not resolve my billing dispute.,False,False,False,False,False,True,True
Affirm,Unauthorized charge on my account related to Affirm. My credit score was affected.,False,False,False,True,True,False,False
Affirm,I was charged a hidden fee after missing a payment with Affirm. My credit score was affected.,True,False,False,True,False,False,False
Affirm,Customer service at Affirm would not resolve my billing dispute.,False,False,False,False,False,True,True
Affirm,Customer service at Affirm would not resolve my billing dispute.,False,False,False,False,False,True,True
Affirm,Misleading advertisement from Affirm did not disclose hidden fee.,True,False,True,False,False,False,False
Affirm,Unauthorized charge on my account related to Affirm.,False,False,False,False,True,False,False
Affirm,I was charged a hidden fee after missing a payment with Affirm. My credit score was affected.,True,False,False,True,False,False,False
Affirm,Customer service at Affirm would not resolve my billing dispute.,False,False,False,False,False,True,True
Affirm,Customer service at Affirm would not resolve my billing dispute. My credit score was affected.,False,False,False,True,False,True,True
Affirm,Unauthorized charge on my account related to Affirm. My credit score was affected.,False,False,False,True,True,False,False
Affirm,Misleading advertisement from Affirm did not disclose late fee. My credit score was affected.,False,True,True,True,False,False,False
Affirm,I was charged a hidden fee after missing a payment with Affirm.,True,False,False,False,False,False,False
Affirm,Misleading advertisement from Affirm did not disclose late fee.,False,True,True,False,False,False,False
Affirm,Misleading advertisement from Affirm did not disclose late fee.,False,True,True,False,False,False,False
Affirm,Unauthorized charge on my account related to Affirm. My credit score was affected.,False,False,False,True,True,False,False
Affirm,Customer service at Affirm would not resolve my billing dispute.,False,False,False,False,False,True,True
Affirm,Unauthorized charge on my account related to Affirm.,False,False,False,False,True,False,False
Affirm,I was charged a penalty after missing a payment with Affirm.,False,True,False,False,False,False,False
Affirm,Misleading advertisement from Affirm did not disclose interest. My credit score was affected.,False,False,True,True,False,False,False
Affirm,Misleading advertisement from Affirm did not disclose penalty.,False,True,True,False,False,False,False
Affirm,Unauthorized charge on my account related to Affirm.,False,False,False,False,True,False,False
Affirm,Customer service at Affirm would not resolve my billing dispute. My credit score was affected.,False,False,False,True,False,True,True
Affirm,Customer service at Affirm would not resolve my billing dispute.,False,False,False,False,False,True,True
Affirm,Unauthorized charge on my account related to Affirm. My credit score was affected.,False,False,False,True,True,False,False
Affirm,Customer service at Affirm would not resolve my billing dispute. My credit score was affected.,False,False,False,True,False,True,True
Affirm,I was charged a penalty after missing a payment with Affirm.,False,True,False,False,False,False,False
Affirm,I was charged a penalty after missing a payment with Affirm. My credit score was affected.,False,True,False,True,False,False,False
Affirm,Unauthorized charge on my account related to Affirm.,False,False,False,False,True,False,False
Affirm,Customer service at Affirm would not resolve my billing dispute.,False,False,False,False,False,True,True
Affirm,Unauthorized charge on my account related to Affirm.,False,False,False,False,True,False,False
Affirm,Unauthorized charge on my account related to Affirm.,False,False,False,False,True,False,False
Affirm,Misleading advertisement from Affirm did not disclose late fee.,False,True,True,False,False,False,False
Affirm,Misleading advertisement from Affirm did not disclose interest. My credit score was affected.,False,False,True,True,False,False,False
Affirm,Unauthorized charge on my account related to Affirm.,False,False,False,False,True,False,False
Affirm,I was charged a interest after missing a payment with Affirm.,False,False,False,False,False,False,False
Affirm,Customer service at Affirm would not resolve my billing dispute.,False,False,False,False,False,True,True
Affirm,Customer service at Affirm would not resolve my billing dispute.,False,False,False,False,False,True,True
Affirm,Unauthorized charge on my account related to Affirm.,False,False,False,False,True,False,False
Affirm,Customer service at Affirm would not resolve my billing dispute.,False,False,False,False,False,True,True
Affirm,Unauthorized charge on my account related to Affirm.,False,False,False,False,True,False,False
Affirm,Unauthorized charge on my account related to Affirm.,False,False,False,False,True,False,False
Affirm,Unauthorized charge on my account related to Affirm.,False,False,False,False,True,False,False
Affirm,Misleading advertisement from Affirm did not disclose hidden fee.,True,False,True,False,False,False,False
Affirm,Misleading advertisement from Affirm did not disclose hidden fee.,True,False,True,False,False,False,False
Affirm,Misleading advertisement from Affirm did not disclose hidden fee. My credit score was affected.,True,False,True,True,False,False,False
Affirm,I was charged a penalty after missing a payment with Affirm.,False,True,False,False,False,False,False
Affirm,Unauthorized charge on my account related to Affirm.,False,False,False,False,True,False,False
Affirm,I was charged a hidden fee after missing a payment with Affirm.,True,False,False,False,False,False,False
Affirm,I was charged a penalty after missing a payment with Affirm.,False,True,False,False,False,False,False
Affirm,Customer service at Affirm would not resolve my billing dispute. My credit score was affected.,False,False,False,True,False,True,True
Affirm,Unauthorized charge on my account related to Affirm. My credit score was affected.,False,False,False,True,True,False,False
Affirm,Misleading advertisement from Affirm did not disclose penalty. My credit score was affected.,False,True,True,True,False,False,False
Affirm,Misleading advertisement from Affirm did not disclose hidden fee.,True,False,True,False,False,False,False
Affirm,Customer service at Affirm would not resolve my billing dispute. My credit score was affected.,False,False,False,True,False,True,True
Affirm,Unauthorized charge on my account related to Affirm.,False,False,False,False,True,False,False
Affirm,Customer service at Affirm would not resolve my billing dispute.,False,False,False,False,False,True,True
Affirm,Misleading advertisement from Affirm did not disclose interest.,False,False,True,False,False,False,False
Affirm,Misleading advertisement from Affirm did not disclose late fee.,False,True,True,False,False,False,False
Affirm,Misleading advertisement from Affirm did not disclose interest.,False,False,True,False,False,False,False
Affirm,I was charged a interest after missing a payment with Affirm.,False,False,False,False,False,False,False
Affirm,Customer service at Affirm would not resolve my billing dispute.,False,False,False,False,False,True,True
Affirm,Misleading advertisement from Affirm did not disclose hidden fee.,True,False,True,False,False,False,False
Affirm,Customer service at Affirm would not resolve my billing dispute.,False,False,False,False,False,True,True
Affirm,Unauthorized charge on my account related to Affirm.,False,False,False,False,True,False,False
Affirm,Unauthorized charge on my account related to Affirm.,False,False,False,False,True,False,False
Affirm,I was charged a penalty after missing a payment with Affirm.,False,True,False,False,False,False,False
Affirm,Customer service at Affirm would not resolve my billing dispute.,False,False,False,False,False,True,True
Affirm,Customer service at Affirm would not resolve my billing dispute.,False,False,False,False,False,True,True
Affirm,Customer service at Affirm would not resolve my billing dispute.,False,False,False,False,False,True,True
Affirm,Misleading advertisement from Affirm did not disclose late fee.,False,True,True,False,False,False,False
Affirm,I was charged a interest after missing a payment with Affirm.,False,False,False,False,False,False,False
Affirm,Misleading advertisement from Affirm did not disclose interest. My credit score was affected.,False,False,True,True,False,False,False
Affirm,Unauthorized charge on my account related to Affirm.,False,False,False,False,True,False,False
Affirm,I was charged a hidden fee after missing a payment with Affirm.,True,False,False,False,False,False,False
Affirm,Customer service at Affirm would not resolve my billing dispute. My credit score was affected.,False,False,False,True,False,True,True
Affirm,I was charged a hidden fee after missing a payment with Affirm.,True,False,False,False,False,False,False
Affirm,Customer service at Affirm would not resolve my billing dispute.,False,False,False,False,False,True,True
Affirm,I was charged a late fee after missing a payment with Affirm.,False,True,False,False,False,False,False
Affirm,I was charged a interest after missing a payment with Affirm.,False,False,False,False,False,False,False
Affirm,Customer service at Affirm would not resolve my billing dispute. My credit score was affected.,False,False,False,True,False,True,True
Affirm,I was charged a penalty after missing a payment with Affirm.,False,True,False,False,False,False,False
Affirm,Unauthorized charge on my account related to Affirm.,False,False,False,False,True,False,False
Affirm,Customer service at Affirm would not resolve my billing dispute. My credit score was affected.,False,False,False,True,False,True,True
Affirm,I was charged a penalty after missing a payment with Affirm.,False,True,False,False,False,False,False
Affirm,Misleading advertisement from Affirm did not disclose late fee.,False,True,True,False,False,False,False
Affirm,Unauthorized charge on my account related to Affirm. My credit score was affected.,False,False,False,True,True,False,False
Affirm,Customer service at Affirm would not resolve my billing dispute. My credit score was affected.,False,False,False,True,False,True,True
Affirm,Misleading advertisement from Affirm did not disclose late fee.,False,True,True,False,False,False,False
Affirm,Unauthorized charge on my account related to Affirm.,False,False,False,False,True,False,False
Affirm,Unauthorized charge on my account related to Affirm.,False,False,False,False,True,False,False
Affirm,Customer service at Affirm would not resolve my billing dispute.,False,False,False,False,False,True,True
Affirm,I was charged a late fee after missing a payment with Affirm.,False,True,False,False,False,False,False
Affirm,Customer service at Affirm would not resolve my billing dispute.,False,False,False,False,False,True,True
Affirm,Misleading advertisement from Affirm did not disclose hidden fee.,True,False,True,False,False,False,False
Affirm,I was charged a late fee after missing a payment with Affirm.,False,True,False,False,False,False,False
Affirm,Misleading advertisement from Affirm did not disclose penalty.,False,True,True,False,False,False,False
Affirm,Customer service at Affirm would not resolve my billing dispute.,False,False,False,False,False,True,True
Affirm,Misleading advertisement from Affirm did not disclose penalty.,False,True,True,False,False,False,False
Affirm,Unauthorized charge on my account related to Affirm.,False,False,False,False,True,False,False
Affirm,Misleading advertisement from Affirm did not disclose late fee.,False,True,True,False,False,False,False
Affirm,I was charged a hidden fee after missing a payment with Affirm.,True,False,False,False,False,False,False
Affirm,I was charged a penalty after missing a payment with Affirm. My credit score was affected.,False,True,False,True,False,False,False
Affirm,Unauthorized charge on my account related to Affirm. My credit score was affected.,False,False,False,True,True,False,False
Affirm,I was charged a interest after missing a payment with Affirm. My credit score was affected.,False,False,False,True,False,False,False
Affirm,Misleading advertisement from Affirm did not disclose late fee.,False,True,True,False,False,False,False
Affirm,I was charged a late fee after missing a payment with Affirm.,False,True,False,False,False,False,False
Affirm,Customer service at Affirm would not resolve my billing dispute. My credit score was affected.,False,False,False,True,False,True,True
Affirm,I was charged a late fee after missing a payment with Affirm.,False,True,False,False,False,False,False
Affirm,Customer service at Affirm would not resolve my billing dispute.,False,False,False,False,False,True,True
Affirm,Customer service at Affirm would not resolve my billing dispute. My credit score was affected.,False,False,False,True,False,True,True
Affirm,Misleading advertisement from Affirm did not disclose hidden fee.,True,False,True,False,False,False,False
Affirm,Misleading advertisement from Affirm did not disclose interest.,False,False,True,False,False,False,False
Affirm,Unauthorized charge on my account related to Affirm.,False,False,False,False,True,False,False
Affirm,Misleading advertisement from Affirm did not disclose interest.,False,False,True,False,False,False,False
Affirm,I was charged a hidden fee after missing a payment with Affirm. My credit score was affected.,True,False,False,True,False,False,False
Affirm,Customer service at Affirm would not resolve my billing dispute. My credit score was affected.,False,False,False,True,False,True,True
Affirm,I was charged a penalty after missing a payment with Affirm. My credit score was affected.,False,True,False,True,False,False,False
Affirm,I was charged a late fee after missing a payment with Affirm.,False,True,False,False,False,False,False
Affirm,Misleading advertisement from Affirm did not disclose late fee.,False,True,True,False,False,False,False
Affirm,I was charged a penalty after missing a payment with Affirm.,False,True,False,False,False,False,False
Affirm,Misleading advertisement from Affirm did not disclose late fee.,False,True,True,False,False,False,False
Affirm,Customer service at Affirm would not resolve my billing dispute.,False,False,False,False,False,True,True
Affirm,Customer service at Affirm would not resolve my billing dispute. My credit score was affected.,False,False,False,True,False,True,True
Affirm,I was charged a interest after missing a payment with Affirm.,False,False,False,False,False,False,False
Affirm,Misleading advertisement from Affirm did not disclose penalty.,False,True,True,False,False,False,False
Affirm,Unauthorized charge on my account related to Affirm.,False,False,False,False,True,False,False
Affirm,Customer service at Affirm would not resolve my billing dispute.,False,False,False,False,False,True,True
Affirm,I was charged a hidden fee after missing a payment with Affirm. My credit score was affected.,True,False,False,True,False,False,False
Affirm,Unauthorized charge on my account related to Affirm.,False,False,False,False,True,False,False
Affirm,Misleading advertisement from Affirm did not disclose interest.,False,False,True,False,False,False,False
Affirm,Customer service at Affirm would not resolve my billing dispute.,False,False,False,False,False,True,True
Affirm,Unauthorized charge on my account related to Affirm.,False,False,False,False,True,False,False
Affirm,Misleading advertisement from Affirm did not disclose penalty.,False,True,True,False,False,False,False
Affirm,Misleading advertisement from Affirm did not disclose late fee.,False,True,True,False,False,False,False
Affirm,Unauthorized charge on my account related to Affirm. My credit score was affected.,False,False,False,True,True,False,False
Affirm,I was charged a hidden fee after missing a payment with Affirm. My credit score was affected.,True,False,False,True,False,False,False
Affirm,Customer service at Affirm would not resolve my billing dispute.,False,False,False,False,False,True,True
Affirm,I was charged a penalty after missing a payment with Affirm.,False,True,False,False,False,False,False
Affirm,Misleading advertisement from Affirm did not disclose late fee.,False,True,True,False,False,False,False
Affirm,Customer service at Affirm would not resolve my billing dispute. My credit score was affected.,False,False,False,True,False,True,True
Affirm,I was charged a hidden fee after missing a payment with Affirm.,True,False,False,False,False,False,False
Affirm,I was charged a hidden fee after missing a payment with Affirm.,True,False,False,False,False,False,False
Affirm,I was charged a late fee after missing a payment with Affirm. My credit score was affected.,False,True,False,True,False,False,False
Affirm,I was charged a hidden fee after missing a payment with Affirm.,True,False,False,False,False,False,False
Affirm,I was charged a interest after missing a payment with Affirm. My credit score was affected.,False,False,False,True,False,False,False
Affirm,Customer service at Affirm would not resolve my billing dispute.,False,False,False,False,False,True,True
Affirm,Misleading advertisement from Affirm did not disclose hidden fee. My credit score was affected.,True,False,True,True,False,False,False
Affirm,Misleading advertisement from Affirm did not disclose interest. My credit score was affected.,False,False,True,True,False,False,False
Affirm,Unauthorized charge on my account related to Affirm. My credit score was affected.,False,False,False,True,True,False,False
Affirm,Customer service at Affirm would not resolve my billing dispute.,False,False,False,False,False,True,True
Affirm,I was charged a interest after missing a payment with Affirm. My credit score was affected.,False,False,False,True,False,False,False
Affirm,I was charged a late fee after missing a payment with Affirm.,False,True,False,False,False,False,False
Affirm,I was charged a hidden fee after missing a payment with Affirm.,True,False,False,False,False,False,False
Affirm,Customer service at Affirm would not resolve my billing dispute.,False,False,False,False,False,True,True
Affirm,Unauthorized charge on my account related to Affirm.,False,False,False,False,True,False,False
Affirm,I was charged a hidden fee after missing a payment with Affirm.,True,False,False,False,False,False,False
Affirm,Misleading advertisement from Affirm did not disclose late fee.,False,True,True,False,False,False,False
Affirm,Unauthorized charge on my account related to Affirm.,False,False,False,False,True,False,False
Affirm,I was charged a penalty after missing a payment with Affirm.,False,True,False,False,False,False,False
Affirm,Misleading advertisement from Affirm did not disclose hidden fee.,True,False,True,False,False,False,False
Affirm,Customer service at Affirm would not resolve my billing dispute.,False,False,False,False,False,True,True
Affirm,Misleading advertisement from Affirm did not disclose penalty.,False,True,True,False,False,False,False
Affirm,I was charged a hidden fee after missing a payment with Affirm.,True,False,False,False,False,False,False
Affirm,I was charged a late fee after missing a payment with Affirm. My credit score was affected.,False,True,False,True,False,False,False
Affirm,Customer service at Affirm would not resolve my billing dispute.,False,False,False,False,False,True,True
Affirm,Misleading advertisement from Affirm did not disclose interest.,False,False,True,False,False,False,False
Affirm,Misleading advertisement from Affirm did not disclose hidden fee.,True,False,True,False,False,False,False
Affirm,Customer service at Affirm would not resolve my billing dispute.,False,False,False,False,False,True,True
Affirm,Misleading advertisement from Affirm did not disclose interest.,False,False,True,False,False,False,False
Affirm,Misleading advertisement from Affirm did not disclose hidden fee.,True,False,True,False,False,False,False
Affirm,Misleading advertisement from Affirm did not disclose hidden fee.,True,False,True,False,False,False,False
Affirm,Unauthorized charge on my account related to Affirm.,False,False,False,False,True,False,False
Affirm,Misleading advertisement from Affirm did not disclose penalty.,False,True,True,False,False,False,False
Affirm,I was charged a interest after missing a payment with Affirm. My credit score was affected.,False,False,False,True,False,False,False
Affirm,Unauthorized charge on my account related to Affirm.,False,False,False,False,True,False,False
Affirm,I was charged a penalty after missing a payment with Affirm.,False,True,False,False,False,False,False
Affirm,Customer service at Affirm would not resolve my billing dispute. My credit score was affected.,False,False,False,True,False,True,True
Affirm,Customer service at Affirm would not resolve my billing dispute.,False,False,False,False,False,True,True
Affirm,Unauthorized charge on my account related to Affirm.,False,False,False,False,True,False,False
Affirm,I was charged a penalty after missing a payment with Affirm.,False,True,False,False,False,False,False
Affirm,Misleading advertisement from Affirm did not disclose penalty.,False,True,True,False,False,False,False
Affirm,Unauthorized charge on my account related to Affirm. My credit score was affected.,False,False,False,True,True,False,False
Affirm,I was charged a interest after missing a payment with Affirm.,False,False,False,False,False,False,False
Affirm,Unauthorized charge on my account related to Affirm. My credit score was affected.,False,False,False,True,True,False,False
Affirm,Unauthorized charge on my account related to Affirm.,False,False,False,False,True,False,False
Affirm,Misleading advertisement from Affirm did not disclose late fee.,False,True,True,False,False,False,False
Affirm,I was charged a hidden fee after missing a payment with Affirm.,True,False,False,False,False,False,False
Affirm,Misleading advertisement from Affirm did not disclose penalty.,False,True,True,False,False,False,False
Affirm,Misleading advertisement from Affirm did not disclose penalty.,False,True,True,False,False,False,False
Affirm,Misleading advertisement from Affirm did not disclose late fee. My credit score was affected.,False,True,True,True,False,False,False
Affirm,Customer service at Affirm would not resolve my billing dispute.,False,False,False,False,False,True,True
Affirm,Unauthorized charge on my account related to Affirm.,False,False,False,False,True,False,False
Affirm,Customer service at Affirm would not resolve my billing dispute.,False,False,False,False,False,True,True
Affirm,I was charged a penalty after missing a payment with Affirm.,False,True,False,False,False,False,False
Affirm,Customer service at Affirm would not resolve my billing dispute.,False,False,False,False,False,True,True
Affirm,I was charged a late fee after missing a payment with Affirm.,False,True,False,False,False,False,False
Affirm,Misleading advertisement from Affirm did not disclose interest.,False,False,True,False,False,False,False
Affirm,Customer service at Affirm would not resolve my billing dispute.,False,False,False,False,False,True,True
Affirm,Misleading advertisement from Affirm did not disclose penalty.,False,True,True,False,False,False,False
Affirm,Misleading advertisement from Affirm did not disclose late fee. My credit score was affected.,False,True,True,True,False,False,False
Affirm,Customer service at Affirm would not resolve my billing dispute.,False,False,False,False,False,True,True
Affirm,Misleading advertisement from Affirm did not disclose late fee.,False,True,True,False,False,False,False
Affirm,Customer service at Affirm would not resolve my billing dispute. My credit score was affected.,False,False,False,True,False,True,True
Affirm,Unauthorized charge on my account related to Affirm.,False,False,False,False,True,False,False
Affirm,Unauthorized charge on my account related to Affirm. My credit score was affected.,False,False,False,True,True,False,False
Affirm,Unauthorized charge on my account related to Affirm.,False,False,False,False,True,False,False
Affirm,Unauthorized charge on my account related to Affirm. My credit score was affected.,False,False,False,True,True,False,False
Affirm,Misleading advertisement from Affirm did not disclose interest.,False,False,True,False,False,False,False
Affirm,I was charged a penalty after missing a payment with Affirm. My credit score was affected.,False,True,False,True,False,False,False
Affirm,I was charged a interest after missing a payment with Affirm.,False,False,False,False,False,False,False
Affirm,I was charged a late fee after missing a payment with Affirm.,False,True,False,False,False,False,False
Affirm,Misleading advertisement from Affirm did not disclose late fee.,False,True,True,False,False,False,False
Affirm,Customer service at Affirm would not resolve my billing dispute. My credit score was affected.,False,False,False,True,False,True,True
Affirm,Unauthorized charge on my account related to Affirm.,False,False,False,False,True,False,False
Affirm,Unauthorized charge on my account related to Affirm.,False,False,False,False,True,False,False
Affirm,Misleading advertisement from Affirm did not disclose late fee. My credit score was affected.,False,True,True,True,False,False,False
Affirm,Unauthorized charge on my account related to Affirm.,False,False,False,False,True,False,False
Affirm,Customer service at Affirm would not resolve my billing dispute. My credit score was affected.,False,False,False,True,False,True,True
Affirm,Unauthorized charge on my account related to Affirm.,False,False,False,False,True,False,False
Affirm,Customer service at Affirm would not resolve my billing dispute. My credit score was affected.,False,False,False,True,False,True,True
Affirm,Customer service at Affirm would not resolve my billing dispute.,False,False,False,False,False,True,True
Affirm,I was charged a penalty after missing a payment with Affirm. My credit score was affected.,False,True,False,True,False,False,False
Affirm,Customer service at Affirm would not resolve my billing dispute. My credit score was affected.,False,False,False,True,False,True,True
Affirm,Unauthorized charge on my account related to Affirm.,False,False,False,False,True,False,False
Affirm,Unauthorized charge on my account related to Affirm.,False,False,False,False,True,False,False
Affirm,Misleading advertisement from Affirm did not disclose penalty. My credit score was affected.,False,True,True,True,False,False,False
Affirm,Customer service at Affirm would not resolve my billing dispute.,False,False,False,False,False,True,True
Affirm,I was charged a penalty after missing a payment with Affirm. My credit score was affected.,False,True,False,True,False,False,False
Affirm,Customer service at Affirm would not resolve my billing dispute. My credit score was affected.,False,False,False,True,False,True,True
Affirm,Customer service at Affirm would not resolve my billing dispute.,False,False,False,False,False,True,True
Affirm,Customer service at Affirm would not resolve my billing dispute.,False,False,False,False,False,True,True
Affirm,Customer service at Affirm would not resolve my billing dispute.,False,False,False,False,False,True,True
Affirm,I was charged a interest after missing a payment with Affirm.,False,False,False,False,False,False,False
Affirm,Unauthorized charge on my account related to Affirm.,False,False,False,False,True,False,False
Affirm,Customer service at Affirm would not resolve my billing dispute.,False,False,False,False,False,True,True
Affirm,Unauthorized charge on my account related to Affirm.,False,False,False,False,True,False,False
Affirm,Misleading advertisement from Affirm did not disclose hidden fee.,True,False,True,False,False,False,False
Affirm,Misleading advertisement from Affirm did not disclose hidden fee.,True,False,True,False,False,False,False
Affirm,I was charged a late fee after missing a payment with Affirm. My credit score was affected.,False,True,False,True,False,False,False
Affirm,Customer service at Affirm would not resolve my billing dispute.,False,False,False,False,False,True,True
Affirm,Customer service at Affirm would not resolve my billing dispute.,False,False,False,False,False,True,True
Affirm,I was charged a late fee after missing a payment with Affirm. My credit score was affected.,False,True,False,True,False,False,False
Affirm,I was charged a penalty after missing a payment with Affirm.,False,True,False,False,False,False,False
Affirm,I was charged a penalty after missing a payment with Affirm.,False,True,False,False,False,False,False
Affirm,Customer service at Affirm would not resolve my billing dispute.,False,False,False,False,False,True,True
Affirm,I was charged a late fee after missing a payment with Affirm. My credit score was affected.,False,True,False,True,False,False,False
Affirm,I was charged a hidden fee after missing a payment with Affirm. My credit score was affected.,True,False,False,True,False,False,False
Affirm,I was charged a late fee after missing a payment with Affirm.,False,True,False,False,False,False,False
Affirm,Customer service at Affirm would not resolve my billing dispute.,False,False,False,False,False,True,True
Affirm,Unauthorized charge on my account related to Affirm. My credit score was affected.,False,False,False,True,True,False,False
Affirm,Customer service at Affirm would not resolve my billing dispute.,False,False,False,False,False,True,True
Affirm,Customer service at Affirm would not resolve my billing dispute.,False,False,False,False,False,True,True
Affirm,Misleading advertisement from Affirm did not disclose late fee. My credit score was affected.,False,True,True,True,False,False,False
Affirm,I was charged a hidden fee after missing a payment with Affirm.,True,False,False,False,False,False,False
Affirm,Customer service at Affirm would not resolve my billing dispute.,False,False,False,False,False,True,True
Affirm,Customer service at Affirm would not resolve my billing dispute.,False,False,False,False,False,True,True
Affirm,I was charged a hidden fee after missing a payment with Affirm.,True,False,False,False,False,False,False
Affirm,Unauthorized charge on my account related to Affirm.,False,False,False,False,True,False,False
Affirm,Misleading advertisement from Affirm did not disclose late fee. My credit score was affected.,False,True,True,True,False,False,False
Affirm,Unauthorized charge on my account related to Affirm. My credit score was affected.,False,False,False,True,True,False,False
Affirm,Customer service at Affirm would not resolve my billing dispute. My credit score was affected.,False,False,False,True,False,True,True
Affirm,I was charged a penalty after missing a payment with Affirm.,False,True,False,False,False,False,False
Affirm,Unauthorized charge on my account related to Affirm.,False,False,False,False,True,False,False
Affirm,Misleading advertisement from Affirm did not disclose penalty.,False,True,True,False,False,False,False
Affirm,Misleading advertisement from Affirm did not disclose late fee.,False,True,True,False,False,False,False
Affirm,Misleading advertisement from Affirm did not disclose penalty. My credit score was affected.,False,True,True,True,False,False,False
Affirm,Unauthorized charge on my account related to Affirm. My credit score was affected.,False,False,False,True,True,False,False
Affirm,Unauthorized charge on my account related to Affirm. My credit score was affected.,False,False,False,True,True,False,False
Affirm,Customer service at Affirm would not resolve my billing dispute.,False,False,False,False,False,True,True
Affirm,Customer service at Affirm would not resolve my billing dispute.,False,False,False,False,False,True,True
Affirm,I was charged a interest after missing a payment with Affirm.,False,False,False,False,False,False,False
Affirm,Unauthorized charge on my account related to Affirm.,False,False,False,False,True,False,False
Affirm,Misleading advertisement from Affirm did not disclose penalty.,False,True,True,False,False,False,False
Affirm,Customer service at Affirm would not resolve my billing dispute.,False,False,False,False,False,True,True
Affirm,Misleading advertisement from Affirm did not disclose hidden fee.,True,False,True,False,False,False,False
Affirm,Unauthorized charge on my account related to Affirm.,False,False,False,False,True,False,False
Affirm,Misleading advertisement from Affirm did not disclose interest.,False,False,True,False,False,False,False
Affirm,Customer service at Affirm would not resolve my billing dispute.,False,False,False,False,False,True,True
Affirm,Unauthorized charge on my account related to Affirm.,False,False,False,False,True,False,False
Affirm,I was charged a interest after missing a payment with Affirm.,False,False,False,False,False,False,False
Affirm,I was charged a hidden fee after missing a payment with Affirm. My credit score was affected.,True,False,False,True,False,False,False
Affirm,Unauthorized charge on my account related to Affirm.,False,False,False,False,True,False,False
Affirm,Customer service at Affirm would not resolve my billing dispute. My credit score was affected.,False,False,False,True,False,True,True
Affirm,I was charged a interest after missing a payment with Affirm.,False,False,False,False,False,False,False
Affirm,I was charged a penalty after missing a payment with Affirm. My credit score was affected.,False,True,False,True,False,False,False
Affirm,Misleading advertisement from Affirm did not disclose hidden fee.,True,False,True,False,False,False,False
Affirm,Customer service at Affirm would not resolve my billing dispute.,False,False,False,False,False,True,True
Affirm,Unauthorized charge on my account related to Affirm. My credit score was affected.,False,False,False,True,True,False,False
Affirm,Misleading advertisement from Affirm did not disclose penalty.,False,True,True,False,False,False,False
Affirm,I was charged a penalty after missing a payment with Affirm. My credit score was affected.,False,True,False,True,False,False,False
Affirm,Misleading advertisement from Affirm did not disclose late fee. My credit score was affected.,False,True,True,True,False,False,False
Affirm,Unauthorized charge on my account related to Affirm.,False,False,False,False,True,False,False
Affirm,I was charged a late fee after missing a payment with Affirm.,False,True,False,False,False,False,False
Affirm,Customer service at Affirm would not resolve my billing dispute.,False,False,False,False,False,True,True
Affirm,Customer service at Affirm would not resolve my billing dispute.,False,False,False,False,False,True,True
Affirm,Customer service at Affirm would not resolve my billing dispute. My credit score was affected.,False,False,False,True,False,True,True
Affirm,Misleading advertisement from Affirm did not disclose hidden fee. My credit score was affected.,True,False,True,True,False,False,False
Affirm,Misleading advertisement from Affirm did not disclose late fee.,False,True,True,False,False,False,False
Affirm,I was charged a interest after missing a payment with Affirm.,False,False,False,False,False,False,False
Affirm,Misleading advertisement from Affirm did not disclose late fee. My credit score was affected.,False,True,True,True,False,False,False
Affirm,I was charged a hidden fee after missing a payment with Affirm.,True,False,False,False,False,False,False
Affirm,Misleading advertisement from Affirm did not disclose interest.,False,False,True,False,False,False,False
Affirm,I was charged a penalty after missing a payment with Affirm.,False,True,False,False,False,False,False
Affirm,Customer service at Affirm would not resolve my billing dispute.,False,False,False,False,False,True,True
Affirm,Unauthorized charge on my account related to Affirm.,False,False,False,False,True,False,False
Affirm,Customer service at Affirm would not resolve my billing dispute.,False,False,False,False,False,True,True
Affirm,Customer service at Affirm would not resolve my billing dispute.,False,False,False,False,False,True,True
Affirm,Customer service at Affirm would not resolve my billing dispute.,False,False,False,False,False,True,True
Affirm,I was charged a penalty after missing a payment with Affirm. My credit score was affected.,False,True,False,True,False,False,False
Affirm,Misleading advertisement from Affirm did not disclose interest.,False,False,True,False,False,False,False
Affirm,Misleading advertisement from Affirm did not disclose hidden fee.,True,False,True,False,False,False,False
Affirm,Unauthorized charge on my account related to Affirm.,False,False,False,False,True,False,False
Affirm,I was charged a penalty after missing a payment with Affirm. My credit score was affected.,False,True,False,True,False,False,False
Affirm,Customer service at Affirm would not resolve my billing dispute.,False,False,False,False,False,True,True
Affirm,Customer service at Affirm would not resolve my billing dispute.,False,False,False,False,False,True,True
Affirm,Customer service at Affirm would not resolve my billing dispute.,False,False,False,False,False,True,True
Affirm,Misleading advertisement from Affirm did not disclose late fee. My credit score was affected.,False,True,True,True,False,False,False
Affirm,Unauthorized charge on my account related to Affirm.,False,False,False,False,True,False,False
Affirm,Misleading advertisement from Affirm did not disclose hidden fee.,True,False,True,False,False,False,False
Affirm,Misleading advertisement from Affirm did not disclose interest. My credit score was affected.,False,False,True,True,False,False,False
Affirm,I was charged a late fee after missing a payment with Affirm. My credit score was affected.,False,True,False,True,False,False,False
Affirm,Customer service at Affirm would not resolve my billing dispute.,False,False,False,False,False,True,True
Affirm,Customer service at Affirm would not resolve my billing dispute.,False,False,False,False,False,True,True
Affirm,I was charged a interest after missing a payment with Affirm. My credit score was affected.,False,False,False,True,False,False,False
Affirm,Customer service at Affirm would not resolve my billing dispute. My credit score was affected.,False,False,False,True,False,True,True
Afterpay,Customer service at Afterpay would not resolve my billing dispute. My credit score was affected.,False,False,False,True,False,True,True
Afterpay,Unauthorized charge on my account related to Afterpay.,False,False,False,False,True,False,False
Afterpay,I was charged a hidden fee after missing a payment with Afterpay. My credit score was affected.,True,False,False,True,False,False,False
Afterpay,Customer service at Afterpay would not resolve my billing dispute. My credit score was affected.,False,False,False,True,False,True,True
Afterpay,Misleading advertisement from Afterpay did not disclose late fee.,False,True,True,False,False,False,False
Afterpay,Misleading advertisement from Afterpay did not disclose interest.,False,False,True,False,False,False,False
Afterpay,Customer service at Afterpay would not resolve my billing dispute.,False,False,False,False,False,True,True
Afterpay,Customer service at Afterpay would not resolve my billing dispute. My credit score was affected.,False,False,False,True,False,True,True
Afterpay,I was charged a interest after missing a payment with Afterpay.,False,False,False,False,False,False,False
Afterpay,Customer service at Afterpay would not resolve my billing dispute. My credit score was affected.,False,False,False,True,False,True,True
Afterpay,I was charged a late fee after missing a payment with Afterpay.,False,True,False,False,False,False,False
Afterpay,Customer service at Afterpay would not resolve my billing dispute. My credit score was affected.,False,False,False,True,False,True,True
Afterpay,Misleading advertisement from Afterpay did not disclose late fee.,False,True,True,False,False,False,False
Afterpay,Misleading advertisement from Afterpay did not disclose late fee. My credit score was affected.,False,True,True,True,False,False,False
Afterpay,I was charged a late fee after missing a payment with Afterpay.,False,True,False,False,False,False,False
Afterpay,Misleading advertisement from Afterpay did not disclose hidden fee.,True,False,True,False,False,False,False
Afterpay,Unauthorized charge on my account related to Afterpay.,False,False,False,False,True,False,False
Afterpay,Customer service at Afterpay would not resolve my billing dispute.,False,False,False,False,False,True,True
Afterpay,Misleading advertisement from Afterpay did not disclose interest.,False,False,True,False,False,False,False
Afterpay,I was charged a late fee after missing a payment with Afterpay.,False,True,False,False,False,False,False
Afterpay,Customer service at Afterpay would not resolve my billing dispute. My credit score was affected.,False,False,False,True,False,True,True
Afterpay,Misleading advertisement from Afterpay did not disclose hidden fee. My credit score was affected.,True,False,True,True,False,False,False
Afterpay,I was charged a late fee after missing a payment with Afterpay.,False,True,False,False,False,False,False
Afterpay,Misleading advertisement from Afterpay did not disclose late fee.,False,True,True,False,False,False,False
Afterpay,Customer service at Afterpay would not resolve my billing dispute.,False,False,False,False,False,True,True
Afterpay,Misleading advertisement from Afterpay did not disclose interest. My credit score was affected.,False,False,True,True,False,False,False
Afterpay,Misleading advertisement from Afterpay did not disclose late fee. My credit score was affected.,False,True,True,True,False,False,False
Afterpay,Customer service at Afterpay would not resolve my billing dispute.,False,False,False,False,False,True,True
Afterpay,I was charged a penalty after missing a payment with Afterpay.,False,True,False,False,False,False,False
Afterpay,Misleading advertisement from Afterpay did not disclose interest. My credit score was affected.,False,False,True,True,False,False,False
Afterpay,I was charged a late fee after missing a payment with Afterpay.,False,True,False,False,False,False,False
Afterpay,Customer service at Afterpay would not resolve my billing dispute. My credit score was affected.,False,False,False,True,False,True,True
Afterpay,Customer service at Afterpay would not resolve my billing dispute.,False,False,False,False,False,True,True
Afterpay,Customer service at Afterpay would not resolve my billing dispute. My credit score was affected.,False,False,False,True,False,True,True
Afterpay,I was charged a interest after missing a payment with Afterpay.,False,False,False,False,False,False,False
Afterpay,Misleading advertisement from Afterpay did not disclose interest.,False,False,True,False,False,False,False
Afterpay,Customer service at Afterpay would not resolve my billing dispute. My credit score was affected.,False,False,False,True,False,True,True
Afterpay,Customer service at Afterpay would not resolve my billing dispute.,False,False,False,False,False,True,True
Afterpay,Unauthorized charge on my account related to Afterpay.,False,False,False,False,True,False,False
Afterpay,Customer service at Afterpay would not resolve my billing dispute.,False,False,False,False,False,True,True
Afterpay,Unauthorized charge on my account related to Afterpay.,False,False,False,False,True,False,False
Afterpay,Unauthorized charge on my account related to Afterpay. My credit score was affected.,False,False,False,True,True,False,False
Afterpay,I was charged a hidden fee after missing a payment with Afterpay. My credit score was affected.,True,False,False,True,False,False,False
Afterpay,Unauthorized charge on my account related to Afterpay.,False,False,False,False,True,False,False
Afterpay,Unauthorized charge on my account related to Afterpay.,False,False,False,False,True,False,False
Afterpay,Customer service at Afterpay would not resolve my billing dispute.,False,False,False,False,False,True,True
Afterpay,I was charged a penalty after missing a payment with Afterpay.,False,True,False,False,False,False,False
Afterpay,Unauthorized charge on my account related to Afterpay.,False,False,False,False,True,False,False
Afterpay,I was charged a penalty after missing a payment with Afterpay.,False,True,False,False,False,False,False
Afterpay,Customer service at Afterpay would not resolve my billing dispute.,False,False,False,False,False,True,True
Afterpay,Customer service at Afterpay would not resolve my billing dispute.,False,False,False,False,False,True,True
Afterpay,Misleading advertisement from Afterpay did not disclose hidden fee.,True,False,True,False,False,False,False
Afterpay,Misleading advertisement from Afterpay did not disclose interest.,False,False,True,False,False,False,False
Afterpay,I was charged a late fee after missing a payment with Afterpay.,False,True,False,False,False,False,False
Afterpay,Customer service at Afterpay would not resolve my billing dispute. My credit score was affected.,False,False,False,True,False,True,True
Afterpay,Customer service at Afterpay would not resolve my billing dispute.,False,False,False,False,False,True,True
Afterpay,Customer service at Afterpay would not resolve my billing dispute.,False,False,False,False,False,True,True
Afterpay,Misleading advertisement from Afterpay did not disclose penalty.,False,True,True,False,False,False,False
Afterpay,Misleading advertisement from Afterpay did not disclose late fee.,False,True,True,False,False,False,False
Afterpay,Unauthorized charge on my account related to Afterpay.,False,False,False,False,True,False,False
Afterpay,I was charged a penalty after missing a payment with Afterpay. My credit score was affected.,False,True,False,True,False,False,False
Afterpay,Unauthorized charge on my account related to Afterpay.,False,False,False,False,True,False,False
Afterpay,Misleading advertisement from Afterpay did not disclose interest. My credit score was affected.,False,False,True,True,False,False,False
Afterpay,Misleading advertisement from Afterpay did not disclose hidden fee.,True,False,True,False,False,False,False
Afterpay,I was charged a penalty after missing a payment with Afterpay.,False,True,False,False,False,False,False
Afterpay,Customer service at Afterpay would not resolve my billing dispute. My credit score was affected.,False,False,False,True,False,True,True
Afterpay,Unauthorized charge on my account related to Afterpay. My credit score was affected.,False,False,False,True,True,False,False
Afterpay,Customer service at Afterpay would not resolve my billing dispute.,False,False,False,False,False,True,True
Afterpay,Customer service at Afterpay would not resolve my billing dispute. My credit score was affected.,False,False,False,True,False,True,True
Afterpay,Unauthorized charge on my account related to Afterpay.,False,False,False,False,True,False,False
Afterpay,I was charged a penalty after missing a payment with Afterpay. My credit score was affected.,False,True,False,True,False,False,False
Afterpay,I was charged a hidden fee after missing a payment with Afterpay.,True,False,False,False,False,False,False
Afterpay,Unauthorized charge on my account related to Afterpay.,False,False,False,False,True,False,False
Afterpay,Unauthorized charge on my account related to Afterpay.,False,False,False,False,True,False,False
Afterpay,Misleading advertisement from Afterpay did not disclose late fee.,False,True,True,False,False,False,False
Afterpay,Unauthorized charge on my account related to Afterpay. My credit score was affected.,False,False,False,True,True,False,False
Afterpay,Customer service at Afterpay would not resolve my billing dispute.,False,False,False,False,False,True,True
Afterpay,Misleading advertisement from Afterpay did not disclose late fee.,False,True,True,False,False,False,False
Afterpay,I was charged a late fee after missing a payment with Afterpay.,False,True,False,False,False,False,False
Afterpay,Customer service at Afterpay would not resolve my billing dispute.,False,False,False,False,False,True,True
Afterpay,Misleading advertisement from Afterpay did not disclose penalty. My credit score was affected.,False,True,True,True,False,False,False
Afterpay,I was charged a hidden fee after missing a payment with Afterpay. My credit score was affected.,True,False,False,True,False,False,False
Afterpay,I was charged a late fee after missing a payment with Afterpay. My credit score was affected.,False,True,False,True,False,False,False
Afterpay,Customer service at Afterpay would not resolve my billing dispute. My credit score was affected.,False,False,False,True,False,True,True
Afterpay,I was charged a late fee after missing a payment with Afterpay.,False,True,False,False,False,False,False
Afterpay,Unauthorized charge on my account related to Afterpay.,False,False,False,False,True,False,False
Afterpay,Unauthorized charge on my account related to Afterpay.,False,False,False,False,True,False,False
Afterpay,Unauthorized charge on my account related to Afterpay.,False,False,False,False,True,False,False
Afterpay,Unauthorized charge on my account related to Afterpay.,False,False,False,False,True,False,False
Afterpay,Misleading advertisement from Afterpay did not disclose interest.,False,False,True,False,False,False,False
Afterpay,I was charged a late fee after missing a payment with Afterpay.,False,True,False,False,False,False,False
Afterpay,Misleading advertisement from Afterpay did not disclose penalty. My credit score was affected.,False,True,True,True,False,False,False
Afterpay,I was charged a penalty after missing a payment with Afterpay.,False,True,False,False,False,False,False
Afterpay,Misleading advertisement from Afterpay did not disclose interest.,False,False,True,False,False,False,False
Afterpay,Customer service at Afterpay would not resolve my billing dispute. My credit score was affected.,False,False,False,True,False,True,True
Afterpay,Customer service at Afterpay would not resolve my billing dispute.,False,False,False,False,False,True,True
Afterpay,I was charged a penalty after missing a payment with Afterpay.,False,True,False,False,False,False,False
Afterpay,Customer service at Afterpay would not resolve my billing dispute. My credit score was affected.,False,False,False,True,False,True,True
Afterpay,Unauthorized charge on my account related to Afterpay. My credit score was affected.,False,False,False,True,True,False,False
Afterpay,Unauthorized charge on my account related to Afterpay.,False,False,False,False,True,False,False
Afterpay,Unauthorized charge on my account related to Afterpay.,False,False,False,False,True,False,False
Afterpay,I was charged a penalty after missing a payment with Afterpay.,False,True,False,False,False,False,False
Afterpay,Unauthorized charge on my account related to Afterpay.,False,False,False,False,True,False,False
Afterpay,I was charged a interest after missing a payment with Afterpay.,False,False,False,False,False,False,False
Afterpay,Misleading advertisement from Afterpay did not disclose late fee. My credit score was affected.,False,True,True,True,False,False,False
Afterpay,I was charged a penalty after missing a payment with Afterpay.,False,True,False,False,False,False,False
Afterpay,Unauthorized charge on my account related to Afterpay. My credit score was affected.,False,False,False,True,True,False,False
Afterpay,Customer service at Afterpay would not resolve my billing dispute.,False,False,False,False,False,True,True
Afterpay,Customer service at Afterpay would not resolve my billing dispute.,False,False,False,False,False,True,True
Afterpay,Misleading advertisement from Afterpay did not disclose interest.,False,False,True,False,False,False,False
Afterpay,Customer service at Afterpay would not resolve my billing dispute.,False,False,False,False,False,True,True
Afterpay,Unauthorized charge on my account related to Afterpay.,False,False,False,False,True,False,False
Afterpay,Unauthorized charge on my account related to Afterpay. My credit score was affected.,False,False,False,True,True,False,False
Afterpay,Unauthorized charge on my account related to Afterpay.,False,False,False,False,True,False,False
Afterpay,Customer service at Afterpay would not resolve my billing dispute.,False,False,False,False,False,True,True
Afterpay,Misleading advertisement from Afterpay did not disclose interest.,False,False,True,False,False,False,False
Afterpay,Misleading advertisement from Afterpay did not disclose interest. My credit score was affected.,False,False,True,True,False,False,False
Afterpay,I was charged a hidden fee after missing a payment with Afterpay. My credit score was affected.,True,False,False,True,False,False,False
Afterpay,I was charged a interest after missing a payment with Afterpay.,False,False,False,False,False,False,False
Afterpay,Customer service at Afterpay would not resolve my billing dispute.,False,False,False,False,False,True,True
Afterpay,I was charged a interest after missing a payment with Afterpay.,False,False,False,False,False,False,False
Afterpay,I was charged a penalty after missing a payment with Afterpay.,False,True,False,False,False,False,False
Afterpay,I was charged a penalty after missing a payment with Afterpay.,False,True,False,False,False,False,False
Afterpay,Misleading advertisement from Afterpay did not disclose late fee.,False,True,True,False,False,False,False
Afterpay,Misleading advertisement from Afterpay did not disclose hidden fee.,True,False,True,False,False,False,False
Afterpay,I was charged a late fee after missing a payment with Afterpay.,False,True,False,False,False,False,False
Afterpay,Unauthorized charge on my account related to Afterpay.,False,False,False,False,True,False,False
Afterpay,Customer service at Afterpay would not resolve my billing dispute.,False,False,False,False,False,True,True
Afterpay,I was charged a penalty after missing a payment with Afterpay. My credit score was affected.,False,True,False,True,False,False,False
Afterpay,Misleading advertisement from Afterpay did not disclose hidden fee. My credit score was affected.,True,False,True,True,False,False,False
Afterpay,Unauthorized charge on my account related to Afterpay.,False,False,False,False,True,False,False
Afterpay,Customer service at Afterpay would not resolve my billing dispute.,False,False,False,False,False,True,True
Afterpay,Unauthorized charge on my account related to Afterpay.,False,False,False,False,True,False,False
Afterpay,Customer service at Afterpay would not resolve my billing dispute. My credit score was affected.,False,False,False,True,False,True,True
Afterpay,Unauthorized charge on my account related to Afterpay.,False,False,False,False,True,False,False
Afterpay,Misleading advertisement from Afterpay did not disclose late fee.,False,True,True,False,False,False,False
Afterpay,Customer service at Afterpay would not resolve my billing dispute.,False,False,False,False,False,True,True
Afterpay,Customer service at Afterpay would not resolve my billing dispute.,False,False,False,False,False,True,True
Afterpay,Misleading advertisement from Afterpay did not disclose penalty.,False,True,True,False,False,False,False
Afterpay,Unauthorized charge on my account related to Afterpay.,False,False,False,False,True,False,False
Afterpay,Unauthorized charge on my account related to Afterpay.,False,False,False,False,True,False,False
Afterpay,Misleading advertisement from Afterpay did not disclose hidden fee.,True,False,True,False,False,False,False
Afterpay,Misleading advertisement from Afterpay did not disclose penalty.,False,True,True,False,False,False,False
Afterpay,I was charged a interest after missing a payment with Afterpay. My credit score was affected.,False,False,False,True,False,False,False
Afterpay,Customer service at Afterpay would not resolve my billing dispute.,False,False,False,False,False,True,True
Afterpay,I was charged a late fee after missing a payment with Afterpay.,False,True,False,False,False,False,False
Afterpay,Unauthorized charge on my account related to Afterpay. My credit score was affected.,False,False,False,True,True,False,False
Afterpay,Misleading advertisement from Afterpay did not disclose penalty. My credit score was affected.,False,True,True,True,False,False,False
Afterpay,Unauthorized charge on my account related to Afterpay. My credit score was affected.,False,False,False,True,True,False,False
Afterpay,I was charged a interest after missing a payment with Afterpay. My credit score was affected.,False,False,False,True,False,False,False
Afterpay,Unauthorized charge on my account related to Afterpay. My credit score was affected.,False,False,False,True,True,False,False
Afterpay,Customer service at Afterpay would not resolve my billing dispute. My credit score was affected.,False,False,False,True,False,True,True
Afterpay,Unauthorized charge on my account related to Afterpay.,False,False,False,False,True,False,False
Afterpay,Misleading advertisement from Afterpay did not disclose interest. My credit score was affected.,False,False,True,True,False,False,False
Afterpay,Customer service at Afterpay would not resolve my billing dispute.,False,False,False,False,False,True,True
Afterpay,I was charged a late fee after missing a payment with Afterpay. My credit score was affected.,False,True,False,True,False,False,False
Afterpay,Customer service at Afterpay would not resolve my billing dispute.,False,False,False,False,False,True,True
Afterpay,I was charged a interest after missing a payment with Afterpay. My credit score was affected.,False,False,False,True,False,False,False
Afterpay,Unauthorized charge on my account related to Afterpay.,False,False,False,False,True,False,False
Afterpay,Unauthorized charge on my account related to Afterpay.,False,False,False,False,True,False,False
Afterpay,Misleading advertisement from Afterpay did not disclose penalty.,False,True,True,False,False,False,False
Afterpay,Misleading advertisement from Afterpay did not disclose penalty.,False,True,True,False,False,False,False
Afterpay,I was charged a interest after missing a payment with Afterpay. My credit score was affected.,False,False,False,True,False,False,False
Afterpay,Misleading advertisement from Afterpay did not disclose late fee.,False,True,True,False,False,False,False
Afterpay,I was charged a hidden fee after missing a payment with Afterpay.,True,False,False,False,False,False,False
Afterpay,Unauthorized charge on my account related to Afterpay.,False,False,False,False,True,False,False
Afterpay,Customer service at Afterpay would not resolve my billing dispute.,False,False,False,False,False,True,True
Afterpay,Unauthorized charge on my account related to Afterpay. My credit score was affected.,False,False,False,True,True,False,False
Afterpay,Misleading advertisement from Afterpay did not disclose penalty.,False,True,True,False,False,False,False
Afterpay,I was charged a interest after missing a payment with Afterpay. My credit score was affected.,False,False,False,True,False,False,False
Afterpay,I was charged a penalty after missing a payment with Afterpay.,False,True,False,False,False,False,False
Afterpay,Misleading advertisement from Afterpay did not disclose late fee. My credit score was affected.,False,True,True,True,False,False,False
Afterpay,Customer service at Afterpay would not resolve my billing dispute.,False,False,False,False,False,True,True
Afterpay,I was charged a hidden fee after missing a payment with Afterpay.,True,False,False,False,False,False,False
Afterpay,I was charged a interest after missing a payment with Afterpay.,False,False,False,False,False,False,False
Afterpay,Customer service at Afterpay would not resolve my billing dispute. My credit score was affected.,False,False,False,True,False,True,True
Afterpay,Customer service at Afterpay would not resolve my billing dispute.,False,False,False,False,False,True,True
Afterpay,Customer service at Afterpay would not resolve my billing dispute.,False,False,False,False,False,True,True
Afterpay,Unauthorized charge on my account related to Afterpay. My credit score was affected.,False,False,False,True,True,False,False
Afterpay,Customer service at Afterpay would not resolve my billing dispute.,False,False,False,False,False,True,True
Afterpay,Unauthorized charge on my account related to Afterpay.,False,False,False,False,True,False,False
Afterpay,Unauthorized charge on my account related to Afterpay. My credit score was affected.,False,False,False,True,True,False,False
Afterpay,Unauthorized charge on my account related to Afterpay. My credit score was affected.,False,False,False,True,True,False,False
Afterpay,Unauthorized charge on my account related to Afterpay.,False,False,False,False,True,False,False
Afterpay,Misleading advertisement from Afterpay did not disclose interest.,False,False,True,False,False,False,False
Afterpay,Misleading advertisement from Afterpay did not disclose interest.,False,False,True,False,False,False,False
Afterpay,Unauthorized charge on my account related to Afterpay.,False,False,False,False,True,False,False
Afterpay,I was charged a penalty after missing a payment with Afterpay. My credit score was affected.,False,True,False,True,False,False,False
Afterpay,Misleading advertisement from Afterpay did not disclose interest.,False,False,True,False,False,False,False
Afterpay,Unauthorized charge on my account related to Afterpay. My credit score was affected.,False,False,False,True,True,False,False
Afterpay,Customer service at Afterpay would not resolve my billing dispute.,False,False,False,False,False,True,True
Afterpay,Customer service at Afterpay would not resolve my billing dispute. My credit score was affected.,False,False,False,True,False,True,True
Afterpay,Unauthorized charge on my account related to Afterpay.,False,False,False,False,True,False,False
Afterpay,Misleading advertisement from Afterpay did not disclose late fee.,False,True,True,False,False,False,False
Afterpay,Customer service at Afterpay would not resolve my billing dispute. My credit score was affected.,False,False,False,True,False,True,True
Afterpay,I was charged a hidden fee after missing a payment with Afterpay.,True,False,False,False,False,False,False
Afterpay,Misleading advertisement from Afterpay did not disclose penalty. My credit score was affected.,False,True,True,True,False,False,False
Afterpay,Misleading advertisement from Afterpay did not disclose hidden fee.,True,False,True,False,False,False,False
Afterpay,Misleading advertisement from Afterpay did not disclose late fee.,False,True,True,False,False,False,False
Afterpay,Customer service at Afterpay would not resolve my billing dispute.,False,False,False,False,False,True,True
Afterpay,Customer service at Afterpay would not resolve my billing dispute.,False,False,False,False,False,True,True
Afterpay,Customer service at Afterpay would not resolve my billing dispute.,False,False,False,False,False,True,True
Afterpay,I was charged a late fee after missing a payment with Afterpay.,False,True,False,False,False,False,False
Afterpay,Misleading advertisement from Afterpay did not disclose interest. My credit score was affected.,False,False,True,True,False,False,False
Afterpay,I was charged a hidden fee after missing a payment with Afterpay.,True,False,False,False,False,False,False
Afterpay,I was charged a late fee after missing a payment with Afterpay. My credit score was affected.,False,True,False,True,False,False,False
Afterpay,I was charged a hidden fee after missing a payment with Afterpay.,True,False,False,False,False,False,False
Afterpay,Misleading advertisement from Afterpay did not disclose interest.,False,False,True,False,False,False,False
Afterpay,Misleading advertisement from Afterpay did not disclose hidden fee. My credit score was affected.,True,False,True,True,False,False,False
Afterpay,Unauthorized charge on my account related to Afterpay.,False,False,False,False,True,False,False
Afterpay,Unauthorized charge on my account related to Afterpay. My credit score was affected.,False,False,False,True,True,False,False
Afterpay,I was charged a hidden fee after missing a payment with Afterpay. My credit score was affected.,True,False,False,True,False,False,False
Afterpay,Misleading advertisement from Afterpay did not disclose hidden fee.,True,False,True,False,False,False,False
Afterpay,Customer service at Afterpay would not resolve my billing dispute.,False,False,False,False,False,True,True
Afterpay,Unauthorized charge on my account related to Afterpay.,False,False,False,False,True,False,False
Afterpay,I was charged a late fee after missing a payment with Afterpay.,False,True,False,False,False,False,False
Afterpay,Misleading advertisement from Afterpay did not disclose penalty.,False,True,True,False,False,False,False
Afterpay,I was charged a interest after missing a payment with Afterpay.,False,False,False,False,False,False,False
Afterpay,Customer service at Afterpay would not resolve my billing dispute. My credit score was affected.,False,False,False,True,False,True,True
Afterpay,Unauthorized charge on my account related to Afterpay.,False,False,False,False,True,False,False
Afterpay,Misleading advertisement from Afterpay did not disclose penalty.,False,True,True,False,False,False,False
Afterpay,Unauthorized charge on my account related to Afterpay.,False,False,False,False,True,False,False
Afterpay,Customer service at Afterpay would not resolve my billing dispute. My credit score was affected.,False,False,False,True,False,True,True
Afterpay,Misleading advertisement from Afterpay did not disclose hidden fee.,True,False,True,False,False,False,False
Afterpay,I was charged a interest after missing a payment with Afterpay.,False,False,False,False,False,False,False
Afterpay,Customer service at Afterpay would not resolve my billing dispute. My credit score was affected.,False,False,False,True,False,True,True
Afterpay,Misleading advertisement from Afterpay did not disclose late fee.,False,True,True,False,False,False,False
Afterpay,Misleading advertisement from Afterpay did not disclose interest.,False,False,True,False,False,False,False
Afterpay,Customer service at Afterpay would not resolve my billing dispute.,False,False,False,False,False,True,True
Afterpay,I was charged a late fee after missing a payment with Afterpay. My credit score was affected.,False,True,False,True,False,False,False
Afterpay,Customer service at Afterpay would not resolve my billing dispute. My credit score was affected.,False,False,False,True,False,True,True
Afterpay,Unauthorized charge on my account related to Afterpay. My credit score was affected.,False,False,False,True,True,False,False
Afterpay,Misleading advertisement from Afterpay did not disclose interest.,False,False,True,False,False,False,False
Afterpay,Unauthorized charge on my account related to Afterpay.,False,False,False,False,True,False,False
Afterpay,Misleading advertisement from Afterpay did not disclose penalty.,False,True,True,False,False,False,False
Afterpay,Customer service at Afterpay would not resolve my billing dispute.,False,False,False,False,False,True,True
Afterpay,Misleading advertisement from Afterpay did not disclose late fee.,False,True,True,False,False,False,False
Afterpay,Misleading advertisement from Afterpay did not disclose penalty.,False,True,True,False,False,False,False
Afterpay,Customer service at Afterpay would not resolve my billing dispute. My credit score was affected.,False,False,False,True,False,True,True
Afterpay,Misleading advertisement from Afterpay did not disclose interest. My credit score was affected.,False,False,True,True,False,False,False
Afterpay,Misleading advertisement from Afterpay did not disclose hidden fee. My credit score was affected.,True,False,True,True,False,False,False
Afterpay,Unauthorized charge on my account related to Afterpay. My credit score was affected.,False,False,False,True,True,False,False
Afterpay,Unauthorized charge on my account related to Afterpay. My credit score was affected.,False,False,False,True,True,False,False
Afterpay,Misleading advertisement from Afterpay did not disclose interest.,False,False,True,False,False,False,False
Afterpay,Unauthorized charge on my account related to Afterpay.,False,False,False,False,True,False,False
Afterpay,Misleading advertisement from Afterpay did not disclose interest.,False,False,True,False,False,False,False
Afterpay,Unauthorized charge on my account related to Afterpay. My credit score was affected.,False,False,False,True,True,False,False
Afterpay,Customer service at Afterpay would not resolve my billing dispute.,False,False,False,False,False,True,True
Afterpay,I was charged a interest after missing a payment with Afterpay.,False,False,False,False,False,False,False
Afterpay,I was charged a interest after missing a payment with Afterpay. My credit score was affected.,False,False,False,True,False,False,False
Afterpay,Unauthorized charge on my account related to Afterpay. My credit score was affected.,False,False,False,True,True,False,False
Afterpay,Customer service at Afterpay would not resolve my billing dispute.,False,False,False,False,False,True,True
Afterpay,Unauthorized charge on my account related to Afterpay.,False,False,False,False,True,False,False
Afterpay,Unauthorized charge on my account related to Afterpay.,False,False,False,False,True,False,False
Afterpay,Misleading advertisement from Afterpay did not disclose hidden fee. My credit score was affected.,True,False,True,True,False,False,False
Afterpay,Unauthorized charge on my account related to Afterpay.,False,False,False,False,True,False,False
Afterpay,I was charged a penalty after missing a payment with Afterpay.,False,True,False,False,False,False,False
Afterpay,I was charged a hidden fee after missing a payment with Afterpay.,True,False,False,False,False,False,False
Afterpay,Misleading advertisement from Afterpay did not disclose interest. My credit score was affected.,False,False,True,True,False,False,False
Afterpay,I was charged a penalty after missing a payment with Afterpay. My credit score was affected.,False,True,False,True,False,False,False
Afterpay,Misleading advertisement from Afterpay did not disclose hidden fee. My credit score was affected.,True,False,True,True,False,False,False
Afterpay,Misleading advertisement from Afterpay did not disclose hidden fee. My credit score was affected.,True,False,True,True,False,False,False
Afterpay,Misleading advertisement from Afterpay did not disclose penalty.,False,True,True,False,False,False,False
Afterpay,Misleading advertisement from Afterpay did not disclose penalty.,False,True,True,False,False,False,False
Afterpay,I was charged a hidden fee after missing a payment with Afterpay. My credit score was affected.,True,False,False,True,False,False,False
Afterpay,I was charged a late fee after missing a payment with Afterpay.,False,True,False,False,False,False,False
Afterpay,Customer service at Afterpay would not resolve my billing dispute.,False,False,False,False,False,True,True
Afterpay,Unauthorized charge on my account related to Afterpay.,False,False,False,False,True,False,False
Afterpay,Misleading advertisement from Afterpay did not disclose penalty.,False,True,True,False,False,False,False
Afterpay,Customer service at Afterpay would not resolve my billing dispute.,False,False,False,False,False,True,True
Afterpay,Customer service at Afterpay would not resolve my billing dispute.,False,False,False,False,False,True,True
Afterpay,Customer service at Afterpay would not resolve my billing dispute.,False,False,False,False,False,True,True
Afterpay,Misleading advertisement from Afterpay did not disclose penalty.,False,True,True,False,False,False,False
Afterpay,I was charged a hidden fee after missing a payment with Afterpay.,True,False,False,False,False,False,False
Afterpay,Customer service at Afterpay would not resolve my billing dispute. My credit score was affected.,False,False,False,True,False,True,True
Afterpay,Unauthorized charge on my account related to Afterpay. My credit score was affected.,False,False,False,True,True,False,False
Afterpay,Customer service at Afterpay would not resolve my billing dispute.,False,False,False,False,False,True,True
Afterpay,Unauthorized charge on my account related to Afterpay.,False,False,False,False,True,False,False
Afterpay,I was charged a hidden fee after missing a payment with Afterpay. My credit score was affected.,True,False,False,True,False,False,False
Afterpay,Misleading advertisement from Afterpay did not disclose penalty. My credit score was affected.,False,True,True,True,False,False,False
Afterpay,Misleading advertisement from Afterpay did not disclose interest. My credit score was affected.,False,False,True,True,False,False,False
Afterpay,Misleading advertisement from Afterpay did not disclose penalty.,False,True,True,False,False,False,False
Afterpay,Customer service at Afterpay would not resolve my billing dispute. My credit score was affected.,False,False,False,True,False,True,True
Afterpay,Customer service at Afterpay would not resolve my billing dispute.,False,False,False,False,False,True,True
Afterpay,Misleading advertisement from Afterpay did not disclose penalty.,False,True,True,False,False,False,False
Afterpay,Misleading advertisement from Afterpay did not disclose late fee. My credit score was affected.,False,True,True,True,False,False,False
Afterpay,Unauthorized charge on my account related to Afterpay. My credit score was affected.,False,False,False,True,True,False,False
Afterpay,Misleading advertisement from Afterpay did not disclose penalty.,False,True,True,False,False,False,False
Afterpay,Misleading advertisement from Afterpay did not disclose interest.,False,False,True,False,False,False,False
Afterpay,Misleading advertisement from Afterpay did not disclose penalty.,False,True,True,False,False,False,False
Afterpay,Customer service at Afterpay would not resolve my billing dispute.,False,False,False,False,False,True,True
Afterpay,Customer service at Afterpay would not resolve my billing dispute. My credit score was affected.,False,False,False,True,False,True,True
Afterpay,Unauthorized charge on my account related to Afterpay. My credit score was affected.,False,False,False,True,True,False,False
Afterpay,Customer service at Afterpay would not resolve my billing dispute.,False,False,False,False,False,True,True
Afterpay,Misleading advertisement from Afterpay did not disclose hidden fee.,True,False,True,False,False,False,False
Afterpay,I was charged a penalty after missing a payment with Afterpay.,False,True,False,False,False,False,False
Afterpay,Unauthorized charge on my account related to Afterpay. My credit score was affected.,False,False,False,True,True,False,False
Afterpay,Unauthorized charge on my account related to Afterpay.,False,False,False,False,True,False,False
Afterpay,I was charged a late fee after missing a payment with Afterpay.,False,True,False,False,False,False,False
Afterpay,Misleading advertisement from Afterpay did not disclose hidden fee.,True,False,True,False,False,False,False
Afterpay,I was charged a hidden fee after missing a payment with Afterpay.,True,False,False,False,False,False,False
Afterpay,Customer service at Afterpay would not resolve my billing dispute. My credit score was affected.,False,False,False,True,False,True,True
Afterpay,Misleading advertisement from Afterpay did not disclose hidden fee.,True,False,True,False,False,False,False
Afterpay,Unauthorized charge on my account related to Afterpay.,False,False,False,False,True,False,False
Afterpay,I was charged a hidden fee after missing a payment with Afterpay. My credit score was affected.,True,False,False,True,False,False,False
Afterpay,Customer service at Afterpay would not resolve my billing dispute.,False,False,False,False,False,True,True
Afterpay,Customer service at Afterpay would not resolve my billing dispute.,False,False,False,False,False,True,True
Afterpay,Customer service at Afterpay would not resolve my billing dispute. My credit score was affected.,False,False,False,True,False,True,True
Afterpay,I was charged a penalty after missing a payment with Afterpay.,False,True,False,False,False,False,False
Afterpay,Customer service at Afterpay would not resolve my billing dispute.,False,False,False,False,False,True,True
Afterpay,Misleading advertisement from Afterpay did not disclose hidden fee.,True,False,True,False,False,False,False
Afterpay,Misleading advertisement from Afterpay did not disclose interest. My credit score was affected.,False,False,True,True,False,False,False
Afterpay,Customer service at Afterpay would not resolve my billing dispute. My credit score was affected.,False,False,False,True,False,True,True
Afterpay,Unauthorized charge on my account related to Afterpay. My credit score was affected.,False,False,False,True,True,False,False
Afterpay,I was charged a interest after missing a payment with Afterpay.,False,False,False,False,False,False,False
Afterpay,Misleading advertisement from Afterpay did not disclose late fee.,False,True,True,False,False,False,False
Afterpay,I was charged a hidden fee after missing a payment with Afterpay.,True,False,False,False,False,False,False
Afterpay,Unauthorized charge on my account related to Afterpay.,False,False,False,False,True,False,False
Afterpay,I was charged a hidden fee after missing a payment with Afterpay.,True,False,False,False,False,False,False
Afterpay,Misleading advertisement from Afterpay did not disclose penalty.,False,True,True,False,False,False,False
Afterpay,Misleading advertisement from Afterpay did not disclose hidden fee. My credit score was affected.,True,False,True,True,False,False,False
Afterpay,Misleading advertisement from Afterpay did not disclose hidden fee. My credit score was affected.,True,False,True,True,False,False,False
Afterpay,Misleading advertisement from Afterpay did not disclose interest. My credit score was affected.,False,False,True,True,False,False,False
Afterpay,Misleading advertisement from Afterpay did not disclose interest.,False,False,True,False,False,False,False
Afterpay,Misleading advertisement from Afterpay did not disclose hidden fee.,True,False,True,False,False,False,False
Afterpay,Unauthorized charge on my account related to Afterpay.,False,False,False,False,True,False,False
Afterpay,Misleading advertisement from Afterpay did not disclose late fee.,False,True,True,False,False,False,False
Afterpay,Customer service at Afterpay would not resolve my billing dispute.,False,False,False,False,False,True,True
Afterpay,Customer service at Afterpay would not resolve my billing dispute.,False,False,False,False,False,True,True
Afterpay,I was charged a hidden fee after missing a payment with Afterpay.,True,False,False,False,False,False,False
Afterpay,Unauthorized charge on my account related to Afterpay.,False,False,False,False,True,False,False
Afterpay,Misleading advertisement from Afterpay did not disclose penalty. My credit score was affected.,False,True,True,True,False,False,False
Afterpay,Unauthorized charge on my account related to Afterpay. My credit score was affected.,False,False,False,True,True,False,False
Afterpay,Customer service at Afterpay would not resolve my billing dispute.,False,False,False,False,False,True,True
Afterpay,Unauthorized charge on my account related to Afterpay.,False,False,False,False,True,False,False
Afterpay,Unauthorized charge on my account related to Afterpay.,False,False,False,False,True,False,False
Afterpay,Customer service at Afterpay would not resolve my billing dispute.,False,False,False,False,False,True,True
Afterpay,Customer service at Afterpay would not resolve my billing dispute. My credit score was affected.,False,False,False,True,False,True,True
Afterpay,Unauthorized charge on my account related to Afterpay. My credit score was affected.,False,False,False,True,True,False,False
Afterpay,Customer service at Afterpay would not resolve my billing dispute.,False,False,False,False,False,True,True
Afterpay,Misleading advertisement from Afterpay did not disclose hidden fee. My credit score was affected.,True,False,True,True,False,False,False
Afterpay,Misleading advertisement from Afterpay did not disclose penalty.,False,True,True,False,False,False,False
Afterpay,I was charged a hidden fee after missing a payment with Afterpay. My credit score was affected.,True,False,False,True,False,False,False
Afterpay,Customer service at Afterpay would not resolve my billing dispute.,False,False,False,False,False,True,True
Afterpay,I was charged a late fee after missing a payment with Afterpay. My credit score was affected.,False,True,False,True,False,False,False
Afterpay,Customer service at Afterpay would not resolve my billing dispute.,False,False,False,False,False,True,True
Afterpay,Unauthorized charge on my account related to Afterpay.,False,False,False,False,True,False,False
Afterpay,Misleading advertisement from Afterpay did not disclose interest. My credit score was affected.,False,False,True,True,False,False,False
Afterpay,Unauthorized charge on my account related to Afterpay. My credit score was affected.,False,False,False,True,True,False,False
Afterpay,I was charged a penalty after missing a payment with Afterpay.,False,True,False,False,False,False,False
Afterpay,Customer service at Afterpay would not resolve my billing dispute.,False,False,False,False,False,True,True
Afterpay,Misleading advertisement from Afterpay did not disclose late fee.,False,True,True,False,False,False,False
Afterpay,Misleading advertisement from Afterpay did not disclose penalty.,False,True,True,False,False,False,False
Afterpay,Unauthorized charge on my account related to Afterpay.,False,False,False,False,True,False,False
Afterpay,Unauthorized charge on my account related to Afterpay.,False,False,False,False,True,False,False
Afterpay,Customer service at Afterpay would not resolve my billing dispute. My credit score was affected.,False,False,False,True,False,True,True
Afterpay,Misleading advertisement from Afterpay did not disclose hidden fee. My credit score was affected.,True,False,True,True,False,False,False
Afterpay,Misleading advertisement from Afterpay did not disclose penalty. My credit score was affected.,False,True,True,True,False,False,False
Afterpay,I was charged a hidden fee after missing a payment with Afterpay.,True,False,False,False,False,False,False
Afterpay,Misleading advertisement from Afterpay did not disclose penalty.,False,True,True,False,False,False,False
Afterpay,I was charged a penalty after missing a payment with Afterpay. My credit score was affected.,False,True,False,True,False,False,False
Afterpay,Misleading advertisement from Afterpay did not disclose late fee. My credit score was affected.,False,True,True,True,False,False,False
Afterpay,Misleading advertisement from Afterpay did not disclose hidden fee.,True,False,True,False,False,False,False
Afterpay,I was charged a hidden fee after missing a payment with Afterpay. My credit score was affected.,True,False,False,True,False,False,False
Afterpay,Unauthorized charge on my account related to Afterpay.,False,False,False,False,True,False,False
Afterpay,Unauthorized charge on my account related to Afterpay.,False,False,False,False,True,False,False
Afterpay,Customer service at Afterpay would not resolve my billing dispute. My credit score was affected.,False,False,False,True,False,True,True
Afterpay,Misleading advertisement from Afterpay did not disclose interest.,False,False,True,False,False,False,False
Afterpay,Customer service at Afterpay would not resolve my billing dispute.,False,False,False,False,False,True,True
Afterpay,Unauthorized charge on my account related to Afterpay. My credit score was affected.,False,False,False,True,True,False,False
Afterpay,I was charged a hidden fee after missing a payment with Afterpay. My credit score was affected.,True,False,False,True,False,False,False
Afterpay,Unauthorized charge on my account related to Afterpay. My credit score was affected.,False,False,False,True,True,False,False
Afterpay,Unauthorized charge on my account related to Afterpay. My credit score was affected.,False,False,False,True,True,False,False
Afterpay,Customer service at Afterpay would not resolve my billing dispute.,False,False,False,False,False,True,True
Afterpay,I was charged a late fee after missing a payment with Afterpay. My credit score was affected.,False,True,False,True,False,False,False
Afterpay,I was charged a penalty after missing a payment with Afterpay.,False,True,False,False,False,False,False
Afterpay,I was charged a interest after missing a payment with Afterpay.,False,False,False,False,False,False,False
Afterpay,Misleading advertisement from Afterpay did not disclose penalty.,False,True,True,False,False,False,False
Afterpay,Misleading advertisement from Afterpay did not disclose penalty.,False,True,True,False,False,False,False
Afterpay,Customer service at Afterpay would not resolve my billing dispute. My credit score was affected.,False,False,False,True,False,True,True
Afterpay,Customer service at Afterpay would not resolve my billing dispute. My credit score was affected.,False,False,False,True,False,True,True
Afterpay,Misleading advertisement from Afterpay did not disclose hidden fee.,True,False,True,False,False,False,False
Afterpay,Unauthorized charge on my account related to Afterpay.,False,False,False,False,True,False,False
Afterpay,Misleading advertisement from Afterpay did not disclose penalty.,False,True,True,False,False,False,False
Afterpay,Misleading advertisement from Afterpay did not disclose late fee.,False,True,True,False,False,False,False
Afterpay,Misleading advertisement from Afterpay did not disclose hidden fee.,True,False,True,False,False,False,False
Afterpay,Misleading advertisement from Afterpay did not disclose interest. My credit score was affected.,False,False,True,True,False,False,False
Afterpay,Misleading advertisement from Afterpay did not disclose penalty. My credit score was affected.,False,True,True,True,False,False,False
Afterpay,Customer service at Afterpay would not resolve my billing dispute.,False,False,False,False,False,True,True
Afterpay,I was charged a interest after missing a payment with Afterpay.,False,False,False,False,False,False,False
Afterpay,Customer service at Afterpay would not resolve my billing dispute. My credit score was affected.,False,False,False,True,False,True,True
Afterpay,I was charged a hidden fee after missing a payment with Afterpay. My credit score was affected.,True,False,False,True,False,False,False
Afterpay,I was charged a late fee after missing a payment with Afterpay.,False,True,False,False,False,False,False
Afterpay,Customer service at Afterpay would not resolve my billing dispute. My credit score was affected.,False,False,False,True,False,True,True
Afterpay,Unauthorized charge on my account related to Afterpay. My credit score was affected.,False,False,False,True,True,False,False
Afterpay,Unauthorized charge on my account related to Afterpay.,False,False,False,False,True,False,False
Afterpay,Misleading advertisement from Afterpay did not disclose penalty. My credit score was affected.,False,True,True,True,False,False,False
Afterpay,Unauthorized charge on my account related to Afterpay.,False,False,False,False,True,False,False
Afterpay,Misleading advertisement from Afterpay did not disclose penalty. My credit score was affected.,False,True,True,True,False,False,False
Afterpay,I was charged a interest after missing a payment with Afterpay.,False,False,False,False,False,False,False
Afterpay,Unauthorized charge on my account related to Afterpay.,False,False,False,False,True,False,False
Afterpay,Customer service at Afterpay would not resolve my billing dispute.,False,False,False,False,False,True,True
Afterpay,Customer service at Afterpay would not resolve my billing dispute. My credit score was affected.,False,False,False,True,False,True,True
Afterpay,Unauthorized charge on my account related to Afterpay. My credit score was affected.,False,False,False,True,True,False,False
Afterpay,Misleading advertisement from Afterpay did not disclose penalty.,False,True,True,False,False,False,False
Afterpay,Unauthorized charge on my account related to Afterpay.,False,False,False,False,True,False,False
Afterpay,Misleading advertisement from Afterpay did not disclose hidden fee.,True,False,True,False,False,False,False
Afterpay,Misleading advertisement from Afterpay did not disclose penalty. My credit score was affected.,False,True,True,True,False,False,False
Afterpay,I was charged a hidden fee after missing a payment with Afterpay.,True,False,False,False,False,False,False
Afterpay,I was charged a late fee after missing a payment with Afterpay.,False,True,False,False,False,False,False
Afterpay,I was charged a penalty after missing a payment with Afterpay. My credit score was affected.,False,True,False,True,False,False,False
Afterpay,Customer service at Afterpay would not resolve my billing dispute. My credit score was affected.,False,False,False,True,False,True,True
Afterpay,Customer service at Afterpay would not resolve my billing dispute.,False,False,False,False,False,True,True
Afterpay,I was charged a late fee after missing a payment with Afterpay.,False,True,False,False,False,False,False
Afterpay,Unauthorized charge on my account related to Afterpay.,False,False,False,False,True,False,False
Afterpay,Customer service at Afterpay would not resolve my billing dispute.,False,False,False,False,False,True,True
Afterpay,Unauthorized charge on my account related to Afterpay.,False,False,False,False,True,False,False
Afterpay,Unauthorized charge on my account related to Afterpay.,False,False,False,False,True,False,False
Afterpay,Unauthorized charge on my account related to Afterpay.,False,False,False,False,True,False,False
Afterpay,Misleading advertisement from Afterpay did not disclose hidden fee.,True,False,True,False,False,False,False
Afterpay,Customer service at Afterpay would not resolve my billing dispute. My credit score was affected.,False,False,False,True,False,True,True
Afterpay,I was charged a late fee after missing a payment with Afterpay.,False,True,False,False,False,False,False
Afterpay,Misleading advertisement from Afterpay did not disclose hidden fee.,True,False,True,False,False,False,False
Afterpay,I was charged a late fee after missing a payment with Afterpay.,False,True,False,False,False,False,False
Afterpay,Unauthorized charge on my account related to Afterpay.,False,False,False,False,True,False,False
Afterpay,Unauthorized charge on my account related to Afterpay.,False,False,False,False,True,False,False
Afterpay,Unauthorized charge on my account related to Afterpay.,False,False,False,False,True,False,False
Afterpay,Unauthorized charge on my account related to Afterpay.,False,False,False,False,True,False,False
Afterpay,Unauthorized charge on my account related to Afterpay. My credit score was affected.,False,False,False,True,True,False,False
Afterpay,Misleading advertisement from Afterpay did not disclose late fee.,False,True,True,False,False,False,False
Afterpay,Customer service at Afterpay would not resolve my billing dispute.,False,False,False,False,False,True,True
Afterpay,I was charged a hidden fee after missing a payment with Afterpay.,True,False,False,False,False,False,False
Afterpay,I was charged a late fee after missing a payment with Afterpay.,False,True,False,False,False,False,False
Afterpay,Customer service at Afterpay would not resolve my billing dispute.,False,False,False,False,False,True,True
Afterpay,Unauthorized charge on my account related to Afterpay.,False,False,False,False,True,False,False
Afterpay,Misleading advertisement from Afterpay did not disclose interest.,False,False,True,False,False,False,False
Afterpay,Unauthorized charge on my account related to Afterpay.,False,False,False,False,True,False,False
Afterpay,Misleading advertisement from Afterpay did not disclose hidden fee. My credit score was affected.,True,False,True,True,False,False,False
Afterpay,I was charged a penalty after missing a payment with Afterpay. My credit score was affected.,False,True,False,True,False,False,False
Afterpay,Misleading advertisement from Afterpay did not disclose late fee.,False,True,True,False,False,False,False
Afterpay,Unauthorized charge on my account related to Afterpay. My credit score was affected.,False,False,False,True,True,False,False
Afterpay,I was charged a penalty after missing a payment with Afterpay.,False,True,False,False,False,False,False
Afterpay,Customer service at Afterpay would not resolve my billing dispute.,False,False,False,False,False,True,True
Afterpay,Customer service at Afterpay would not resolve my billing dispute.,False,False,False,False,False,True,True
Afterpay,I was charged a interest after missing a payment with Afterpay.,False,False,False,False,False,False,False
Afterpay,Customer service at Afterpay would not resolve my billing dispute.,False,False,False,False,False,True,True
Afterpay,I was charged a late fee after missing a payment with Afterpay.,False,True,False,False,False,False,False
Afterpay,Customer service at Afterpay would not resolve my billing dispute.,False,False,False,False,False,True,True
Afterpay,Unauthorized charge on my account related to Afterpay. My credit score was affected.,False,False,False,True,True,False,False
Afterpay,Customer service at Afterpay would not resolve my billing dispute.,False,False,False,False,False,True,True
Afterpay,I was charged a late fee after missing a payment with Afterpay.,False,True,False,False,False,False,False
Afterpay,Customer service at Afterpay would not resolve my billing dispute.,False,False,False,False,False,True,True
Afterpay,Misleading advertisement from Afterpay did not disclose interest. My credit score was affected.,False,False,True,True,False,False,False
Afterpay,Customer service at Afterpay would not resolve my billing dispute.,False,False,False,False,False,True,True
Afterpay,Unauthorized charge on my account related to Afterpay.,False,False,False,False,True,False,False
Afterpay,Misleading advertisement from Afterpay did not disclose penalty.,False,True,True,False,False,False,False
Afterpay,I was charged a penalty after missing a payment with Afterpay. My credit score was affected.,False,True,False,True,False,False,False
Afterpay,I was charged a interest after missing a payment with Afterpay.,False,False,False,False,False,False,False
Afterpay,I was charged a hidden fee after missing a payment with Afterpay. My credit score was affected.,True,False,False,True,False,False,False
Afterpay,Unauthorized charge on my account related to Afterpay. My credit score was affected.,False,False,False,True,True,False,False
Afterpay,I was charged a hidden fee after missing a payment with Afterpay.,True,False,False,False,False,False,False
Afterpay,Misleading advertisement from Afterpay did not disclose penalty.,False,True,True,False,False,False,False
Afterpay,Customer service at Afterpay would not resolve my billing dispute. My credit score was affected.,False,False,False,True,False,True,True
Afterpay,Customer service at Afterpay would not resolve my billing dispute.,False,False,False,False,False,True,True
Afterpay,Customer service at Afterpay would not resolve my billing dispute.,False,False,False,False,False,True,True
Afterpay,Unauthorized charge on my account related to Afterpay.,False,False,False,False,True,False,False
Afterpay,Unauthorized charge on my account related to Afterpay. My credit score was affected.,False,False,False,True,True,False,False
Afterpay,Customer service at Afterpay would not resolve my billing dispute.,False,False,False,False,False,True,True
Afterpay,Customer service at Afterpay would not resolve my billing dispute.,False,False,False,False,False,True,True
Afterpay,I was charged a hidden fee after missing a payment with Afterpay.,True,False,False,False,False,False,False
Afterpay,Unauthorized charge on my account related to Afterpay.,False,False,False,False,True,False,False
Afterpay,Misleading advertisement from Afterpay did not disclose interest. My credit score was affected.,False,False,True,True,False,False,False
Afterpay,Unauthorized charge on my account related to Afterpay.,False,False,False,False,True,False,False
Afterpay,Customer service at Afterpay would not resolve my billing dispute. My credit score was affected.,False,False,False,True,False,True,True
Afterpay,Misleading advertisement from Afterpay did not disclose interest. My credit score was affected.,False,False,True,True,False,False,False
Afterpay,Unauthorized charge on my account related to Afterpay.,False,False,False,False,True,False,False
Afterpay,Unauthorized charge on my account related to Afterpay.,False,False,False,False,True,False,False
Afterpay,Misleading advertisement from Afterpay did not disclose hidden fee.,True,False,True,False,False,False,False
Afterpay,I was charged a penalty after missing a payment with Afterpay. My credit score was affected.,False,True,False,True,False,False,False
Afterpay,Misleading advertisement from Afterpay did not disclose hidden fee. My credit score was affected.,True,False,True,True,False,False,False
Afterpay,Unauthorized charge on my account related to Afterpay.,False,False,False,False,True,False,False
Afterpay,Unauthorized charge on my account related to Afterpay.,False,False,False,False,True,False,False
Afterpay,Unauthorized charge on my account related to Afterpay.,False,False,False,False,True,False,False
Afterpay,I was charged a hidden fee after missing a payment with Afterpay. My credit score was affected.,True,False,False,True,False,False,False
Afterpay,Unauthorized charge on my account related to Afterpay.,False,False,False,False,True,False,False
Afterpay,I was charged a hidden fee after missing a payment with Afterpay.,True,False,False,False,False,False,False
Afterpay,Customer service at Afterpay would not resolve my billing dispute.,False,False,False,False,False,True,True
Afterpay,Unauthorized charge on my account related to Afterpay.,False,False,False,False,True,False,False
Afterpay,Unauthorized charge on my account related to Afterpay.,False,False,False,False,True,False,False
Afterpay,I was charged a penalty after missing a payment with Afterpay.,False,True,False,False,False,False,False
Afterpay,I was charged a hidden fee after missing a payment with Afterpay.,True,False,False,False,False,False,False
Afterpay,I was charged a hidden fee after missing a payment with Afterpay. My credit score was affected.,True,False,False,True,False,False,False
Afterpay,I was charged a hidden fee after missing a payment with Afterpay.,True,False,False,False,False,False,False
Afterpay,Misleading advertisement from Afterpay did not disclose penalty. My credit score was affected.,False,True,True,True,False,False,False
Afterpay,Misleading advertisement from Afterpay did not disclose late fee.,False,True,True,False,False,False,False
Afterpay,Customer service at Afterpay would not resolve my billing dispute.,False,False,False,False,False,True,True
Afterpay,Unauthorized charge on my account related to Afterpay. My credit score was affected.,False,False,False,True,True,False,False
Afterpay,Misleading advertisement from Afterpay did not disclose penalty.,False,True,True,False,False,False,False
Afterpay,I was charged a hidden fee after missing a payment with Afterpay.,True,False,False,False,False,False,False
Afterpay,Customer service at Afterpay would not resolve my billing dispute.,False,False,False,False,False,True,True
Afterpay,Misleading advertisement from Afterpay did not disclose hidden fee.,True,False,True,False,False,False,False
Afterpay,Misleading advertisement from Afterpay did not disclose interest.,False,False,True,False,False,False,False
Afterpay,I was charged a hidden fee after missing a payment with Afterpay. My credit score was affected.,True,False,False,True,False,False,False
Afterpay,Unauthorized charge on my account related to Afterpay. My credit score was affected.,False,False,False,True,True,False,False
Afterpay,Unauthorized charge on my account related to Afterpay.,False,False,False,False,True,False,False
Afterpay,Customer service at Afterpay would not resolve my billing dispute.,False,False,False,False,False,True,True
Afterpay,Misleading advertisement from Afterpay did not disclose interest.,False,False,True,False,False,False,False
Afterpay,Misleading advertisement from Afterpay did not disclose late fee.,False,True,True,False,False,False,False
Afterpay,I was charged a hidden fee after missing a payment with Afterpay.,True,False,False,False,False,False,False
Afterpay,Customer service at Afterpay would not resolve my billing dispute.,False,False,False,False,False,True,True
Afterpay,Customer service at Afterpay would not resolve my billing dispute.,False,False,False,False,False,True,True
Afterpay,I was charged a hidden fee after missing a payment with Afterpay.,True,False,False,False,False,False,False
Afterpay,Unauthorized charge on my account related to Afterpay.,False,False,False,False,True,False,False
Afterpay,Unauthorized charge on my account related to Afterpay.,False,False,False,False,True,False,False
Afterpay,Misleading advertisement from Afterpay did not disclose late fee. My credit score was affected.,False,True,True,True,False,False,False
Afterpay,I was charged a penalty after missing a payment with Afterpay.,False,True,False,False,False,False,False
Afterpay,Customer service at Afterpay would not resolve my billing dispute.,False,False,False,False,False,True,True
Afterpay,Unauthorized charge on my account related to Afterpay.,False,False,False,False,True,False,False
Afterpay,Misleading advertisement from Afterpay did not disclose late fee. My credit score was affected.,False,True,True,True,False,False,False
Afterpay,Customer service at Afterpay would not resolve my billing dispute. My credit score was affected.,False,False,False,True,False,True,True
Afterpay,Unauthorized charge on my account related to Afterpay.,False,False,False,False,True,False,False
Afterpay,Unauthorized charge on my account related to Afterpay.,False,False,False,False,True,False,False
Afterpay,Misleading advertisement from Afterpay did not disclose hidden fee.,True,False,True,False,False,False,False
Afterpay,Unauthorized charge on my account related to Afterpay.,False,False,False,False,True,False,False
Afterpay,Unauthorized charge on my account related to Afterpay.,False,False,False,False,True,False,False
Afterpay,Customer service at Afterpay would not resolve my billing dispute.,False,False,False,False,False,True,True
Afterpay,Customer service at Afterpay would not resolve my billing dispute.,False,False,False,False,False,True,True
Afterpay,Misleading advertisement from Afterpay did not disclose late fee.,False,True,True,False,False,False,False
Afterpay,Misleading advertisement from Afterpay did not disclose late fee.,False,True,True,False,False,False,False
Afterpay,I was charged a interest after missing a payment with Afterpay. My credit score was affected.,False,False,False,True,False,False,False
Afterpay,Customer service at Afterpay would not resolve my billing dispute.,False,False,False,False,False,True,True
Afterpay,Misleading advertisement from Afterpay did not disclose penalty. My credit score was affected.,False,True,True,True,False,False,False
Afterpay,Misleading advertisement from Afterpay did not disclose late fee.,False,True,True,False,False,False,False
Afterpay,Customer service at Afterpay would not resolve my billing dispute. My credit score was affected.,False,False,False,True,False,True,True
Afterpay,Unauthorized charge on my account related to Afterpay.,False,False,False,False,True,False,False
Afterpay,Unauthorized charge on my account related to Afterpay.,False,False,False,False,True,False,False
Afterpay,Misleading advertisement from Afterpay did not disclose hidden fee.,True,False,True,False,False,False,False
Afterpay,Unauthorized charge on my account related to Afterpay.,False,False,False,False,True,False,False
Afterpay,Misleading advertisement from Afterpay did not disclose late fee.,False,True,True,False,False,False,False
Afterpay,Unauthorized charge on my account related to Afterpay.,False,False,False,False,True,False,False
Afterpay,Customer service at Afterpay would not resolve my billing dispute.,False,False,False,False,False,True,True
Afterpay,I was charged a hidden fee after missing a payment with Afterpay.,True,False,False,False,False,False,False
Afterpay,Misleading advertisement from Afterpay did not disclose interest.,False,False,True,False,False,False,False
Afterpay,I was charged a hidden fee after missing a payment with Afterpay.,True,False,False,False,False,False,False
Afterpay,Misleading advertisement from Afterpay did not disclose late fee.,False,True,True,False,False,False,False
Afterpay,Customer service at Afterpay would not resolve my billing dispute.,False,False,False,False,False,True,True
Afterpay,Customer service at Afterpay would not resolve my billing dispute.,False,False,False,False,False,True,True
Afterpay,Customer service at Afterpay would not resolve my billing dispute. My credit score was affected.,False,False,False,True,False,True,True
Afterpay,Customer service at Afterpay would not resolve my billing dispute. My credit score was affected.,False,False,False,True,False,True,True
Afterpay,Misleading advertisement from Afterpay did not disclose penalty.,False,True,True,False,False,False,False
Afterpay,Unauthorized charge on my account related to Afterpay.,False,False,False,False,True,False,False
Afterpay,Misleading advertisement from Afterpay did not disclose late fee.,False,True,True,False,False,False,False
Afterpay,Unauthorized charge on my account related to Afterpay.,False,False,False,False,True,False,False
Afterpay,Customer service at Afterpay would not resolve my billing dispute. My credit score was affected.,False,False,False,True,False,True,True
Afterpay,I was charged a hidden fee after missing a payment with Afterpay.,True,False,False,False,False,False,False
Afterpay,Customer service at Afterpay would not resolve my billing dispute. My credit score was affected.,False,False,False,True,False,True,True
Afterpay,I was charged a hidden fee after missing a payment with Afterpay. My credit score was affected.,True,False,False,True,False,False,False
Afterpay,Customer service at Afterpay would not resolve my billing dispute. My credit score was affected.,False,False,False,True,False,True,True
Afterpay,Unauthorized charge on my account related to Afterpay.,False,False,False,False,True,False,False
Afterpay,I was charged a hidden fee after missing a payment with Afterpay.,True,False,False,False,False,False,False
Afterpay,Unauthorized charge on my account related to Afterpay.,False,False,False,False,True,False,False
Afterpay,Misleading advertisement from Afterpay did not disclose hidden fee.,True,False,True,False,False,False,False
Afterpay,I was charged a hidden fee after missing a payment with Afterpay.,True,False,False,False,False,False,False
Afterpay,Customer service at Afterpay would not resolve my billing dispute. My credit score was affected.,False,False,False,True,False,True,True
Afterpay,Misleading advertisement from Afterpay did not disclose late fee.,False,True,True,False,False,False,False
Afterpay,I was charged a penalty after missing a payment with Afterpay. My credit score was affected.,False,True,False,True,False,False,False
Afterpay,Unauthorized charge on my account related to Afterpay.,False,False,False,False,True,False,False
Afterpay,Misleading advertisement from Afterpay did not disclose interest.,False,False,True,False,False,False,False
Afterpay,I was charged a penalty after missing a payment with Afterpay.,False,True,False,False,False,False,False
Afterpay,Unauthorized charge on my account related to Afterpay.,False,False,False,False,True,False,False
Afterpay,I was charged a penalty after missing a payment with Afterpay.,False,True,False,False,False,False,False
Afterpay,I was charged a interest after missing a payment with Afterpay.,False,False,False,False,False,False,False
Afterpay,Misleading advertisement from Afterpay did not disclose penalty.,False,True,True,False,False,False,False
Afterpay,I was charged a late fee after missing a payment with Afterpay. My credit score was affected.,False,True,False,True,False,False,False
Afterpay,Misleading advertisement from Afterpay did not disclose penalty. My credit score was affected.,False,True,True,True,False,False,False
Afterpay,I was charged a penalty after missing a payment with Afterpay.,False,True,False,False,False,False,False
Afterpay,Customer service at Afterpay would not resolve my billing dispute. My credit score was affected.,False,False,False,True,False,True,True
Afterpay,Customer service at Afterpay would not resolve my billing dispute.,False,False,False,False,False,True,True
Afterpay,Customer service at Afterpay would not resolve my billing dispute.,False,False,False,False,False,True,True
Afterpay,Unauthorized charge on my account related to Afterpay.,False,False,False,False,True,False,False
Afterpay,Unauthorized charge on my account related to Afterpay.,False,False,False,False,True,False,False
Afterpay,I was charged a interest after missing a payment with Afterpay.,False,False,False,False,False,False,False
Afterpay,I was charged a late fee after missing a payment with Afterpay.,False,True,False,False,False,False,False
Afterpay,Misleading advertisement from Afterpay did not disclose interest.,False,False,True,False,False,False,False
Afterpay,Customer service at Afterpay would not resolve my billing dispute.,False,False,False,False,False,True,True
Afterpay,I was charged a hidden fee after missing a payment with Afterpay.,True,False,False,False,False,False,False
Afterpay,Customer service at Afterpay would not resolve my billing dispute. My credit score was affected.,False,False,False,True,False,True,True
Afterpay,Customer service at Afterpay would not resolve my billing dispute.,False,False,False,False,False,True,True
Afterpay,Unauthorized charge on my account related to Afterpay.,False,False,False,False,True,False,False
Afterpay,Misleading advertisement from Afterpay did not disclose late fee. My credit score was affected.,False,True,True,True,False,False,False
Afterpay,I was charged a hidden fee after missing a payment with Afterpay. My credit score was affected.,True,False,False,True,False,False,False
Afterpay,Unauthorized charge on my account related to Afterpay.,False,False,False,False,True,False,False
Afterpay,I was charged a hidden fee after missing a payment with Afterpay.,True,False,False,False,False,False,False
Afterpay,Unauthorized charge on my account related to Afterpay.,False,False,False,False,True,False,False
Afterpay,Customer service at Afterpay would not resolve my billing dispute.,False,False,False,False,False,True,True
Afterpay,Customer service at Afterpay would not resolve my billing dispute. My credit score was affected.,False,False,False,True,False,True,True
Afterpay,Unauthorized charge on my account related to Afterpay.,False,False,False,False,True,False,False
Afterpay,Customer service at Afterpay would not resolve my billing dispute.,False,False,False,False,False,True,True
Afterpay,Unauthorized charge on my account related to Afterpay.,False,False,False,False,True,False,False
Afterpay,Unauthorized charge on my account related to Afterpay.,False,False,False,False,True,False,False
Afterpay,Customer service at Afterpay would not resolve my billing dispute.,False,False,False,False,False,True,True
Afterpay,I was charged a interest after missing a payment with Afterpay.,False,False,False,False,False,False,False
Afterpay,I was charged a interest after missing a payment with Afterpay. My credit score was affected.,False,False,False,True,False,False,False
Afterpay,Misleading advertisement from Afterpay did not disclose interest.,False,False,True,False,False,False,False
Afterpay,I was charged a penalty after missing a payment with Afterpay. My credit score was affected.,False,True,False,True,False,False,False
Afterpay,I was charged a late fee after missing a payment with Afterpay.,False,True,False,False,False,False,False
Afterpay,Unauthorized charge on my account related to Afterpay. My credit score was affected.,False,False,False,True,True,False,False
Afterpay,I was charged a hidden fee after missing a payment with Afterpay.,True,False,False,False,False,False,False
Afterpay,Misleading advertisement from Afterpay did not disclose interest.,False,False,True,False,False,False,False
Afterpay,Misleading advertisement from Afterpay did not disclose hidden fee.,True,False,True,False,False,False,False
Afterpay,Misleading advertisement from Afterpay did not disclose penalty.,False,True,True,False,False,False,False
Afterpay,I was charged a interest after missing a payment with Afterpay.,False,False,False,False,False,False,False
Afterpay,Customer service at Afterpay would not resolve my billing dispute.,False,False,False,False,False,True,True
Afterpay,Misleading advertisement from Afterpay did not disclose late fee. My credit score was affected.,False,True,True,True,False,False,False
Afterpay,Customer service at Afterpay would not resolve my billing dispute.,False,False,False,False,False,True,True
Afterpay,I was charged a late fee after missing a payment with Afterpay.,False,True,False,False,False,False,False
Afterpay,Misleading advertisement from Afterpay did not disclose interest.,False,False,True,False,False,False,False
Afterpay,Unauthorized charge on my account related to Afterpay.,False,False,False,False,True,False,False
Afterpay,Unauthorized charge on my account related to Afterpay. My credit score was affected.,False,False,False,True,True,False,False
Afterpay,Misleading advertisement from Afterpay did not disclose interest. My credit score was affected.,False,False,True,True,False,False,False
Afterpay,Customer service at Afterpay would not resolve my billing dispute.,False,False,False,False,False,True,True
Afterpay,Misleading advertisement from Afterpay did not disclose interest. My credit score was affected.,False,False,True,True,False,False,False
Afterpay,I was charged a penalty after missing a payment with Afterpay.,False,True,False,False,False,False,False
Afterpay,I was charged a penalty after missing a payment with Afterpay. My credit score was affected.,False,True,False,True,False,False,False
Afterpay,Customer service at Afterpay would not resolve my billing dispute.,False,False,False,False,False,True,True
Afterpay,Misleading advertisement from Afterpay did not disclose interest.,False,False,True,False,False,False,False
Afterpay,Customer service at Afterpay would not resolve my billing dispute.,False,False,False,False,False,True,True
Afterpay,Customer service at Afterpay would not resolve my billing dispute.,False,False,False,False,False,True,True
Afterpay,Unauthorized charge on my account related to Afterpay.,False,False,False,False,True,False,False
Afterpay,Unauthorized charge on my account related to Afterpay.,False,False,False,False,True,False,False
Afterpay,Misleading advertisement from Afterpay did not disclose penalty.,False,True,True,False,False,False,False
Afterpay,Misleading advertisement from Afterpay did not disclose late fee. My credit score was affected.,False,True,True,True,False,False,False
Afterpay,Misleading advertisement from Afterpay did not disclose hidden fee. My credit score was affected.,True,False,True,True,False,False,False
Afterpay,Misleading advertisement from Afterpay did not disclose penalty.,False,True,True,False,False,False,False
Afterpay,Customer service at Afterpay would not resolve my billing dispute. My credit score was affected.,False,False,False,True,False,True,True
Afterpay,Unauthorized charge on my account related to Afterpay.,False,False,False,False,True,False,False
Afterpay,I was charged a late fee after missing a payment with Afterpay. My credit score was affected.,False,True,False,True,False,False,False
Afterpay,I was charged a penalty after missing a payment with Afterpay. My credit score was affected.,False,True,False,True,False,False,False
Afterpay,Misleading advertisement from Afterpay did not disclose late fee.,False,True,True,False,False,False,False
Afterpay,Unauthorized charge on my account related to Afterpay. My credit score was affected.,False,False,False,True,True,False,False
Afterpay,I was charged a late fee after missing a payment with Afterpay. My credit score was affected.,False,True,False,True,False,False,False
Afterpay,Unauthorized charge on my account related to Afterpay.,False,False,False,False,True,False,False
Afterpay,Unauthorized charge on my account related to Afterpay. My credit score was affected.,False,False,False,True,True,False,False
Afterpay,I was charged a hidden fee after missing a payment with Afterpay.,True,False,False,False,False,False,False
Afterpay,I was charged a hidden fee after missing a payment with Afterpay. My credit score was affected.,True,False,False,True,False,False,False
Afterpay,I was charged a late fee after missing a payment with Afterpay.,False,True,False,False,False,False,False
Afterpay,Unauthorized charge on my account related to Afterpay.,False,False,False,False,True,False,False
Afterpay,Customer service at Afterpay would not resolve my billing dispute. My credit score was affected.,False,False,False,True,False,True,True
Afterpay,Customer service at Afterpay would not resolve my billing dispute. My credit score was affected.,False,False,False,True,False,True,True
Afterpay,Unauthorized charge on my account related to Afterpay.,False,False,False,False,True,False,False
Afterpay,Misleading advertisement from Afterpay did not disclose late fee.,False,True,True,False,False,False,False
Afterpay,I was charged a hidden fee after missing a payment with Afterpay.,True,False,False,False,False,False,False
Afterpay,Misleading advertisement from Afterpay did not disclose hidden fee.,True,False,True,False,False,False,False
Afterpay,Customer service at Afterpay would not resolve my billing dispute. My credit score was affected.,False,False,False,True,False,True,True
Afterpay,Customer service at Afterpay would not resolve my billing dispute.,False,False,False,False,False,True,True
Afterpay,Unauthorized charge on my account related to Afterpay. My credit score was affected.,False,False,False,True,True,False,False
Afterpay,Unauthorized charge on my account related to Afterpay.,False,False,False,False,True,False,False
Afterpay,Misleading advertisement from Afterpay did not disclose late fee. My credit score was affected.,False,True,True,True,False,False,False
Afterpay,I was charged a penalty after missing a payment with Afterpay.,False,True,False,False,False,False,False
Afterpay,I was charged a penalty after missing a payment with Afterpay.,False,True,False,False,False,False,False
Afterpay,Customer service at Afterpay would not resolve my billing dispute. My credit score was affected.,False,False,False,True,False,True,True
Afterpay,I was charged a penalty after missing a payment with Afterpay.,False,True,False,False,False,False,False
Afterpay,I was charged a interest after missing a payment with Afterpay.,False,False,False,False,False,False,False
Afterpay,Unauthorized charge on my account related to Afterpay.,False,False,False,False,True,False,False
Afterpay,Misleading advertisement from Afterpay did not disclose hidden fee.,True,False,True,False,False,False,False
Afterpay,Unauthorized charge on my account related to Afterpay. My credit score was affected.,False,False,False,True,True,False,False
Afterpay,Unauthorized charge on my account related to Afterpay.,False,False,False,False,True,False,False
Afterpay,Unauthorized charge on my account related to Afterpay.,False,False,False,False,True,False,False
Afterpay,Misleading advertisement from Afterpay did not disclose interest. My credit score was affected.,False,False,True,True,False,False,False
Afterpay,I was charged a penalty after missing a payment with Afterpay. My credit score was affected.,False,True,False,True,False,False,False
Afterpay,Customer service at Afterpay would not resolve my billing dispute. My credit score was affected.,False,False,False,True,False,True,True
Afterpay,Customer service at Afterpay would not resolve my billing dispute. My credit score was affected.,False,False,False,True,False,True,True
Afterpay,Misleading advertisement from Afterpay did not disclose interest.,False,False,True,False,False,False,False
Afterpay,Misleading advertisement from Afterpay did not disclose late fee.,False,True,True,False,False,False,False
Afterpay,Customer service at Afterpay would not resolve my billing dispute.,False,False,False,False,False,True,True
Afterpay,I was charged a penalty after missing a payment with Afterpay.,False,True,False,False,False,False,False
Afterpay,I was charged a late fee after missing a payment with Afterpay.,False,True,False,False,False,False,False
Afterpay,Unauthorized charge on my account related to Afterpay.,False,False,False,False,True,False,False
Afterpay,I was charged a interest after missing a payment with Afterpay. My credit score was affected.,False,False,False,True,False,False,False
Afterpay,I was charged a hidden fee after missing a payment with Afterpay.,True,False,False,False,False,False,False
Afterpay,Customer service at Afterpay would not resolve my billing dispute.,False,False,False,False,False,True,True
Afterpay,I was charged a penalty after missing a payment with Afterpay.,False,True,False,False,False,False,False
Afterpay,Misleading advertisement from Afterpay did not disclose late fee.,False,True,True,False,False,False,False
Afterpay,Misleading advertisement from Afterpay did not disclose hidden fee. My credit score was affected.,True,False,True,True,False,False,False
Afterpay,Unauthorized charge on my account related to Afterpay. My credit score was affected.,False,False,False,True,True,False,False
Afterpay,Misleading advertisement from Afterpay did not disclose hidden fee.,True,False,True,False,False,False,False
Afterpay,I was charged a hidden fee after missing a payment with Afterpay.,True,False,False,False,False,False,False
Afterpay,Unauthorized charge on my account related to Afterpay.,False,False,False,False,True,False,False
Afterpay,Unauthorized charge on my account related to Afterpay.,False,False,False,False,True,False,False
Afterpay,Unauthorized charge on my account related to Afterpay.,False,False,False,False,True,False,False
Afterpay,Unauthorized charge on my account related to Afterpay. My credit score was affected.,False,False,False,True,True,False,False
Afterpay,I was charged a interest after missing a payment with Afterpay.,False,False,False,False,False,False,False
Afterpay,I was charged a late fee after missing a payment with Afterpay. My credit score was affected.,False,True,False,True,False,False,False
Afterpay,I was charged a hidden fee after missing a payment with Afterpay.,True,False,False,False,False,False,False
Afterpay,I was charged a penalty after missing a payment with Afterpay.,False,True,False,False,False,False,False
Afterpay,Customer service at Afterpay would not resolve my billing dispute.,False,False,False,False,False,True,True
Afterpay,Misleading advertisement from Afterpay did not disclose late fee.,False,True,True,False,False,False,False
Afterpay,Unauthorized charge on my account related to Afterpay.,False,False,False,False,True,False,False
Afterpay,Unauthorized charge on my account related to Afterpay. My credit score was affected.,False,False,False,True,True,False,False
Afterpay,Customer service at Afterpay would not resolve my billing dispute. My credit score was affected.,False,False,False,True,False,True,True
Afterpay,Customer service at Afterpay would not resolve my billing dispute.,False,False,False,False,False,True,True
Afterpay,I was charged a hidden fee after missing a payment with Afterpay.,True,False,False,False,False,False,False
Afterpay,I was charged a late fee after missing a payment with Afterpay.,False,True,False,False,False,False,False
Afterpay,Unauthorized charge on my account related to Afterpay. My credit score was affected.,False,False,False,True,True,False,False
Afterpay,I was charged a hidden fee after missing a payment with Afterpay.,True,False,False,False,False,False,False
Afterpay,Misleading advertisement from Afterpay did not disclose hidden fee.,True,False,True,False,False,False,False
Afterpay,Customer service at Afterpay would not resolve my billing dispute.,False,False,False,False,False,True,True
Afterpay,Misleading advertisement from Afterpay did not disclose interest.,False,False,True,False,False,False,False
Afterpay,Customer service at Afterpay would not resolve my billing dispute. My credit score was affected.,False,False,False,True,False,True,True
Afterpay,Misleading advertisement from Afterpay did not disclose interest. My credit score was affected.,False,False,True,True,False,False,False
Afterpay,Misleading advertisement from Afterpay did not disclose hidden fee.,True,False,True,False,False,False,False
Afterpay,Misleading advertisement from Afterpay did not disclose interest.,False,False,True,False,False,False,False
Afterpay,Misleading advertisement from Afterpay did not disclose late fee. My credit score was affected.,False,True,True,True,False,False,False
Afterpay,Misleading advertisement from Afterpay did not disclose hidden fee.,True,False,True,False,False,False,False
Afterpay,Unauthorized charge on my account related to Afterpay.,False,False,False,False,True,False,False
Afterpay,Customer service at Afterpay would not resolve my billing dispute. My credit score was affected.,False,False,False,True,False,True,True
Afterpay,Misleading advertisement from Afterpay did not disclose hidden fee. My credit score was affected.,True,False,True,True,False,False,False
Afterpay,Customer service at Afterpay would not resolve my billing dispute.,False,False,False,False,False,True,True
Afterpay,Unauthorized charge on my account related to Afterpay. My credit score was affected.,False,False,False,True,True,False,False
Afterpay,I was charged a hidden fee after missing a payment with Afterpay.,True,False,False,False,False,False,False
Afterpay,Misleading advertisement from Afterpay did not disclose penalty.,False,True,True,False,False,False,False
Afterpay,Customer service at Afterpay would not resolve my billing dispute.,False,False,False,False,False,True,True
Afterpay,Unauthorized charge on my account related to Afterpay.,False,False,False,False,True,False,False
Afterpay,Misleading advertisement from Afterpay did not disclose late fee.,False,True,True,False,False,False,False
Afterpay,Customer service at Afterpay would not resolve my billing dispute. My credit score was affected.,False,False,False,True,False,True,True
Afterpay,Customer service at Afterpay would not resolve my billing dispute. My credit score was affected.,False,False,False,True,False,True,True
Afterpay,Unauthorized charge on my account related to Afterpay.,False,False,False,False,True,False,False
Afterpay,Unauthorized charge on my account related to Afterpay.,False,False,False,False,True,False,False
Afterpay,Unauthorized charge on my account related to Afterpay. My credit score was affected.,False,False,False,True,True,False,False
Afterpay,I was charged a penalty after missing a payment with Afterpay. My credit score was affected.,False,True,False,True,False,False,False
Afterpay,Unauthorized charge on my account related to Afterpay.,False,False,False,False,True,False,False
Afterpay,I was charged a late fee after missing a payment with Afterpay.,False,True,False,False,False,False,False
Afterpay,Misleading advertisement from Afterpay did not disclose hidden fee.,True,False,True,False,False,False,False
Afterpay,Misleading advertisement from Afterpay did not disclose penalty. My credit score was affected.,False,True,True,True,False,False,False
Afterpay,Unauthorized charge on my account related to Afterpay.,False,False,False,False,True,False,False
Afterpay,I was charged a hidden fee after missing a payment with Afterpay.,True,False,False,False,False,False,False
Afterpay,Customer service at Afterpay would not resolve my billing dispute.,False,False,False,False,False,True,True
Afterpay,Customer service at Afterpay would not resolve my billing dispute.,False,False,False,False,False,True,True
Afterpay,Misleading advertisement from Afterpay did not disclose interest.,False,False,True,False,False,False,False
Afterpay,Unauthorized charge on my account related to Afterpay. My credit score was affected.,False,False,False,True,True,False,False
Afterpay,I was charged a late fee after missing a payment with Afterpay. My credit score was affected.,False,True,False,True,False,False,False
Afterpay,Unauthorized charge on my account related to Afterpay.,False,False,False,False,True,False,False
Afterpay,Customer service at Afterpay would not resolve my billing dispute.,False,False,False,False,False,True,True
Afterpay,I was charged a penalty after missing a payment with Afterpay.,False,True,False,False,False,False,False
Afterpay,Unauthorized charge on my account related to Afterpay.,False,False,False,False,True,False,False
Afterpay,Customer service at Afterpay would not resolve my billing dispute.,False,False,False,False,False,True,True
Afterpay,Customer service at Afterpay would not resolve my billing dispute.,False,False,False,False,False,True,True
Afterpay,Misleading advertisement from Afterpay did not disclose late fee. My credit score was affected.,False,True,True,True,False,False,False
Afterpay,I was charged a hidden fee after missing a payment with Afterpay.,True,False,False,False,False,False,False
Afterpay,Misleading advertisement from Afterpay did not disclose interest. My credit score was affected.,False,False,True,True,False,False,False
Afterpay,Customer service at Afterpay would not resolve my billing dispute. My credit score was affected.,False,False,False,True,False,True,True
Afterpay,Customer service at Afterpay would not resolve my billing dispute.,False,False,False,False,False,True,True
Afterpay,Unauthorized charge on my account related to Afterpay.,False,False,False,False,True,False,False
Afterpay,Misleading advertisement from Afterpay did not disclose interest.,False,False,True,False,False,False,False
Afterpay,I was charged a hidden fee after missing a payment with Afterpay.,True,False,False,False,False,False,False
Afterpay,Misleading advertisement from Afterpay did not disclose hidden fee. My credit score was affected.,True,False,True,True,False,False,False
Afterpay,Unauthorized charge on my account related to Afterpay.,False,False,False,False,True,False,False
Afterpay,Misleading advertisement from Afterpay did not disclose late fee.,False,True,True,False,False,False,False
Afterpay,I was charged a late fee after missing a payment with Afterpay.,False,True,False,False,False,False,False
Afterpay,Misleading advertisement from Afterpay did not disclose penalty. My credit score was affected.,False,True,True,True,False,False,False
Afterpay,I was charged a interest after missing a payment with Afterpay.,False,False,False,False,False,False,False
Afterpay,Misleading advertisement from Afterpay did not disclose penalty.,False,True,True,False,False,False,False
Afterpay,I was charged a late fee after missing a payment with Afterpay. My credit score was affected.,False,True,False,True,False,False,False
Afterpay,Unauthorized charge on my account related to Afterpay. My credit score was affected.,False,False,False,True,True,False,False
Afterpay,Unauthorized charge on my account related to Afterpay.,False,False,False,False,True,False,False
Afterpay,Misleading advertisement from Afterpay did not disclose late fee.,False,True,True,False,False,False,False
Afterpay,I was charged a interest after missing a payment with Afterpay. My credit score was affected.,False,False,False,True,False,False,False
Afterpay,Unauthorized charge on my account related to Afterpay.,False,False,False,False,True,False,False
Afterpay,Customer service at Afterpay would not resolve my billing dispute. My credit score was affected.,False,False,False,True,False,True,True
Afterpay,Customer service at Afterpay would not resolve my billing dispute.,False,False,False,False,False,True,True
Afterpay,Misleading advertisement from Afterpay did not disclose late fee. My credit score was affected.,False,True,True,True,False,False,False
Afterpay,Customer service at Afterpay would not resolve my billing dispute. My credit score was affected.,False,False,False,True,False,True,True
Afterpay,Customer service at Afterpay would not resolve my billing dispute.,False,False,False,False,False,True,True
Afterpay,Unauthorized charge on my account related to Afterpay.,False,False,False,False,True,False,False
Afterpay,Customer service at Afterpay would not resolve my billing dispute. My credit score was affected.,False,False,False,True,False,True,True
Afterpay,I was charged a hidden fee after missing a payment with Afterpay.,True,False,False,False,False,False,False
Afterpay,Misleading advertisement from Afterpay did not disclose hidden fee. My credit score was affected.,True,False,True,True,False,False,False
Afterpay,I was charged a hidden fee after missing a payment with Afterpay.,True,False,False,False,False,False,False
Afterpay,I was charged a late fee after missing a payment with Afterpay. My credit score was affected.,False,True,False,True,False,False,False
Afterpay,Customer service at Afterpay would not resolve my billing dispute.,False,False,False,False,False,True,True
Afterpay,Customer service at Afterpay would not resolve my billing dispute.,False,False,False,False,False,True,True
Afterpay,I was charged a penalty after missing a payment with Afterpay.,False,True,False,False,False,False,False
Afterpay,Unauthorized charge on my account related to Afterpay.,False,False,False,False,True,False,False
Afterpay,I was charged a late fee after missing a payment with Afterpay. My credit score was affected.,False,True,False,True,False,False,False
Afterpay,I was charged a interest after missing a payment with Afterpay.,False,False,False,False,False,False,False
Afterpay,Customer service at Afterpay would not resolve my billing dispute.,False,False,False,False,False,True,True
Afterpay,Unauthorized charge on my account related to Afterpay.,False,False,False,False,True,False,False
Afterpay,Unauthorized charge on my account related to Afterpay. My credit score was affected.,False,False,False,True,True,False,False
Afterpay,Customer service at Afterpay would not resolve my billing dispute.,False,False,False,False,False,True,True
Afterpay,I was charged a interest after missing a payment with Afterpay.,False,False,False,False,False,False,False
Afterpay,Customer service at Afterpay would not resolve my billing dispute. My credit score was affected.,False,False,False,True,False,True,True
Afterpay,Misleading advertisement from Afterpay did not disclose penalty. My credit score was affected.,False,True,True,True,False,False,False
Afterpay,I was charged a late fee after missing a payment with Afterpay. My credit score was affected.,False,True,False,True,False,False,False
Afterpay,Unauthorized charge on my account related to Afterpay.,False,False,False,False,True,False,False
Afterpay,I was charged a late fee after missing a payment with Afterpay. My credit score was affected.,False,True,False,True,False,False,False
Afterpay,I was charged a hidden fee after missing a payment with Afterpay. My credit score was affected.,True,False,False,True,False,False,False
Afterpay,Unauthorized charge on my account related to Afterpay.,False,False,False,False,True,False,False
Afterpay,Unauthorized charge on my account related to Afterpay.,False,False,False,False,True,False,False
Afterpay,Unauthorized charge on my account related to Afterpay. My credit score was affected.,False,False,False,True,True,False,False
Afterpay,I was charged a interest after missing a payment with Afterpay.,False,False,False,False,False,False,False
Klarna,Customer service at Klarna would not resolve my billing dispute.,False,False,False,False,False,True,True
Klarna,Customer service at Klarna would not resolve my billing dispute.,False,False,False,False,False,True,True
Klarna,Customer service at Klarna would not resolve my billing dispute.,False,False,False,False,False,True,True
Klarna,I was charged a late fee after missing a payment with Klarna. My credit score was affected.,False,True,False,True,False,False,False
Klarna,I was charged a late fee after missing a payment with Klarna. My credit score was affected.,False,True,False,True,False,False,False
Klarna,Misleading advertisement from Klarna did not disclose interest.,False,False,True,False,False,False,False
Klarna,Customer service at Klarna would not resolve my billing dispute.,False,False,False,False,False,True,True
Klarna,I was charged a interest after missing a payment with Klarna.,False,False,False,False,False,False,False
Klarna,Misleading advertisement from Klarna did not disclose hidden fee. My credit score was affected.,True,False,True,True,False,False,False
Klarna,Misleading advertisement from Klarna did not disclose penalty.,False,True,True,False,False,False,False
Klarna,Misleading advertisement from Klarna did not disclose penalty.,False,True,True,False,False,False,False
Klarna,Customer service at Klarna would not resolve my billing dispute.,False,False,False,False,False,True,True
Klarna,I was charged a late fee after missing a payment with Klarna.,False,True,False,False,False,False,False
Klarna,Unauthorized charge on my account related to Klarna. My credit score was affected.,False,False,False,True,True,False,False
Klarna,Unauthorized charge on my account related to Klarna.,False,False,False,False,True,False,False
Klarna,Misleading advertisement from Klarna did not disclose late fee. My credit score was affected.,False,True,True,True,False,False,False
Klarna,Unauthorized charge on my account related to Klarna. My credit score was affected.,False,False,False,True,True,False,False
Klarna,I was charged a interest after missing a payment with Klarna. My credit score was affected.,False,False,False,True,False,False,False
Klarna,Customer service at Klarna would not resolve my billing dispute. My credit score was affected.,False,False,False,True,False,True,True
Klarna,Misleading advertisement from Klarna did not disclose late fee.,False,True,True,False,False,False,False
Klarna,Customer service at Klarna would not resolve my billing dispute.,False,False,False,False,False,True,True
Klarna,Customer service at Klarna would not resolve my billing dispute. My credit score was affected.,False,False,False,True,False,True,True
Klarna,I was charged a late fee after missing a payment with Klarna.,False,True,False,False,False,False,False
Klarna,Misleading advertisement from Klarna did not disclose hidden fee.,True,False,True,False,False,False,False
Klarna,Customer service at Klarna would not resolve my billing dispute.,False,False,False,False,False,True,True
Klarna,Customer service at Klarna would not resolve my billing dispute.,False,False,False,False,False,True,True
Klarna,Misleading advertisement from Klarna did not disclose hidden fee.,True,False,True,False,False,False,False
Klarna,I was charged a interest after missing a payment with Klarna.,False,False,False,False,False,False,False
Klarna,I was charged a late fee after missing a payment with Klarna.,False,True,False,False,False,False,False
Klarna,Unauthorized charge on my account related to Klarna. My credit score was affected.,False,False,False,True,True,False,False
Klarna,I was charged a late fee after missing a payment with Klarna.,False,True,False,False,False,False,False
Klarna,I was charged a hidden fee after missing a payment with Klarna.,True,False,False,False,False,False,False
Klarna,Misleading advertisement from Klarna did not disclose penalty. My credit score was affected.,False,True,True,True,False,False,False
Klarna,I was charged a hidden fee after missing a payment with Klarna.,True,False,False,False,False,False,False
Klarna,Customer service at Klarna would not resolve my billing dispute. My credit score was affected.,False,False,False,True,False,True,True
Klarna,Customer service at Klarna would not resolve my billing dispute.,False,False,False,False,False,True,True
Klarna,Unauthorized charge on my account related to Klarna.,False,False,False,False,True,False,False
Klarna,Unauthorized charge on my account related to Klarna.,False,False,False,False,True,False,False
Klarna,Misleading advertisement from Klarna did not disclose late fee.,False,True,True,False,False,False,False
Klarna,Misleading advertisement from Klarna did not disclose late fee. My credit score was affected.,False,True,True,True,False,False,False
Klarna,Unauthorized charge on my account related to Klarna. My credit score was affected.,False,False,False,True,True,False,False
Klarna,Misleading advertisement from Klarna did not disclose late fee. My credit score was affected.,False,True,True,True,False,False,False
Klarna,I was charged a late fee after missing a payment with Klarna.,False,True,False,False,False,False,False
Klarna,Unauthorized charge on my account related to Klarna.,False,False,False,False,True,False,False
Klarna,I was charged a late fee after missing a payment with Klarna.,False,True,False,False,False,False,False
Klarna,Misleading advertisement from Klarna did not disclose hidden fee.,True,False,True,False,False,False,False
Klarna,Unauthorized charge on my account related to Klarna.,False,False,False,False,True,False,False
Klarna,Misleading advertisement from Klarna did not disclose late fee.,False,True,True,False,False,False,False
Klarna,Customer service at Klarna would not resolve my billing dispute.,False,False,False,False,False,True,True
Klarna,Misleading advertisement from Klarna did not disclose penalty. My credit score was affected.,False,True,True,True,False,False,False
Klarna,Customer service at Klarna would not resolve my billing dispute.,False,False,False,False,False,True,True
Klarna,Misleading advertisement from Klarna did not disclose hidden fee.,True,False,True,False,False,False,False
Klarna,Unauthorized charge on my account related to Klarna. My credit score was affected.,False,False,False,True,True,False,False
Klarna,I was charged a penalty after missing a payment with Klarna. My credit score was affected.,False,True,False,True,False,False,False
Klarna,Unauthorized charge on my account related to Klarna. My credit score was affected.,False,False,False,True,True,False,False
Klarna,Customer service at Klarna would not resolve my billing dispute.,False,False,False,False,False,True,True
Klarna,Unauthorized charge on my account related to Klarna.,False,False,False,False,True,False,False
Klarna,Misleading advertisement from Klarna did not disclose hidden fee. My credit score was affected.,True,False,True,True,False,False,False
Klarna,Unauthorized charge on my account related to Klarna. My credit score was affected.,False,False,False,True,True,False,False
Klarna,I was charged a late fee after missing a payment with Klarna.,False,True,False,False,False,False,False
Klarna,I was charged a hidden fee after missing a payment with Klarna.,True,False,False,False,False,False,False
Klarna,Unauthorized charge on my account related to Klarna.,False,False,False,False,True,False,False
Klarna,Unauthorized charge on my account related to Klarna.,False,False,False,False,True,False,False
Klarna,Misleading advertisement from Klarna did not disclose penalty.,False,True,True,False,False,False,False
Klarna,Unauthorized charge on my account related to Klarna. My credit score was affected.,False,False,False,True,True,False,False
Klarna,Customer service at Klarna would not resolve my billing dispute. My credit score was affected.,False,False,False,True,False,True,True
Klarna,I was charged a interest after missing a payment with Klarna. My credit score was affected.,False,False,False,True,False,False,False
Klarna,Misleading advertisement from Klarna did not disclose hidden fee.,True,False,True,False,False,False,False
Klarna,Unauthorized charge on my account related to Klarna.,False,False,False,False,True,False,False
Klarna,Misleading advertisement from Klarna did not disclose penalty.,False,True,True,False,False,False,False
Klarna,Misleading advertisement from Klarna did not disclose late fee.,False,True,True,False,False,False,False
Klarna,I was charged a hidden fee after missing a payment with Klarna. My credit score was affected.,True,False,False,True,False,False,False
Klarna,Unauthorized charge on my account related to Klarna.,False,False,False,False,True,False,False
Klarna,Customer service at Klarna would not resolve my billing dispute.,False,False,False,False,False,True,True
Klarna,Customer service at Klarna would not resolve my billing dispute.,False,False,False,False,False,True,True
Klarna,I was charged a penalty after missing a payment with Klarna. My credit score was affected.,False,True,False,True,False,False,False
Klarna,I was charged a penalty after missing a payment with Klarna.,False,True,False,False,False,False,False
Klarna,Misleading advertisement from Klarna did not disclose late fee.,False,True,True,False,False,False,False
Klarna,Unauthorized charge on my account related to Klarna.,False,False,False,False,True,False,False
Klarna,Unauthorized charge on my account related to Klarna.,False,False,False,False,True,False,False
Klarna,Misleading advertisement from Klarna did not disclose penalty.,False,True,True,False,False,False,False
Klarna,Unauthorized charge on my account related to Klarna.,False,False,False,False,True,False,False
Klarna,Misleading advertisement from Klarna did not disclose late fee.,False,True,True,False,False,False,False
Klarna,Unauthorized charge on my account related to Klarna.,False,False,False,False,True,False,False
Klarna,I was charged a hidden fee after missing a payment with Klarna.,True,False,False,False,False,False,False
Klarna,Customer service at Klarna would not resolve my billing dispute. My credit score was affected.,False,False,False,True,False,True,True
Klarna,Customer service at Klarna would not resolve my billing dispute. My credit score was affected.,False,False,False,True,False,True,True
Klarna,Unauthorized charge on my account related to Klarna.,False,False,False,False,True,False,False
Klarna,I was charged a interest after missing a payment with Klarna.,False,False,False,False,False,False,False
Klarna,Misleading advertisement from Klarna did not disclose interest.,False,False,True,False,False,False,False
Klarna,Misleading advertisement from Klarna did not disclose late fee.,False,True,True,False,False,False,False
Klarna,Customer service at Klarna would not resolve my billing dispute.,False,False,False,False,False,True,True
Klarna,I was charged a interest after missing a payment with Klarna.,False,False,False,False,False,False,False
Klarna,Unauthorized charge on my account related to Klarna.,False,False,False,False,True,False,False
Klarna,Misleading advertisement from Klarna did not disclose interest. My credit score was affected.,False,False,True,True,False,False,False
Klarna,I was charged a penalty after missing a payment with Klarna.,False,True,False,False,False,False,False
Klarna,Customer service at Klarna would not resolve my billing dispute. My credit score was affected.,False,False,False,True,False,True,True
Klarna,Unauthorized charge on my account related to Klarna.,False,False,False,False,True,False,False
Klarna,I was charged a penalty after missing a payment with Klarna. My credit score was affected.,False,True,False,True,False,False,False
Klarna,Unauthorized charge on my account related to Klarna.,False,False,False,False,True,False,False
Klarna,I was charged a penalty after missing a payment with Klarna.,False,True,False,False,False,False,False
Klarna,Unauthorized charge on my account related to Klarna.,False,False,False,False,True,False,False
Klarna,Customer service at Klarna would not resolve my billing dispute.,False,False,False,False,False,True,True
Klarna,Unauthorized charge on my account related to Klarna. My credit score was affected.,False,False,False,True,True,False,False
Klarna,Unauthorized charge on my account related to Klarna. My credit score was affected.,False,False,False,True,True,False,False
Klarna,Unauthorized charge on my account related to Klarna. My credit score was affected.,False,False,False,True,True,False,False
Klarna,Unauthorized charge on my account related to Klarna. My credit score was affected.,False,False,False,True,True,False,False
Klarna,Misleading advertisement from Klarna did not disclose hidden fee. My credit score was affected.,True,False,True,True,False,False,False
Klarna,Unauthorized charge on my account related to Klarna.,False,False,False,False,True,False,False
Klarna,I was charged a interest after missing a payment with Klarna.,False,False,False,False,False,False,False
Klarna,Customer service at Klarna would not resolve my billing dispute.,False,False,False,False,False,True,True
Klarna,Unauthorized charge on my account related to Klarna.,False,False,False,False,True,False,False
Klarna,I was charged a hidden fee after missing a payment with Klarna.,True,False,False,False,False,False,False
Klarna,I was charged a interest after missing a payment with Klarna.,False,False,False,False,False,False,False
Klarna,Customer service at Klarna would not resolve my billing dispute.,False,False,False,False,False,True,True
Klarna,Unauthorized charge on my account related to Klarna.,False,False,False,False,True,False,False
Klarna,Customer service at Klarna would not resolve my billing dispute. My credit score was affected.,False,False,False,True,False,True,True
Klarna,I was charged a interest after missing a payment with Klarna.,False,False,False,False,False,False,False
Klarna,Misleading advertisement from Klarna did not disclose penalty.,False,True,True,False,False,False,False
Klarna,I was charged a hidden fee after missing a payment with Klarna.,True,False,False,False,False,False,False
Klarna,Misleading advertisement from Klarna did not disclose hidden fee. My credit score was affected.,True,False,True,True,False,False,False
Klarna,I was charged a late fee after missing a payment with Klarna.,False,True,False,False,False,False,False
Klarna,Customer service at Klarna would not resolve my billing dispute.,False,False,False,False,False,True,True
Klarna,Unauthorized charge on my account related to Klarna.,False,False,False,False,True,False,False
Klarna,Misleading advertisement from Klarna did not disclose hidden fee.,True,False,True,False,False,False,False
Klarna,Unauthorized charge on my account related to Klarna.,False,False,False,False,True,False,False
Klarna,I was charged a interest after missing a payment with Klarna. My credit score was affected.,False,False,False,True,False,False,False
Klarna,Customer service at Klarna would not resolve my billing dispute.,False,False,False,False,False,True,True
Klarna,Customer service at Klarna would not resolve my billing dispute.,False,False,False,False,False,True,True
Klarna,I was charged a late fee after missing a payment with Klarna.,False,True,False,False,False,False,False
Klarna,Misleading advertisement from Klarna did not disclose hidden fee.,True,False,True,False,False,False,False
Klarna,I was charged a hidden fee after missing a payment with Klarna. My credit score was affected.,True,False,False,True,False,False,False
Klarna,Customer service at Klarna would not resolve my billing dispute.,False,False,False,False,False,True,True
Klarna,Unauthorized charge on my account related to Klarna.,False,False,False,False,True,False,False
Klarna,Misleading advertisement from Klarna did not disclose hidden fee.,True,False,True,False,False,False,False
Klarna,Misleading advertisement from Klarna did not disclose penalty.,False,True,True,False,False,False,False
Klarna,Unauthorized charge on my account related to Klarna.,False,False,False,False,True,False,False
Klarna,Unauthorized charge on my account related to Klarna.,False,False,False,False,True,False,False
Klarna,Customer service at Klarna would not resolve my billing dispute.,False,False,False,False,False,True,True
Klarna,Customer service at Klarna would not resolve my billing dispute.,False,False,False,False,False,True,True
Klarna,Misleading advertisement from Klarna did not disclose hidden fee.,True,False,True,False,False,False,False
Klarna,Customer service at Klarna would not resolve my billing dispute.,False,False,False,False,False,True,True
Klarna,Unauthorized charge on my account related to Klarna.,False,False,False,False,True,False,False
Klarna,Unauthorized charge on my account related to Klarna.,False,False,False,False,True,False,False
Klarna,I was charged a penalty after missing a payment with Klarna.,False,True,False,False,False,False,False
Klarna,Unauthorized charge on my account related to Klarna. My credit score was affected.,False,False,False,True,True,False,False
Klarna,Customer service at Klarna would not resolve my billing dispute.,False,False,False,False,False,True,True
Klarna,I was charged a hidden fee after missing a payment with Klarna.,True,False,False,False,False,False,False
Klarna,Unauthorized charge on my account related to Klarna.,False,False,False,False,True,False,False
Klarna,Misleading advertisement from Klarna did not disclose hidden fee.,True,False,True,False,False,False,False
Klarna,Misleading advertisement from Klarna did not disclose penalty.,False,True,True,False,False,False,False
Klarna,I was charged a hidden fee after missing a payment with Klarna.,True,False,False,False,False,False,False
Klarna,Unauthorized charge on my account related to Klarna.,False,False,False,False,True,False,False
Klarna,Misleading advertisement from Klarna did not disclose interest.,False,False,True,False,False,False,False
Klarna,Unauthorized charge on my account related to Klarna. My credit score was affected.,False,False,False,True,True,False,False
Klarna,Customer service at Klarna would not resolve my billing dispute.,False,False,False,False,False,True,True
Klarna,Customer service at Klarna would not resolve my billing dispute.,False,False,False,False,False,True,True
Klarna,Customer service at Klarna would not resolve my billing dispute.,False,False,False,False,False,True,True
Klarna,Unauthorized charge on my account related to Klarna. My credit score was affected.,False,False,False,True,True,False,False
Klarna,Unauthorized charge on my account related to Klarna.,False,False,False,False,True,False,False
Klarna,Unauthorized charge on my account related to Klarna.,False,False,False,False,True,False,False
Klarna,I was charged a penalty after missing a payment with Klarna.,False,True,False,False,False,False,False
Klarna,Unauthorized charge on my account related to Klarna.,False,False,False,False,True,False,False
Klarna,I was charged a interest after missing a payment with Klarna. My credit score was affected.,False,False,False,True,False,False,False
Klarna,Customer service at Klarna would not resolve my billing dispute.,False,False,False,False,False,True,True
Klarna,I was charged a hidden fee after missing a payment with Klarna. My credit score was affected.,True,False,False,True,False,False,False
Klarna,Misleading advertisement from Klarna did not disclose late fee. My credit score was affected.,False,True,True,True,False,False,False
Klarna,Unauthorized charge on my account related to Klarna.,False,False,False,False,True,False,False
Klarna,I was charged a interest after missing a payment with Klarna.,False,False,False,False,False,False,False
Klarna,I was charged a penalty after missing a payment with Klarna.,False,True,False,False,False,False,False
Klarna,Customer service at Klarna would not resolve my billing dispute.,False,False,False,False,False,True,True
Klarna,Customer service at Klarna would not resolve my billing dispute. My credit score was affected.,False,False,False,True,False,True,True
Klarna,Misleading advertisement from Klarna did not disclose late fee.,False,True,True,False,False,False,False
Klarna,Misleading advertisement from Klarna did not disclose hidden fee.,True,False,True,False,False,False,False
Klarna,I was charged a late fee after missing a payment with Klarna.,False,True,False,False,False,False,False
Klarna,Customer service at Klarna would not resolve my billing dispute.,False,False,False,False,False,True,True
Klarna,Misleading advertisement from Klarna did not disclose hidden fee.,True,False,True,False,False,False,False
Klarna,Misleading advertisement from Klarna did not disclose hidden fee.,True,False,True,False,False,False,False
Klarna,Misleading advertisement from Klarna did not disclose penalty.,False,True,True,False,False,False,False
Klarna,Unauthorized charge on my account related to Klarna.,False,False,False,False,True,False,False
Klarna,Unauthorized charge on my account related to Klarna.,False,False,False,False,True,False,False
Klarna,Customer service at Klarna would not resolve my billing dispute. My credit score was affected.,False,False,False,True,False,True,True
Klarna,Customer service at Klarna would not resolve my billing dispute.,False,False,False,False,False,True,True
Klarna,Customer service at Klarna would not resolve my billing dispute.,False,False,False,False,False,True,True
Klarna,Customer service at Klarna would not resolve my billing dispute.,False,False,False,False,False,True,True
Klarna,Customer service at Klarna would not resolve my billing dispute. My credit score was affected.,False,False,False,True,False,True,True
Klarna,Misleading advertisement from Klarna did not disclose late fee.,False,True,True,False,False,False,False
Klarna,Misleading advertisement from Klarna did not disclose hidden fee.,True,False,True,False,False,False,False
Klarna,Customer service at Klarna would not resolve my billing dispute. My credit score was affected.,False,False,False,True,False,True,True
Klarna,Unauthorized charge on my account related to Klarna. My credit score was affected.,False,False,False,True,True,False,False
Klarna,Customer service at Klarna would not resolve my billing dispute.,False,False,False,False,False,True,True
Klarna,Misleading advertisement from Klarna did not disclose interest.,False,False,True,False,False,False,False
Klarna,Customer service at Klarna would not resolve my billing dispute.,False,False,False,False,False,True,True
Klarna,Misleading advertisement from Klarna did not disclose penalty.,False,True,True,False,False,False,False
Klarna,Customer service at Klarna would not resolve my billing dispute. My credit score was affected.,False,False,False,True,False,True,True
Klarna,Customer service at Klarna would not resolve my billing dispute.,False,False,False,False,False,True,True
Klarna,Customer service at Klarna would not resolve my billing dispute. My credit score was affected.,False,False,False,True,False,True,True
Klarna,I was charged a hidden fee after missing a payment with Klarna.,True,False,False,False,False,False,False
Klarna,Customer service at Klarna would not resolve my billing dispute.,False,False,False,False,False,True,True
Klarna,Customer service at Klarna would not resolve my billing dispute.,False,False,False,False,False,True,True
Klarna,Misleading advertisement from Klarna did not disclose interest. My credit score was affected.,False,False,True,True,False,False,False
Klarna,Unauthorized charge on my account related to Klarna. My credit score was affected.,False,False,False,True,True,False,False
Klarna,Customer service at Klarna would not resolve my billing dispute. My credit score was affected.,False,False,False,True,False,True,True
Klarna,I was charged a interest after missing a payment with Klarna. My credit score was affected.,False,False,False,True,False,False,False
Klarna,I was charged a interest after missing a payment with Klarna. My credit score was affected.,False,False,False,True,False,False,False
Klarna,Unauthorized charge on my account related to Klarna.,False,False,False,False,True,False,False
Klarna,Unauthorized charge on my account related to Klarna.,False,False,False,False,True,False,False
Klarna,Unauthorized charge on my account related to Klarna.,False,False,False,False,True,False,False
Klarna,Misleading advertisement from Klarna did not disclose hidden fee. My credit score was affected.,True,False,True,True,False,False,False
Klarna,Misleading advertisement from Klarna did not disclose penalty.,False,True,True,False,False,False,False
Klarna,Unauthorized charge on my account related to Klarna. My credit score was affected.,False,False,False,True,True,False,False
Klarna,Misleading advertisement from Klarna did not disclose interest.,False,False,True,False,False,False,False
Klarna,Unauthorized charge on my account related to Klarna.,False,False,False,False,True,False,False
Klarna,Customer service at Klarna would not resolve my billing dispute.,False,False,False,False,False,True,True
Klarna,Unauthorized charge on my account related to Klarna. My credit score was affected.,False,False,False,True,True,False,False
Klarna,I was charged a late fee after missing a payment with Klarna.,False,True,False,False,False,False,False
Klarna,Unauthorized charge on my account related to Klarna.,False,False,False,False,True,False,False
Klarna,Unauthorized charge on my account related to Klarna. My credit score was affected.,False,False,False,True,True,False,False
Klarna,Customer service at Klarna would not resolve my billing dispute. My credit score was affected.,False,False,False,True,False,True,True
Klarna,Customer service at Klarna would not resolve my billing dispute.,False,False,False,False,False,True,True
Klarna,Misleading advertisement from Klarna did not disclose interest. My credit score was affected.,False,False,True,True,False,False,False
Klarna,Customer service at Klarna would not resolve my billing dispute. My credit score was affected.,False,False,False,True,False,True,True
Klarna,I was charged a hidden fee after missing a payment with Klarna.,True,False,False,False,False,False,False
Klarna,Misleading advertisement from Klarna did not disclose hidden fee.,True,False,True,False,False,False,False
Klarna,I was charged a hidden fee after missing a payment with Klarna.,True,False,False,False,False,False,False
Klarna,Misleading advertisement from Klarna did not disclose penalty. My credit score was affected.,False,True,True,True,False,False,False
Klarna,Misleading advertisement from Klarna did not disclose penalty. My credit score was affected.,False,True,True,True,False,False,False
Klarna,Misleading advertisement from Klarna did not disclose penalty. My credit score was affected.,False,True,True,True,False,False,False
Klarna,I was charged a interest after missing a payment with Klarna.,False,False,False,False,False,False,False
Klarna,Customer service at Klarna would not resolve my billing dispute. My credit score was affected.,False,False,False,True,False,True,True
Klarna,I was charged a late fee after missing a payment with Klarna.,False,True,False,False,False,False,False
Klarna,Customer service at Klarna would not resolve my billing dispute.,False,False,False,False,False,True,True
Klarna,I was charged a hidden fee after missing a payment with Klarna.,True,False,False,False,False,False,False
Klarna,I was charged a hidden fee after missing a payment with Klarna. My credit score was affected.,True,False,False,True,False,False,False
Klarna,Misleading advertisement from Klarna did not disclose penalty.,False,True,True,False,False,False,False
Klarna,Misleading advertisement from Klarna did not disclose penalty.,False,True,True,False,False,False,False
Klarna,Misleading advertisement from Klarna did not disclose interest.,False,False,True,False,False,False,False
Klarna,Customer service at Klarna would not resolve my billing dispute.,False,False,False,False,False,True,True
Klarna,Misleading advertisement from Klarna did not disclose hidden fee.,True,False,True,False,False,False,False
Klarna,Misleading advertisement from Klarna did not disclose hidden fee. My credit score was affected.,True,False,True,True,False,False,False
Klarna,Unauthorized charge on my account related to Klarna. My credit score was affected.,False,False,False,True,True,False,False
Klarna,Misleading advertisement from Klarna did not disclose penalty.,False,True,True,False,False,False,False
Klarna,I was charged a late fee after missing a payment with Klarna. My credit score was affected.,False,True,False,True,False,False,False
Klarna,Misleading advertisement from Klarna did not disclose interest.,False,False,True,False,False,False,False
Klarna,Unauthorized charge on my account related to Klarna.,False,False,False,False,True,False,False
Klarna,I was charged a interest after missing a payment with Klarna.,False,False,False,False,False,False,False
Klarna,I was charged a interest after missing a payment with Klarna.,False,False,False,False,False,False,False
Klarna,Customer service at Klarna would not resolve my billing dispute.,False,False,False,False,False,True,True
Klarna,Misleading advertisement from Klarna did not disclose hidden fee. My credit score was affected.,True,False,True,True,False,False,False
Klarna,I was charged a hidden fee after missing a payment with Klarna.,True,False,False,False,False,False,False
Klarna,Customer service at Klarna would not resolve my billing dispute. My credit score was affected.,False,False,False,True,False,True,True
Klarna,Unauthorized charge on my account related to Klarna.,False,False,False,False,True,False,False
Klarna,I was charged a interest after missing a payment with Klarna. My credit score was affected.,False,False,False,True,False,False,False
Klarna,Misleading advertisement from Klarna did not disclose interest.,False,False,True,False,False,False,False
Klarna,Misleading advertisement from Klarna did not disclose penalty.,False,True,True,False,False,False,False
Klarna,Customer service at Klarna would not resolve my billing dispute.,False,False,False,False,False,True,True
Klarna,Customer service at Klarna would not resolve my billing dispute.,False,False,False,False,False,True,True
Klarna,Customer service at Klarna would not resolve my billing dispute.,False,False,False,False,False,True,True
Klarna,Unauthorized charge on my account related to Klarna.,False,False,False,False,True,False,False
Klarna,Customer service at Klarna would not resolve my billing dispute.,False,False,False,False,False,True,True
Klarna,Unauthorized charge on my account related to Klarna.,False,False,False,False,True,False,False
Klarna,Customer service at Klarna would not resolve my billing dispute.,False,False,False,False,False,True,True
Klarna,Customer service at Klarna would not resolve my billing dispute.,False,False,False,False,False,True,True
Klarna,Customer service at Klarna would not resolve my billing dispute. My credit score was affected.,False,False,False,True,False,True,True
Klarna,Unauthorized charge on my account related to Klarna.,False,False,False,False,True,False,False
Klarna,Customer service at Klarna would not resolve my billing dispute.,False,False,False,False,False,True,True
Klarna,Unauthorized charge on my account related to Klarna.,False,False,False,False,True,False,False
Klarna,I was charged a penalty after missing a payment with Klarna.,False,True,False,False,False,False,False
Klarna,Misleading advertisement from Klarna did not disclose late fee.,False,True,True,False,False,False,False
Klarna,Customer service at Klarna would not resolve my billing dispute.,False,False,False,False,False,True,True
Klarna,I was charged a interest after missing a payment with Klarna. My credit score was affected.,False,False,False,True,False,False,False
Klarna,Customer service at Klarna would not resolve my billing dispute.,False,False,False,False,False,True,True
Klarna,I was charged a late fee after missing a payment with Klarna.,False,True,False,False,False,False,False
Klarna,Misleading advertisement from Klarna did not disclose late fee.,False,True,True,False,False,False,False
Klarna,Misleading advertisement from Klarna did not disclose penalty. My credit score was affected.,False,True,True,True,False,False,False
Klarna,I was charged a penalty after missing a payment with Klarna.,False,True,False,False,False,False,False
Klarna,Misleading advertisement from Klarna did not disclose penalty.,False,True,True,False,False,False,False
Klarna,Misleading advertisement from Klarna did not disclose interest.,False,False,True,False,False,False,False
Klarna,Misleading advertisement from Klarna did not disclose hidden fee. My credit score was affected.,True,False,True,True,False,False,False
Klarna,Customer service at Klarna would not resolve my billing dispute. My credit score was affected.,False,False,False,True,False,True,True
Klarna,Customer service at Klarna would not resolve my billing dispute.,False,False,False,False,False,True,True
Klarna,I was charged a hidden fee after missing a payment with Klarna. My credit score was affected.,True,False,False,True,False,False,False
Klarna,I was charged a penalty after missing a payment with Klarna.,False,True,False,False,False,False,False
Klarna,Unauthorized charge on my account related to Klarna.,False,False,False,False,True,False,False
Klarna,Unauthorized charge on my account related to Klarna.,False,False,False,False,True,False,False
Klarna,Customer service at Klarna would not resolve my billing dispute.,False,False,False,False,False,True,True
Klarna,Unauthorized charge on my account related to Klarna.,False,False,False,False,True,False,False
Klarna,Customer service at Klarna would not resolve my billing dispute.,False,False,False,False,False,True,True
Klarna,Unauthorized charge on my account related to Klarna. My credit score was affected.,False,False,False,True,True,False,False
Klarna,Customer service at Klarna would not resolve my billing dispute.,False,False,False,False,False,True,True
Klarna,I was charged a interest after missing a payment with Klarna.,False,False,False,False,False,False,False
Klarna,Customer service at Klarna would not resolve my billing dispute. My credit score was affected.,False,False,False,True,False,True,True
Klarna,Unauthorized charge on my account related to Klarna.,False,False,False,False,True,False,False
Klarna,Customer service at Klarna would not resolve my billing dispute. My credit score was affected.,False,False,False,True,False,True,True
Klarna,Misleading advertisement from Klarna did not disclose penalty.,False,True,True,False,False,False,False
Klarna,I was charged a late fee after missing a payment with Klarna.,False,True,False,False,False,False,False
Klarna,I was charged a late fee after missing a payment with Klarna. My credit score was affected.,False,True,False,True,False,False,False
Klarna,Unauthorized charge on my account related to Klarna.,False,False,False,False,True,False,False
Klarna,Unauthorized charge on my account related to Klarna.,False,False,False,False,True,False,False
Klarna,Misleading advertisement from Klarna did not disclose interest. My credit score was affected.,False,False,True,True,False,False,False
Klarna,I was charged a late fee after missing a payment with Klarna. My credit score was affected.,False,True,False,True,False,False,False
Klarna,Misleading advertisement from Klarna did not disclose late fee. My credit score was affected.,False,True,True,True,False,False,False
Klarna,I was charged a hidden fee after missing a payment with Klarna. My credit score was affected.,True,False,False,True,False,False,False
Klarna,Unauthorized charge on my account related to Klarna.,False,False,False,False,True,False,False
Klarna,Customer service at Klarna would not resolve my billing dispute.,False,False,False,False,False,True,True
Klarna,Unauthorized charge on my account related to Klarna. My credit score was affected.,False,False,False,True,True,False,False
Klarna,Unauthorized charge on my account related to Klarna. My credit score was affected.,False,False,False,True,True,False,False
Klarna,Misleading advertisement from Klarna did not disclose interest.,False,False,True,False,False,False,False
Klarna,Misleading advertisement from Klarna did not disclose penalty. My credit score was affected.,False,True,True,True,False,False,False
Klarna,Unauthorized charge on my account related to Klarna.,False,False,False,False,True,False,False
Klarna,Customer service at Klarna would not resolve my billing dispute.,False,False,False,False,False,True,True
Klarna,Unauthorized charge on my account related to Klarna. My credit score was affected.,False,False,False,True,True,False,False
Klarna,Unauthorized charge on my account related to Klarna.,False,False,False,False,True,False,False
Klarna,Misleading advertisement from Klarna did not disclose hidden fee.,True,False,True,False,False,False,False
Klarna,Customer service at Klarna would not resolve my billing dispute.,False,False,False,False,False,True,True
Klarna,Misleading advertisement from Klarna did not disclose interest.,False,False,True,False,False,False,False
Klarna,Misleading advertisement from Klarna did not disclose penalty.,False,True,True,False,False,False,False
Klarna,Misleading advertisement from Klarna did not disclose hidden fee.,True,False,True,False,False,False,False
Klarna,Unauthorized charge on my account related to Klarna. My credit score was affected.,False,False,False,True,True,False,False
Klarna,Customer service at Klarna would not resolve my billing dispute. My credit score was affected.,False,False,False,True,False,True,True
Klarna,Unauthorized charge on my account related to Klarna.,False,False,False,False,True,False,False
Klarna,Unauthorized charge on my account related to Klarna.,False,False,False,False,True,False,False
Klarna,Customer service at Klarna would not resolve my billing dispute.,False,False,False,False,False,True,True
Klarna,Unauthorized charge on my account related to Klarna.,False,False,False,False,True,False,False
Klarna,I was charged a interest after missing a payment with Klarna. My credit score was affected.,False,False,False,True,False,False,False
Klarna,Misleading advertisement from Klarna did not disclose interest. My credit score was affected.,False,False,True,True,False,False,False
Klarna,Misleading advertisement from Klarna did not disclose penalty.,False,True,True,False,False,False,False
Klarna,Unauthorized charge on my account related to Klarna. My credit score was affected.,False,False,False,True,True,False,False
Klarna,Customer service at Klarna would not resolve my billing dispute.,False,False,False,False,False,True,True
Klarna,Unauthorized charge on my account related to Klarna. My credit score was affected.,False,False,False,True,True,False,False
Klarna,Misleading advertisement from Klarna did not disclose late fee. My credit score was affected.,False,True,True,True,False,False,False
Klarna,Unauthorized charge on my account related to Klarna.,False,False,False,False,True,False,False
Klarna,Customer service at Klarna would not resolve my billing dispute.,False,False,False,False,False,True,True
Klarna,Unauthorized charge on my account related to Klarna. My credit score was affected.,False,False,False,True,True,False,False
Klarna,Unauthorized charge on my account related to Klarna.,False,False,False,False,True,False,False
Klarna,Misleading advertisement from Klarna did not disclose late fee. My credit score was affected.,False,True,True,True,False,False,False
Klarna,I was charged a late fee after missing a payment with Klarna. My credit score was affected.,False,True,False,True,False,False,False
Klarna,Customer service at Klarna would not resolve my billing dispute.,False,False,False,False,False,True,True
Klarna,I was charged a late fee after missing a payment with Klarna.,False,True,False,False,False,False,False
Klarna,I was charged a late fee after missing a payment with Klarna.,False,True,False,False,False,False,False
Klarna,Unauthorized charge on my account related to Klarna.,False,False,False,False,True,False,False
Klarna,Unauthorized charge on my account related to Klarna.,False,False,False,False,True,False,False
Klarna,Customer service at Klarna would not resolve my billing dispute. My credit score was affected.,False,False,False,True,False,True,True
Klarna,Customer service at Klarna would not resolve my billing dispute.,False,False,False,False,False,True,True
Klarna,Customer service at Klarna would not resolve my billing dispute. My credit score was affected.,False,False,False,True,False,True,True
Klarna,I was charged a interest after missing a payment with Klarna.,False,False,False,False,False,False,False
Klarna,Unauthorized charge on my account related to Klarna.,False,False,False,False,True,False,False
Klarna,Customer service at Klarna would not resolve my billing dispute.,False,False,False,False,False,True,True
Klarna,Misleading advertisement from Klarna did not disclose interest.,False,False,True,False,False,False,False
Klarna,I was charged a penalty after missing a payment with Klarna. My credit score was affected.,False,True,False,True,False,False,False
Klarna,I was charged a hidden fee after missing a payment with Klarna.,True,False,False,False,False,False,False
Klarna,Unauthorized charge on my account related to Klarna.,False,False,False,False,True,False,False
Klarna,Misleading advertisement from Klarna did not disclose late fee.,False,True,True,False,False,False,False
Klarna,Customer service at Klarna would not resolve my billing dispute.,False,False,False,False,False,True,True
Klarna,Unauthorized charge on my account related to Klarna.,False,False,False,False,True,False,False
Klarna,Unauthorized charge on my account related to Klarna.,False,False,False,False,True,False,False
Klarna,Customer service at Klarna would not resolve my billing dispute.,False,False,False,False,False,True,True
Klarna,Misleading advertisement from Klarna did not disclose interest.,False,False,True,False,False,False,False
Klarna,Unauthorized charge on my account related to Klarna.,False,False,False,False,True,False,False
Klarna,Unauthorized charge on my account related to Klarna.,False,False,False,False,True,False,False
Klarna,I was charged a hidden fee after missing a payment with Klarna.,True,False,False,False,False,False,False
Klarna,Misleading advertisement from Klarna did not disclose late fee.,False,True,True,False,False,False,False
Klarna,I was charged a late fee after missing a payment with Klarna.,False,True,False,False,False,False,False
Klarna,Unauthorized charge on my account related to Klarna.,False,False,False,False,True,False,False
Klarna,I was charged a late fee after missing a payment with Klarna.,False,True,False,False,False,False,False
Klarna,Unauthorized charge on my account related to Klarna.,False,False,False,False,True,False,False
Klarna,Unauthorized charge on my account related to Klarna. My credit score was affected.,False,False,False,True,True,False,False
Klarna,Misleading advertisement from Klarna did not disclose interest. My credit score was affected.,False,False,True,True,False,False,False
Klarna,Misleading advertisement from Klarna did not disclose hidden fee.,True,False,True,False,False,False,False
Klarna,Misleading advertisement from Klarna did not disclose hidden fee. My credit score was affected.,True,False,True,True,False,False,False
Klarna,I was charged a hidden fee after missing a payment with Klarna. My credit score was affected.,True,False,False,True,False,False,False
Klarna,I was charged a penalty after missing a payment with Klarna.,False,True,False,False,False,False,False
Klarna,I was charged a penalty after missing a payment with Klarna.,False,True,False,False,False,False,False
Klarna,I was charged a hidden fee after missing a payment with Klarna. My credit score was affected.,True,False,False,True,False,False,False
Klarna,Customer service at Klarna would not resolve my billing dispute. My credit score was affected.,False,False,False,True,False,True,True
Klarna,Misleading advertisement from Klarna did not disclose late fee.,False,True,True,False,False,False,False
Klarna,Customer service at Klarna would not resolve my billing dispute.,False,False,False,False,False,True,True
Klarna,I was charged a late fee after missing a payment with Klarna.,False,True,False,False,False,False,False
Klarna,Customer service at Klarna would not resolve my billing dispute.,False,False,False,False,False,True,True
Klarna,I was charged a interest after missing a payment with Klarna.,False,False,False,False,False,False,False
Klarna,Misleading advertisement from Klarna did not disclose hidden fee. My credit score was affected.,True,False,True,True,False,False,False
Klarna,Unauthorized charge on my account related to Klarna. My credit score was affected.,False,False,False,True,True,False,False
Klarna,Misleading advertisement from Klarna did not disclose penalty. My credit score was affected.,False,True,True,True,False,False,False
Klarna,Misleading advertisement from Klarna did not disclose hidden fee. My credit score was affected.,True,False,True,True,False,False,False
Klarna,Misleading advertisement from Klarna did not disclose late fee. My credit score was affected.,False,True,True,True,False,False,False
Klarna,Customer service at Klarna would not resolve my billing dispute. My credit score was affected.,False,False,False,True,False,True,True
Klarna,Unauthorized charge on my account related to Klarna. My credit score was affected.,False,False,False,True,True,False,False
Klarna,I was charged a interest after missing a payment with Klarna. My credit score was affected.,False,False,False,True,False,False,False
Klarna,I was charged a penalty after missing a payment with Klarna. My credit score was affected.,False,True,False,True,False,False,False
Klarna,Misleading advertisement from Klarna did not disclose interest.,False,False,True,False,False,False,False
Klarna,I was charged a hidden fee after missing a payment with Klarna.,True,False,False,False,False,False,False
Klarna,Unauthorized charge on my account related to Klarna. My credit score was affected.,False,False,False,True,True,False,False
Klarna,Misleading advertisement from Klarna did not disclose late fee. My credit score was affected.,False,True,True,True,False,False,False
Klarna,I was charged a hidden fee after missing a payment with Klarna.,True,False,False,False,False,False,False
Klarna,Customer service at Klarna would not resolve my billing dispute.,False,False,False,False,False,True,True
Klarna,Customer service at Klarna would not resolve my billing dispute.,False,False,False,False,False,True,True
Klarna,I was charged a interest after missing a payment with Klarna.,False,False,False,False,False,False,False
Klarna,I was charged a late fee after missing a payment with Klarna. My credit score was affected.,False,True,False,True,False,False,False
Klarna,I was charged a interest after missing a payment with Klarna.,False,False,False,False,False,False,False
Klarna,Misleading advertisement from Klarna did not disclose interest. My credit score was affected.,False,False,True,True,False,False,False
Klarna,Unauthorized charge on my account related to Klarna.,False,False,False,False,True,False,False
Klarna,Customer service at Klarna would not resolve my billing dispute. My credit score was affected.,False,False,False,True,False,True,True
Klarna,Unauthorized charge on my account related to Klarna. My credit score was affected.,False,False,False,True,True,False,False
Klarna,Misleading advertisement from Klarna did not disclose late fee. My credit score was affected.,False,True,True,True,False,False,False
Klarna,I was charged a hidden fee after missing a payment with Klarna.,True,False,False,False,False,False,False
Klarna,Misleading advertisement from Klarna did not disclose hidden fee. My credit score was affected.,True,False,True,True,False,False,False
Klarna,Customer service at Klarna would not resolve my billing dispute. My credit score was affected.,False,False,False,True,False,True,True
Klarna,Unauthorized charge on my account related to Klarna.,False,False,False,False,True,False,False
Klarna,Misleading advertisement from Klarna did not disclose interest.,False,False,True,False,False,False,False
Klarna,I was charged a penalty after missing a payment with Klarna.,False,True,False,False,False,False,False
Klarna,I was charged a penalty after missing a payment with Klarna. My credit score was affected.,False,True,False,True,False,False,False
Klarna,Misleading advertisement from Klarna did not disclose hidden fee.,True,False,True,False,False,False,False
Klarna,Customer service at Klarna would not resolve my billing dispute.,False,False,False,False,False,True,True
Klarna,Unauthorized charge on my account related to Klarna.,False,False,False,False,True,False,False
Klarna,Misleading advertisement from Klarna did not disclose interest.,False,False,True,False,False,False,False
Klarna,Unauthorized charge on my account related to Klarna.,False,False,False,False,True,False,False
Klarna,Unauthorized charge on my account related to Klarna.,False,False,False,False,True,False,False
Klarna,I was charged a penalty after missing a payment with Klarna.,False,True,False,False,False,False,False
Klarna,Misleading advertisement from Klarna did not disclose interest.,False,False,True,False,False,False,False
Klarna,Misleading advertisement from Klarna did not disclose interest.,False,False,True,False,False,False,False
Klarna,Misleading advertisement from Klarna did not disclose penalty.,False,True,True,False,False,False,False
Klarna,I was charged a interest after missing a payment with Klarna.,False,False,False,False,False,False,False
Klarna,Misleading advertisement from Klarna did not disclose penalty. My credit score was affected.,False,True,True,True,False,False,False
Klarna,I was charged a interest after missing a payment with Klarna. My credit score was affected.,False,False,False,True,False,False,False
Klarna,Misleading advertisement from Klarna did not disclose hidden fee.,True,False,True,False,False,False,False
Klarna,Customer service at Klarna would not resolve my billing dispute.,False,False,False,False,False,True,True
Klarna,Unauthorized charge on my account related to Klarna.,False,False,False,False,True,False,False
Klarna,Customer service at Klarna would not resolve my billing dispute.,False,False,False,False,False,True,True
Klarna,Misleading advertisement from Klarna did not disclose late fee.,False,True,True,False,False,False,False
Klarna,Misleading advertisement from Klarna did not disclose late fee.,False,True,True,False,False,False,False
Klarna,Customer service at Klarna would not resolve my billing dispute.,False,False,False,False,False,True,True
Klarna,I was charged a penalty after missing a payment with Klarna.,False,True,False,False,False,False,False
Klarna,I was charged a late fee after missing a payment with Klarna.,False,True,False,False,False,False,False
Klarna,Misleading advertisement from Klarna did not disclose interest.,False,False,True,False,False,False,False
Klarna,Customer service at Klarna would not resolve my billing dispute. My credit score was affected.,False,False,False,True,False,True,True
Klarna,Misleading advertisement from Klarna did not disclose penalty.,False,True,True,False,False,False,False
Klarna,Misleading advertisement from Klarna did not disclose interest. My credit score was affected.,False,False,True,True,False,False,False
Klarna,I was charged a late fee after missing a payment with Klarna.,False,True,False,False,False,False,False
Klarna,Unauthorized charge on my account related to Klarna.,False,False,False,False,True,False,False
Klarna,I was charged a late fee after missing a payment with Klarna.,False,True,False,False,False,False,False
Klarna,Misleading advertisement from Klarna did not disclose late fee. My credit score was affected.,False,True,True,True,False,False,False
Klarna,Unauthorized charge on my account related to Klarna.,False,False,False,False,True,False,False
Klarna,Unauthorized charge on my account related to Klarna.,False,False,False,False,True,False,False
Klarna,Unauthorized charge on my account related to Klarna.,False,False,False,False,True,False,False
Klarna,I was charged a late fee after missing a payment with Klarna. My credit score was affected.,False,True,False,True,False,False,False
Klarna,I was charged a hidden fee after missing a payment with Klarna.,True,False,False,False,False,False,False
Klarna,Customer service at Klarna would not resolve my billing dispute. My credit score was affected.,False,False,False,True,False,True,True
Klarna,I was charged a late fee after missing a payment with Klarna.,False,True,False,False,False,False,False
Klarna,Unauthorized charge on my account related to Klarna.,False,False,False,False,True,False,False
Klarna,Unauthorized charge on my account related to Klarna.,False,False,False,False,True,False,False
Klarna,Misleading advertisement from Klarna did not disclose hidden fee.,True,False,True,False,False,False,False
Klarna,Unauthorized charge on my account related to Klarna.,False,False,False,False,True,False,False
Klarna,Customer service at Klarna would not resolve my billing dispute. My credit score was affected.,False,False,False,True,False,True,True
Klarna,Unauthorized charge on my account related to Klarna.,False,False,False,False,True,False,False
Klarna,Customer service at Klarna would not resolve my billing dispute.,False,False,False,False,False,True,True
Klarna,Misleading advertisement from Klarna did not disclose hidden fee.,True,False,True,False,False,False,False
Klarna,Customer service at Klarna would not resolve my billing dispute.,False,False,False,False,False,True,True
Klarna,Customer service at Klarna would not resolve my billing dispute. My credit score was affected.,False,False,False,True,False,True,True
Klarna,Unauthorized charge on my account related to Klarna.,False,False,False,False,True,False,False
Klarna,Misleading advertisement from Klarna did not disclose penalty.,False,True,True,False,False,False,False
Klarna,Customer service at Klarna would not resolve my billing dispute.,False,False,False,False,False,True,True
Klarna,Customer service at Klarna would not resolve my billing dispute.,False,False,False,False,False,True,True
Klarna,Customer service at Klarna would not resolve my billing dispute. My credit score was affected.,False,False,False,True,False,True,True
Klarna,Unauthorized charge on my account related to Klarna.,False,False,False,False,True,False,False
Klarna,Customer service at Klarna would not resolve my billing dispute.,False,False,False,False,False,True,True
Klarna,Unauthorized charge on my account related to Klarna.,False,False,False,False,True,False,False
Klarna,Misleading advertisement from Klarna did not disclose late fee.,False,True,True,False,False,False,False
Klarna,Unauthorized charge on my account related to Klarna. My credit score was affected.,False,False,False,True,True,False,False
Klarna,Unauthorized charge on my account related to Klarna.,False,False,False,False,True,False,False
Klarna,Unauthorized charge on my account related to Klarna.,False,False,False,False,True,False,False
Klarna,Misleading advertisement from Klarna did not disclose interest.,False,False,True,False,False,False,False
Klarna,I was charged a penalty after missing a payment with Klarna.,False,True,False,False,False,False,False
Klarna,Misleading advertisement from Klarna did not disclose interest. My credit score was affected.,False,False,True,True,False,False,False
Klarna,I was charged a late fee after missing a payment with Klarna.,False,True,False,False,False,False,False
Klarna,Misleading advertisement from Klarna did not disclose penalty.,False,True,True,False,False,False,False
Klarna,I was charged a penalty after missing a payment with Klarna.,False,True,False,False,False,False,False
Klarna,Misleading advertisement from Klarna did not disclose hidden fee.,True,False,True,False,False,False,False
Klarna,Unauthorized charge on my account related to Klarna. My credit score was affected.,False,False,False,True,True,False,False
Klarna,Customer service at Klarna would not resolve my billing dispute. My credit score was affected.,False,False,False,True,False,True,True
Klarna,Misleading advertisement from Klarna did not disclose interest. My credit score was affected.,False,False,True,True,False,False,False
Klarna,Unauthorized charge on my account related to Klarna. My credit score was affected.,False,False,False,True,True,False,False
Klarna,Customer service at Klarna would not resolve my billing dispute.,False,False,False,False,False,True,True
Klarna,Unauthorized charge on my account related to Klarna. My credit score was affected.,False,False,False,True,True,False,False
Klarna,I was charged a interest after missing a payment with Klarna.,False,False,False,False,False,False,False
Klarna,Unauthorized charge on my account related to Klarna.,False,False,False,False,True,False,False
Klarna,Customer service at Klarna would not resolve my billing dispute.,False,False,False,False,False,True,True
Klarna,Customer service at Klarna would not resolve my billing dispute. My credit score was affected.,False,False,False,True,False,True,True
Klarna,Customer service at Klarna would not resolve my billing dispute.,False,False,False,False,False,True,True
Klarna,Unauthorized charge on my account related to Klarna.,False,False,False,False,True,False,False
Klarna,Unauthorized charge on my account related to Klarna.,False,False,False,False,True,False,False
Klarna,Unauthorized charge on my account related to Klarna. My credit score was affected.,False,False,False,True,True,False,False
Klarna,Unauthorized charge on my account related to Klarna.,False,False,False,False,True,False,False
Klarna,Customer service at Klarna would not resolve my billing dispute.,False,False,False,False,False,True,True
Klarna,I was charged a interest after missing a payment with Klarna. My credit score was affected.,False,False,False,True,False,False,False
Klarna,I was charged a late fee after missing a payment with Klarna.,False,True,False,False,False,False,False
Klarna,I was charged a late fee after missing a payment with Klarna.,False,True,False,False,False,False,False
Klarna,Unauthorized charge on my account related to Klarna.,False,False,False,False,True,False,False
Klarna,Misleading advertisement from Klarna did not disclose penalty.,False,True,True,False,False,False,False
Klarna,I was charged a penalty after missing a payment with Klarna.,False,True,False,False,False,False,False
Klarna,I was charged a interest after missing a payment with Klarna. My credit score was affected.,False,False,False,True,False,False,False
Klarna,I was charged a interest after missing a payment with Klarna.,False,False,False,False,False,False,False
Klarna,I was charged a penalty after missing a payment with Klarna.,False,True,False,False,False,False,False
Klarna,Unauthorized charge on my account related to Klarna.,False,False,False,False,True,False,False
Klarna,I was charged a late fee after missing a payment with Klarna. My credit score was affected.,False,True,False,True,False,False,False
Klarna,Misleading advertisement from Klarna did not disclose interest. My credit score was affected.,False,False,True,True,False,False,False
Klarna,Unauthorized charge on my account related to Klarna.,False,False,False,False,True,False,False
Klarna,Misleading advertisement from Klarna did not disclose late fee. My credit score was affected.,False,True,True,True,False,False,False
Klarna,Unauthorized charge on my account related to Klarna. My credit score was affected.,False,False,False,True,True,False,False
Klarna,Unauthorized charge on my account related to Klarna. My credit score was affected.,False,False,False,True,True,False,False
Klarna,Customer service at Klarna would not resolve my billing dispute.,False,False,False,False,False,True,True
Klarna,I was charged a hidden fee after missing a payment with Klarna. My credit score was affected.,True,False,False,True,False,False,False
Klarna,Misleading advertisement from Klarna did not disclose interest. My credit score was affected.,False,False,True,True,False,False,False
Klarna,I was charged a penalty after missing a payment with Klarna.,False,True,False,False,False,False,False
Klarna,Unauthorized charge on my account related to Klarna. My credit score was affected.,False,False,False,True,True,False,False
Klarna,Unauthorized charge on my account related to Klarna. My credit score was affected.,False,False,False,True,True,False,False
Klarna,Customer service at Klarna would not resolve my billing dispute. My credit score was affected.,False,False,False,True,False,True,True
Klarna,Unauthorized charge on my account related to Klarna.,False,False,False,False,True,False,False
Klarna,I was charged a interest after missing a payment with Klarna. My credit score was affected.,False,False,False,True,False,False,False
Klarna,Misleading advertisement from Klarna did not disclose hidden fee.,True,False,True,False,False,False,False
Klarna,Unauthorized charge on my account related to Klarna.,False,False,False,False,True,False,False
Klarna,Customer service at Klarna would not resolve my billing dispute.,False,False,False,False,False,True,True
Klarna,Misleading advertisement from Klarna did not disclose late fee.,False,True,True,False,False,False,False
Klarna,Unauthorized charge on my account related to Klarna. My credit score was affected.,False,False,False,True,True,False,False
Klarna,Customer service at Klarna would not resolve my billing dispute. My credit score was affected.,False,False,False,True,False,True,True
Klarna,I was charged a penalty after missing a payment with Klarna.,False,True,False,False,False,False,False
Klarna,Misleading advertisement from Klarna did not disclose hidden fee. My credit score was affected.,True,False,True,True,False,False,False
Klarna,I was charged a late fee after missing a payment with Klarna.,False,True,False,False,False,False,False
Klarna,Customer service at Klarna would not resolve my billing dispute. My credit score was affected.,False,False,False,True,False,True,True
Klarna,I was charged a penalty after missing a payment with Klarna.,False,True,False,False,False,False,False
Klarna,Customer service at Klarna would not resolve my billing dispute. My credit score was affected.,False,False,False,True,False,True,True
Klarna,Customer service at Klarna would not resolve my billing dispute.,False,False,False,False,False,True,True
Klarna,Misleading advertisement from Klarna did not disclose hidden fee.,True,False,True,False,False,False,False
Klarna,Unauthorized charge on my account related to Klarna.,False,False,False,False,True,False,False
Klarna,Misleading advertisement from Klarna did not disclose hidden fee.,True,False,True,False,False,False,False
Klarna,Customer service at Klarna would not resolve my billing dispute.,False,False,False,False,False,True,True
Klarna,Customer service at Klarna would not resolve my billing dispute.,False,False,False,False,False,True,True
Klarna,Customer service at Klarna would not resolve my billing dispute.,False,False,False,False,False,True,True
Klarna,I was charged a late fee after missing a payment with Klarna. My credit score was affected.,False,True,False,True,False,False,False
Klarna,Misleading advertisement from Klarna did not disclose interest.,False,False,True,False,False,False,False
Klarna,Misleading advertisement from Klarna did not disclose penalty.,False,True,True,False,False,False,False
Klarna,I was charged a penalty after missing a payment with Klarna.,False,True,False,False,False,False,False
Klarna,Unauthorized charge on my account related to Klarna. My credit score was affected.,False,False,False,True,True,False,False
Klarna,Customer service at Klarna would not resolve my billing dispute. My credit score was affected.,False,False,False,True,False,True,True
Klarna,Customer service at Klarna would not resolve my billing dispute. My credit score was affected.,False,False,False,True,False,True,True
Klarna,Customer service at Klarna would not resolve my billing dispute.,False,False,False,False,False,True,True
Klarna,I was charged a late fee after missing a payment with Klarna. My credit score was affected.,False,True,False,True,False,False,False
Klarna,I was charged a late fee after missing a payment with Klarna.,False,True,False,False,False,False,False
Klarna,Customer service at Klarna would not resolve my billing dispute.,False,False,False,False,False,True,True
Klarna,Misleading advertisement from Klarna did not disclose late fee.,False,True,True,False,False,False,False
Klarna,Unauthorized charge on my account related to Klarna.,False,False,False,False,True,False,False
Klarna,Misleading advertisement from Klarna did not disclose penalty.,False,True,True,False,False,False,False
Klarna,Customer service at Klarna would not resolve my billing dispute.,False,False,False,False,False,True,True
Klarna,I was charged a interest after missing a payment with Klarna. My credit score was affected.,False,False,False,True,False,False,False
Klarna,Unauthorized charge on my account related to Klarna.,False,False,False,False,True,False,False
Klarna,Customer service at Klarna would not resolve my billing dispute.,False,False,False,False,False,True,True
Klarna,Unauthorized charge on my account related to Klarna.,False,False,False,False,True,False,False
Klarna,Misleading advertisement from Klarna did not disclose late fee.,False,True,True,False,False,False,False
Klarna,I was charged a hidden fee after missing a payment with Klarna.,True,False,False,False,False,False,False
Klarna,Customer service at Klarna would not resolve my billing dispute.,False,False,False,False,False,True,True
Klarna,Customer service at Klarna would not resolve my billing dispute.,False,False,False,False,False,True,True
Klarna,Customer service at Klarna would not resolve my billing dispute.,False,False,False,False,False,True,True
Klarna,Unauthorized charge on my account related to Klarna. My credit score was affected.,False,False,False,True,True,False,False
Klarna,I was charged a penalty after missing a payment with Klarna.,False,True,False,False,False,False,False
Klarna,I was charged a hidden fee after missing a payment with Klarna.,True,False,False,False,False,False,False
Klarna,Customer service at Klarna would not resolve my billing dispute.,False,False,False,False,False,True,True
Klarna,I was charged a penalty after missing a payment with Klarna.,False,True,False,False,False,False,False
Klarna,I was charged a hidden fee after missing a payment with Klarna.,True,False,False,False,False,False,False
Klarna,Customer service at Klarna would not resolve my billing dispute. My credit score was affected.,False,False,False,True,False,True,True
Klarna,I was charged a hidden fee after missing a payment with Klarna. My credit score was affected.,True,False,False,True,False,False,False
Klarna,Unauthorized charge on my account related to Klarna.,False,False,False,False,True,False,False
Klarna,I was charged a penalty after missing a payment with Klarna. My credit score was affected.,False,True,False,True,False,False,False
Klarna,Unauthorized charge on my account related to Klarna. My credit score was affected.,False,False,False,True,True,False,False
Klarna,Unauthorized charge on my account related to Klarna.,False,False,False,False,True,False,False
Klarna,Customer service at Klarna would not resolve my billing dispute.,False,False,False,False,False,True,True
Klarna,Unauthorized charge on my account related to Klarna.,False,False,False,False,True,False,False
Klarna,I was charged a interest after missing a payment with Klarna. My credit score was affected.,False,False,False,True,False,False,False
Klarna,Unauthorized charge on my account related to Klarna. My credit score was affected.,False,False,False,True,True,False,False
Klarna,Customer service at Klarna would not resolve my billing dispute.,False,False,False,False,False,True,True
Klarna,Customer service at Klarna would not resolve my billing dispute.,False,False,False,False,False,True,True
Klarna,Misleading advertisement from Klarna did not disclose interest.,False,False,True,False,False,False,False
Klarna,I was charged a interest after missing a payment with Klarna.,False,False,False,False,False,False,False
Klarna,Unauthorized charge on my account related to Klarna.,False,False,False,False,True,False,False
Klarna,Unauthorized charge on my account related to Klarna. My credit score was affected.,False,False,False,True,True,False,False
Klarna,Misleading advertisement from Klarna did not disclose hidden fee.,True,False,True,False,False,False,False
Klarna,I was charged a hidden fee after missing a payment with Klarna.,True,False,False,False,False,False,False
Klarna,Misleading advertisement from Klarna did not disclose late fee. My credit score was affected.,False,True,True,True,False,False,False
Klarna,Unauthorized charge on my account related to Klarna. My credit score was affected.,False,False,False,True,True,False,False
Klarna,Unauthorized charge on my account related to Klarna. My credit score was affected.,False,False,False,True,True,False,False
Klarna,Unauthorized charge on my account related to Klarna. My credit score was affected.,False,False,False,True,True,False,False
Klarna,Customer service at Klarna would not resolve my billing dispute. My credit score was affected.,False,False,False,True,False,True,True
Klarna,Unauthorized charge on my account related to Klarna.,False,False,False,False,True,False,False
Klarna,I was charged a hidden fee after missing a payment with Klarna.,True,False,False,False,False,False,False
Klarna,Customer service at Klarna would not resolve my billing dispute.,False,False,False,False,False,True,True
Klarna,Misleading advertisement from Klarna did not disclose interest. My credit score was affected.,False,False,True,True,False,False,False
Klarna,Unauthorized charge on my account related to Klarna.,False,False,False,False,True,False,False
Klarna,I was charged a interest after missing a payment with Klarna.,False,False,False,False,False,False,False
Klarna,Unauthorized charge on my account related to Klarna.,False,False,False,False,True,False,False
Klarna,Misleading advertisement from Klarna did not disclose late fee.,False,True,True,False,False,False,False
Klarna,I was charged a interest after missing a payment with Klarna.,False,False,False,False,False,False,False
Klarna,I was charged a hidden fee after missing a payment with Klarna.,True,False,False,False,False,False,False
Klarna,Customer service at Klarna would not resolve my billing dispute.,False,False,False,False,False,True,True
Klarna,I was charged a interest after missing a payment with Klarna. My credit score was affected.,False,False,False,True,False,False,False
Klarna,Misleading advertisement from Klarna did not disclose penalty.,False,True,True,False,False,False,False
Klarna,Customer service at Klarna would not resolve my billing dispute.,False,False,False,False,False,True,True
Klarna,Customer service at Klarna would not resolve my billing dispute. My credit score was affected.,False,False,False,True,False,True,True
Klarna,Misleading advertisement from Klarna did not disclose hidden fee. My credit score was affected.,True,False,True,True,False,False,False
Klarna,Unauthorized charge on my account related to Klarna. My credit score was affected.,False,False,False,True,True,False,False
Klarna,Misleading advertisement from Klarna did not disclose interest.,False,False,True,False,False,False,False
Klarna,Unauthorized charge on my account related to Klarna. My credit score was affected.,False,False,False,True,True,False,False
Klarna,I was charged a hidden fee after missing a payment with Klarna.,True,False,False,False,False,False,False
Klarna,Misleading advertisement from Klarna did not disclose hidden fee. My credit score was affected.,True,False,True,True,False,False,False
Klarna,Unauthorized charge on my account related to Klarna. My credit score was affected.,False,False,False,True,True,False,False
Klarna,Unauthorized charge on my account related to Klarna.,False,False,False,False,True,False,False
Klarna,I was charged a interest after missing a payment with Klarna. My credit score was affected.,False,False,False,True,False,False,False
Klarna,I was charged a late fee after missing a payment with Klarna. My credit score was affected.,False,True,False,True,False,False,False
Klarna,Misleading advertisement from Klarna did not disclose penalty.,False,True,True,False,False,False,False
Klarna,Customer service at Klarna would not resolve my billing dispute.,False,False,False,False,False,True,True
Klarna,Unauthorized charge on my account related to Klarna.,False,False,False,False,True,False,False
Klarna,Customer service at Klarna would not resolve my billing dispute. My credit score was affected.,False,False,False,True,False,True,True
Klarna,Misleading advertisement from Klarna did not disclose hidden fee.,True,False,True,False,False,False,False
Klarna,I was charged a hidden fee after missing a payment with Klarna.,True,False,False,False,False,False,False
Klarna,Customer service at Klarna would not resolve my billing dispute.,False,False,False,False,False,True,True
Klarna,I was charged a interest after missing a payment with Klarna.,False,False,False,False,False,False,False
Klarna,Misleading advertisement from Klarna did not disclose interest.,False,False,True,False,False,False,False
Klarna,Unauthorized charge on my account related to Klarna. My credit score was affected.,False,False,False,True,True,False,False
Klarna,Customer service at Klarna would not resolve my billing dispute.,False,False,False,False,False,True,True
Klarna,Unauthorized charge on my account related to Klarna.,False,False,False,False,True,False,False
Klarna,Unauthorized charge on my account related to Klarna.,False,False,False,False,True,False,False
Klarna,I was charged a interest after missing a payment with Klarna.,False,False,False,False,False,False,False
Klarna,I was charged a hidden fee after missing a payment with Klarna.,True,False,False,False,False,False,False
Klarna,Misleading advertisement from Klarna did not disclose interest.,False,False,True,False,False,False,False
Klarna,Misleading advertisement from Klarna did not disclose hidden fee.,True,False,True,False,False,False,False
Klarna,I was charged a interest after missing a payment with Klarna. My credit score was affected.,False,False,False,True,False,False,False
Klarna,I was charged a interest after missing a payment with Klarna.,False,False,False,False,False,False,False
Klarna,Customer service at Klarna would not resolve my billing dispute. My credit score was affected.,False,False,False,True,False,True,True
Klarna,Customer service at Klarna would not resolve my billing dispute. My credit score was affected.,False,False,False,True,False,True,True
Klarna,Unauthorized charge on my account related to Klarna. My credit score was affected.,False,False,False,True,True,False,False
Klarna,Misleading advertisement from Klarna did not disclose penalty.,False,True,True,False,False,False,False
Klarna,Unauthorized charge on my account related to Klarna. My credit score was affected.,False,False,False,True,True,False,False
Klarna,Customer service at Klarna would not resolve my billing dispute.,False,False,False,False,False,True,True
Klarna,Misleading advertisement from Klarna did not disclose hidden fee.,True,False,True,False,False,False,False
Klarna,Customer service at Klarna would not resolve my billing dispute. My credit score was affected.,False,False,False,True,False,True,True
Klarna,Customer service at Klarna would not resolve my billing dispute. My credit score was affected.,False,False,False,True,False,True,True
Klarna,Customer service at Klarna would not resolve my billing dispute. My credit score was affected.,False,False,False,True,False,True,True
Klarna,Misleading advertisement from Klarna did not disclose penalty.,False,True,True,False,False,False,False
Klarna,Unauthorized charge on my account related to Klarna.,False,False,False,False,True,False,False
Klarna,Customer service at Klarna would not resolve my billing dispute. My credit score was affected.,False,False,False,True,False,True,True
Klarna,Misleading advertisement from Klarna did not disclose late fee.,False,True,True,False,False,False,False
Klarna,Misleading advertisement from Klarna did not disclose penalty.,False,True,True,False,False,False,False
Klarna,Customer service at Klarna would not resolve my billing dispute.,False,False,False,False,False,True,True
Klarna,I was charged a hidden fee after missing a payment with Klarna.,True,False,False,False,False,False,False
Klarna,Unauthorized charge on my account related to Klarna.,False,False,False,False,True,False,False
Klarna,I was charged a late fee after missing a payment with Klarna.,False,True,False,False,False,False,False
Klarna,Misleading advertisement from Klarna did not disclose penalty. My credit score was affected.,False,True,True,True,False,False,False
Klarna,Customer service at Klarna would not resolve my billing dispute.,False,False,False,False,False,True,True
Klarna,Unauthorized charge on my account related to Klarna.,False,False,False,False,True,False,False
Klarna,Customer service at Klarna would not resolve my billing dispute. My credit score was affected.,False,False,False,True,False,True,True
Klarna,I was charged a interest after missing a payment with Klarna.,False,False,False,False,False,False,False
Klarna,Misleading advertisement from Klarna did not disclose interest. My credit score was affected.,False,False,True,True,False,False,False
Klarna,Customer service at Klarna would not resolve my billing dispute. My credit score was affected.,False,False,False,True,False,True,True
Klarna,I was charged a interest after missing a payment with Klarna.,False,False,False,False,False,False,False
Klarna,Customer service at Klarna would not resolve my billing dispute.,False,False,False,False,False,True,True
Klarna,Unauthorized charge on my account related to Klarna.,False,False,False,False,True,False,False
Klarna,Unauthorized charge on my account related to Klarna.,False,False,False,False,True,False,False
Klarna,I was charged a penalty after missing a payment with Klarna.,False,True,False,False,False,False,False
Klarna,Customer service at Klarna would not resolve my billing dispute.,False,False,False,False,False,True,True
Klarna,Unauthorized charge on my account related to Klarna.,False,False,False,False,True,False,False
Klarna,Unauthorized charge on my account related to Klarna. My credit score was affected.,False,False,False,True,True,False,False
Klarna,Unauthorized charge on my account related to Klarna.,False,False,False,False,True,False,False
Klarna,I was charged a interest after missing a payment with Klarna.,False,False,False,False,False,False,False
Klarna,I was charged a penalty after missing a payment with Klarna. My credit score was affected.,False,True,False,True,False,False,False
Klarna,Customer service at Klarna would not resolve my billing dispute.,False,False,False,False,False,True,True
Klarna,Misleading advertisement from Klarna did not disclose late fee. My credit score was affected.,False,True,True,True,False,False,False
Klarna,Customer service at Klarna would not resolve my billing dispute. My credit score was affected.,False,False,False,True,False,True,True
Klarna,Unauthorized charge on my account related to Klarna. My credit score was affected.,False,False,False,True,True,False,False
Klarna,I was charged a late fee after missing a payment with Klarna.,False,True,False,False,False,False,False
Klarna,I was charged a late fee after missing a payment with Klarna.,False,True,False,False,False,False,False
Klarna,Misleading advertisement from Klarna did not disclose hidden fee.,True,False,True,False,False,False,False
Klarna,Customer service at Klarna would not resolve my billing dispute.,False,False,False,False,False,True,True
Klarna,I was charged a hidden fee after missing a payment with Klarna.,True,False,False,False,False,False,False
Klarna,Customer service at Klarna would not resolve my billing dispute. My credit score was affected.,False,False,False,True,False,True,True
Klarna,Misleading advertisement from Klarna did not disclose late fee.,False,True,True,False,False,False,False
Klarna,I was charged a late fee after missing a payment with Klarna.,False,True,False,False,False,False,False
Klarna,Customer service at Klarna would not resolve my billing dispute. My credit score was affected.,False,False,False,True,False,True,True
Klarna,Unauthorized charge on my account related to Klarna.,False,False,False,False,True,False,False
Klarna,Misleading advertisement from Klarna did not disclose interest.,False,False,True,False,False,False,False
Klarna,I was charged a penalty after missing a payment with Klarna.,False,True,False,False,False,False,False
Klarna,Customer service at Klarna would not resolve my billing dispute. My credit score was affected.,False,False,False,True,False,True,True
Klarna,Customer service at Klarna would not resolve my billing dispute. My credit score was affected.,False,False,False,True,False,True,True
Klarna,Misleading advertisement from Klarna did not disclose penalty. My credit score was affected.,False,True,True,True,False,False,False
Klarna,Unauthorized charge on my account related to Klarna.,False,False,False,False,True,False,False
Klarna,Customer service at Klarna would not resolve my billing dispute.,False,False,False,False,False,True,True
Klarna,Unauthorized charge on my account related to Klarna.,False,False,False,False,True,False,False
Klarna,Unauthorized charge on my account related to Klarna.,False,False,False,False,True,False,False
Klarna,Unauthorized charge on my account related to Klarna.,False,False,False,False,True,False,False
Klarna,I was charged a penalty after missing a payment with Klarna.,False,True,False,False,False,False,False
Klarna,Unauthorized charge on my account related to Klarna. My credit score was affected.,False,False,False,True,True,False,False
Klarna,I was charged a hidden fee after missing a payment with Klarna.,True,False,False,False,False,False,False
Klarna,Misleading advertisement from Klarna did not disclose penalty. My credit score was affected.,False,True,True,True,False,False,False
Klarna,Misleading advertisement from Klarna did not disclose penalty.,False,True,True,False,False,False,False
Klarna,Unauthorized charge on my account related to Klarna.,False,False,False,False,True,False,False
Klarna,Customer service at Klarna would not resolve my billing dispute.,False,False,False,False,False,True,True
Klarna,Unauthorized charge on my account related to Klarna.,False,False,False,False,True,False,False
Klarna,Customer service at Klarna would not resolve my billing dispute. My credit score was affected.,False,False,False,True,False,True,True
Klarna,I was charged a interest after missing a payment with Klarna.,False,False,False,False,False,False,False
Klarna,Customer service at Klarna would not resolve my billing dispute.,False,False,False,False,False,True,True
Klarna,Unauthorized charge on my account related to Klarna.,False,False,False,False,True,False,False
Klarna,Misleading advertisement from Klarna did not disclose penalty. My credit score was affected.,False,True,True,True,False,False,False
Klarna,I was charged a interest after missing a payment with Klarna.,False,False,False,False,False,False,False
Klarna,Misleading advertisement from Klarna did not disclose interest.,False,False,True,False,False,False,False
Klarna,I was charged a hidden fee after missing a payment with Klarna.,True,False,False,False,False,False,False
Klarna,Unauthorized charge on my account related to Klarna.,False,False,False,False,True,False,False
Klarna,I was charged a interest after missing a payment with Klarna.,False,False,False,False,False,False,False
Klarna,Customer service at Klarna would not resolve my billing dispute.,False,False,False,False,False,True,True
Klarna,I was charged a hidden fee after missing a payment with Klarna. My credit score was affected.,True,False,False,True,False,False,False
Klarna,Misleading advertisement from Klarna did not disclose hidden fee.,True,False,True,False,False,False,False
Klarna,Misleading advertisement from Klarna did not disclose interest. My credit score was affected.,False,False,True,True,False,False,False
Klarna,Unauthorized charge on my account related to Klarna. My credit score was affected.,False,False,False,True,True,False,False
Klarna,Misleading advertisement from Klarna did not disclose penalty.,False,True,True,False,False,False,False
Klarna,I was charged a late fee after missing a payment with Klarna. My credit score was affected.,False,True,False,True,False,False,False
Klarna,I was charged a interest after missing a payment with Klarna. My credit score was affected.,False,False,False,True,False,False,False
Klarna,Misleading advertisement from Klarna did not disclose late fee. My credit score was affected.,False,True,True,True,False,False,False
Klarna,Misleading advertisement from Klarna did not disclose hidden fee.,True,False,True,False,False,False,False
Klarna,Customer service at Klarna would not resolve my billing dispute. My credit score was affected.,False,False,False,True,False,True,True
Klarna,Misleading advertisement from Klarna did not disclose penalty.,False,True,True,False,False,False,False
Klarna,Customer service at Klarna would not resolve my billing dispute.,False,False,False,False,False,True,True
Klarna,I was charged a hidden fee after missing a payment with Klarna. My credit score was affected.,True,False,False,True,False,False,False
Klarna,Misleading advertisement from Klarna did not disclose interest.,False,False,True,False,False,False,False
Klarna,Customer service at Klarna would not resolve my billing dispute. My credit score was affected.,False,False,False,True,False,True,True
Klarna,Unauthorized charge on my account related to Klarna. My credit score was affected.,False,False,False,True,True,False,False
Klarna,Unauthorized charge on my account related to Klarna.,False,False,False,False,True,False,False
Klarna,Misleading advertisement from Klarna did not disclose hidden fee. My credit score was affected.,True,False,True,True,False,False,False
Klarna,Unauthorized charge on my account related to Klarna.,False,False,False,False,True,False,False
Klarna,Customer service at Klarna would not resolve my billing dispute.,False,False,False,False,False,True,True
Klarna,Customer service at Klarna would not resolve my billing dispute. My credit score was affected.,False,False,False,True,False,True,True
Klarna,I was charged a interest after missing a payment with Klarna.,False,False,False,False,False,False,False
Klarna,I was charged a penalty after missing a payment with Klarna. My credit score was affected.,False,True,False,True,False,False,False
Klarna,Unauthorized charge on my account related to Klarna. My credit score was affected.,False,False,False,True,True,False,False
Klarna,I was charged a late fee after missing a payment with Klarna. My credit score was affected.,False,True,False,True,False,False,False
Klarna,I was charged a interest after missing a payment with Klarna.,False,False,False,False,False,False,False
Klarna,Customer service at Klarna would not resolve my billing dispute. My credit score was affected.,False,False,False,True,False,True,True
Klarna,Customer service at Klarna would not resolve my billing dispute.,False,False,False,False,False,True,True
Klarna,Customer service at Klarna would not resolve my billing dispute.,False,False,False,False,False,True,True
Klarna,Misleading advertisement from Klarna did not disclose late fee.,False,True,True,False,False,False,False
Klarna,Customer service at Klarna would not resolve my billing dispute.,False,False,False,False,False,True,True
Klarna,Misleading advertisement from Klarna did not disclose late fee. My credit score was affected.,False,True,True,True,False,False,False
Klarna,Unauthorized charge on my account related to Klarna.,False,False,False,False,True,False,False
Klarna,Misleading advertisement from Klarna did not disclose hidden fee.,True,False,True,False,False,False,False
Klarna,Misleading advertisement from Klarna did not disclose hidden fee.,True,False,True,False,False,False,False
Klarna,Unauthorized charge on my account related to Klarna.,False,False,False,False,True,False,False
Klarna,Customer service at Klarna would not resolve my billing dispute.,False,False,False,False,False,True,True
Klarna,Misleading advertisement from Klarna did not disclose penalty.,False,True,True,False,False,False,False
Klarna,I was charged a hidden fee after missing a payment with Klarna. My credit score was affected.,True,False,False,True,False,False,False
Klarna,I was charged a penalty after missing a payment with Klarna.,False,True,False,False,False,False,False
Klarna,I was charged a hidden fee after missing a payment with Klarna.,True,False,False,False,False,False,False
Klarna,Customer service at Klarna would not resolve my billing dispute. My credit score was affected.,False,False,False,True,False,True,True
Klarna,Unauthorized charge on my account related to Klarna.,False,False,False,False,True,False,False
Klarna,Unauthorized charge on my account related to Klarna. My credit score was affected.,False,False,False,True,True,False,False
Klarna,Misleading advertisement from Klarna did not disclose penalty.,False,True,True,False,False,False,False
Klarna,Unauthorized charge on my account related to Klarna. My credit score was affected.,False,False,False,True,True,False,False
Klarna,Misleading advertisement from Klarna did not disclose hidden fee.,True,False,True,False,False,False,False
Klarna,Misleading advertisement from Klarna did not disclose interest.,False,False,True,False,False,False,False
Klarna,I was charged a penalty after missing a payment with Klarna.,False,True,False,False,False,False,False
Klarna,Customer service at Klarna would not resolve my billing dispute. My credit score was affected.,False,False,False,True,False,True,True
Klarna,Unauthorized charge on my account related to Klarna.,False,False,False,False,True,False,False
Klarna,Misleading advertisement from Klarna did not disclose late fee.,False,True,True,False,False,False,False
Klarna,Misleading advertisement from Klarna did not disclose late fee. My credit score was affected.,False,True,True,True,False,False,False
Klarna,Customer service at Klarna would not resolve my billing dispute.,False,False,False,False,False,True,True
Klarna,Unauthorized charge on my account related to Klarna. My credit score was affected.,False,False,False,True,True,False,False
Klarna,I was charged a hidden fee after missing a payment with Klarna.,True,False,False,False,False,False,False
Klarna,I was charged a interest after missing a payment with Klarna. My credit score was affected.,False,False,False,True,False,False,False
Klarna,Customer service at Klarna would not resolve my billing dispute. My credit score was affected.,False,False,False,True,False,True,True
Klarna,I was charged a interest after missing a payment with Klarna. My credit score was affected.,False,False,False,True,False,False,False
Klarna,Misleading advertisement from Klarna did not disclose interest.,False,False,True,False,False,False,False
Klarna,Customer service at Klarna would not resolve my billing dispute. My credit score was affected.,False,False,False,True,False,True,True
Klarna,I was charged a penalty after missing a payment with Klarna.,False,True,False,False,False,False,False
Klarna,Misleading advertisement from Klarna did not disclose late fee.,False,True,True,False,False,False,False
Klarna,Customer service at Klarna would not resolve my billing dispute.,False,False,False,False,False,True,True
Klarna,Misleading advertisement from Klarna did not disclose hidden fee.,True,False,True,False,False,False,False
Klarna,I was charged a hidden fee after missing a payment with Klarna.,True,False,False,False,False,False,False
Klarna,Unauthorized charge on my account related to Klarna.,False,False,False,False,True,False,False
Klarna,Customer service at Klarna would not resolve my billing dispute.,False,False,False,False,False,True,True
Klarna,Misleading advertisement from Klarna did not disclose late fee. My credit score was affected.,False,True,True,True,False,False,False
Klarna,Unauthorized charge on my account related to Klarna.,False,False,False,False,True,False,False
Klarna,I was charged a interest after missing a payment with Klarna.,False,False,False,False,False,False,False
Klarna,Unauthorized charge on my account related to Klarna.,False,False,False,False,True,False,False
Klarna,I was charged a interest after missing a payment with Klarna.,False,False,False,False,False,False,False
Klarna,I was charged a penalty after missing a payment with Klarna. My credit score was affected.,False,True,False,True,False,False,False
Klarna,Misleading advertisement from Klarna did not disclose hidden fee. My credit score was affected.,True,False,True,True,False,False,False
Klarna,Misleading advertisement from Klarna did not disclose penalty.,False,True,True,False,False,False,False
Klarna,Misleading advertisement from Klarna did not disclose interest.,False,False,True,False,False,False,False
Klarna,Customer service at Klarna would not resolve my billing dispute.,False,False,False,False,False,True,True
Klarna,Customer service at Klarna would not resolve my billing dispute.,False,False,False,False,False,True,True
Klarna,Misleading advertisement from Klarna did not disclose late fee.,False,True,True,False,False,False,False
Klarna,I was charged a hidden fee after missing a payment with Klarna.,True,False,False,False,False,False,False
Klarna,Misleading advertisement from Klarna did not disclose hidden fee. My credit score was affected.,True,False,True,True,False,False,False
Klarna,Misleading advertisement from Klarna did not disclose penalty.,False,True,True,False,False,False,False
Klarna,Misleading advertisement from Klarna did not disclose interest. My credit score was affected.,False,False,True,True,False,False,False
Klarna,I was charged a penalty after missing a payment with Klarna.,False,True,False,False,False,False,False
Klarna,Customer service at Klarna would not resolve my billing dispute.,False,False,False,False,False,True,True
PayPal,Misleading advertisement from PayPal did not disclose interest. My credit score was affected.,False,False,True,True,False,False,False
PayPal,I was charged a hidden fee after missing a payment with PayPal.,True,False,False,False,False,False,False
PayPal,Customer service at PayPal would not resolve my billing dispute.,False,False,False,False,False,True,True
PayPal,Misleading advertisement from PayPal did not disclose late fee.,False,True,True,False,False,False,False
PayPal,Misleading advertisement from PayPal did not disclose hidden fee.,True,False,True,False,False,False,False
PayPal,Unauthorized charge on my account related to PayPal.,False,False,False,False,True,False,False
PayPal,Unauthorized charge on my account related to PayPal.,False,False,False,False,True,False,False
PayPal,Misleading advertisement from PayPal did not disclose interest. My credit score was affected.,False,False,True,True,False,False,False
PayPal,I was charged a late fee after missing a payment with PayPal.,False,True,False,False,False,False,False
PayPal,Unauthorized charge on my account related to PayPal.,False,False,False,False,True,False,False
PayPal,Unauthorized charge on my account related to PayPal. My credit score was affected.,False,False,False,True,True,False,False
PayPal,Unauthorized charge on my account related to PayPal.,False,False,False,False,True,False,False
PayPal,Misleading advertisement from PayPal did not disclose penalty.,False,True,True,False,False,False,False
PayPal,I was charged a penalty after missing a payment with PayPal.,False,True,False,False,False,False,False
PayPal,Customer service at PayPal would not resolve my billing dispute.,False,False,False,False,False,True,True
PayPal,Unauthorized charge on my account related to PayPal. My credit score was affected.,False,False,False,True,True,False,False
PayPal,Unauthorized charge on my account related to PayPal.,False,False,False,False,True,False,False
PayPal,Misleading advertisement from PayPal did not disclose late fee.,False,True,True,False,False,False,False
PayPal,I was charged a penalty after missing a payment with PayPal. My credit score was affected.,False,True,False,True,False,False,False
PayPal,I was charged a penalty after missing a payment with PayPal. My credit score was affected.,False,True,False,True,False,False,False
PayPal,Customer service at PayPal would not resolve my billing dispute.,False,False,False,False,False,True,True
PayPal,Misleading advertisement from PayPal did not disclose interest.,False,False,True,False,False,False,False
PayPal,Misleading advertisement from PayPal did not disclose hidden fee.,True,False,True,False,False,False,False
PayPal,I was charged a interest after missing a payment with PayPal.,False,False,False,False,False,False,False
PayPal,I was charged a hidden fee after missing a payment with PayPal.,True,False,False,False,False,False,False
PayPal,I was charged a late fee after missing a payment with PayPal.,False,True,False,False,False,False,False
PayPal,Customer service at PayPal would not resolve my billing dispute. My credit score was affected.,False,False,False,True,False,True,True
PayPal,I was charged a penalty after missing a payment with PayPal.,False,True,False,False,False,False,False
PayPal,Misleading advertisement from PayPal did not disclose interest.,False,False,True,False,False,False,False
PayPal,I was charged a interest after missing a payment with PayPal. My credit score was affected.,False,False,False,True,False,False,False
PayPal,Unauthorized charge on my account related to PayPal.,False,False,False,False,True,False,False
PayPal,Misleading advertisement from PayPal did not disclose hidden fee.,True,False,True,False,False,False,False
PayPal,Unauthorized charge on my account related to PayPal. My credit score was affected.,False,False,False,True,True,False,False
PayPal,Misleading advertisement from PayPal did not disclose interest. My credit score was affected.,False,False,True,True,False,False,False
PayPal,Misleading advertisement from PayPal did not disclose late fee.,False,True,True,False,False,False,False
PayPal,Misleading advertisement from PayPal did not disclose hidden fee. My credit score was affected.,True,False,True,True,False,False,False
PayPal,Unauthorized charge on my account related to PayPal.,False,False,False,False,True,False,False
PayPal,Unauthorized charge on my account related to PayPal.,False,False,False,False,True,False,False
PayPal,I was charged a penalty after missing a payment with PayPal.,False,True,False,False,False,False,False
PayPal,Misleading advertisement from PayPal did not disclose hidden fee.,True,False,True,False,False,False,False
PayPal,I was charged a interest after missing a payment with PayPal.,False,False,False,False,False,False,False
PayPal,Unauthorized charge on my account related to PayPal.,False,False,False,False,True,False,False
PayPal,Customer service at PayPal would not resolve my billing dispute.,False,False,False,False,False,True,True
PayPal,I was charged a penalty after missing a payment with PayPal.,False,True,False,False,False,False,False
PayPal,Misleading advertisement from PayPal did not disclose penalty.,False,True,True,False,False,False,False
PayPal,I was charged a hidden fee after missing a payment with PayPal. My credit score was affected.,True,False,False,True,False,False,False
PayPal,Misleading advertisement from PayPal did not disclose hidden fee. My credit score was affected.,True,False,True,True,False,False,False
PayPal,Unauthorized charge on my account related to PayPal.,False,False,False,False,True,False,False
PayPal,I was charged a late fee after missing a payment with PayPal.,False,True,False,False,False,False,False
PayPal,Customer service at PayPal would not resolve my billing dispute.,False,False,False,False,False,True,True
PayPal,Misleading advertisement from PayPal did not disclose interest. My credit score was affected.,False,False,True,True,False,False,False
PayPal,I was charged a penalty after missing a payment with PayPal.,False,True,False,False,False,False,False
PayPal,Unauthorized charge on my account related to PayPal.,False,False,False,False,True,False,False
PayPal,Customer service at PayPal would not resolve my billing dispute. My credit score was affected.,False,False,False,True,False,True,True
PayPal,Unauthorized charge on my account related to PayPal. My credit score was affected.,False,False,False,True,True,False,False
PayPal,I was charged a penalty after missing a payment with PayPal.,False,True,False,False,False,False,False
PayPal,Misleading advertisement from PayPal did not disclose late fee.,False,True,True,False,False,False,False
PayPal,Misleading advertisement from PayPal did not disclose penalty.,False,True,True,False,False,False,False
PayPal,Unauthorized charge on my account related to PayPal.,False,False,False,False,True,False,False
PayPal,Customer service at PayPal would not resolve my billing dispute.,False,False,False,False,False,True,True
PayPal,Misleading advertisement from PayPal did not disclose penalty. My credit score was affected.,False,True,True,True,False,False,False
PayPal,Misleading advertisement from PayPal did not disclose interest.,False,False,True,False,False,False,False
PayPal,Misleading advertisement from PayPal did not disclose interest.,False,False,True,False,False,False,False
PayPal,I was charged a penalty after missing a payment with PayPal.,False,True,False,False,False,False,False
PayPal,Unauthorized charge on my account related to PayPal. My credit score was affected.,False,False,False,True,True,False,False
PayPal,Customer service at PayPal would not resolve my billing dispute.,False,False,False,False,False,True,True
PayPal,Customer service at PayPal would not resolve my billing dispute. My credit score was affected.,False,False,False,True,False,True,True
PayPal,Unauthorized charge on my account related to PayPal. My credit score was affected.,False,False,False,True,True,False,False
PayPal,Misleading advertisement from PayPal did not disclose penalty.,False,True,True,False,False,False,False
PayPal,Unauthorized charge on my account related to PayPal. My credit score was affected.,False,False,False,True,True,False,False
PayPal,Customer service at PayPal would not resolve my billing dispute. My credit score was affected.,False,False,False,True,False,True,True
PayPal,Unauthorized charge on my account related to PayPal.,False,False,False,False,True,False,False
PayPal,Unauthorized charge on my account related to PayPal.,False,False,False,False,True,False,False
PayPal,Unauthorized charge on my account related to PayPal.,False,False,False,False,True,False,False
PayPal,Unauthorized charge on my account related to PayPal.,False,False,False,False,True,False,False
PayPal,I was charged a interest after missing a payment with PayPal.,False,False,False,False,False,False,False
PayPal,I was charged a interest after missing a payment with PayPal.,False,False,False,False,False,False,False
PayPal,I was charged a interest after missing a payment with PayPal. My credit score was affected.,False,False,False,True,False,False,False
PayPal,Customer service at PayPal would not resolve my billing dispute. My credit score was affected.,False,False,False,True,False,True,True
PayPal,Misleading advertisement from PayPal did not disclose late fee.,False,True,True,False,False,False,False
PayPal,I was charged a late fee after missing a payment with PayPal. My credit score was affected.,False,True,False,True,False,False,False
PayPal,Misleading advertisement from PayPal did not disclose late fee. My credit score was affected.,False,True,True,True,False,False,False
PayPal,I was charged a late fee after missing a payment with PayPal. My credit score was affected.,False,True,False,True,False,False,False
PayPal,Misleading advertisement from PayPal did not disclose late fee.,False,True,True,False,False,False,False
PayPal,I was charged a interest after missing a payment with PayPal.,False,False,False,False,False,False,False
PayPal,Unauthorized charge on my account related to PayPal. My credit score was affected.,False,False,False,True,True,False,False
PayPal,Misleading advertisement from PayPal did not disclose late fee.,False,True,True,False,False,False,False
PayPal,Unauthorized charge on my account related to PayPal.,False,False,False,False,True,False,False
PayPal,Misleading advertisement from PayPal did not disclose late fee. My credit score was affected.,False,True,True,True,False,False,False
PayPal,Customer service at PayPal would not resolve my billing dispute.,False,False,False,False,False,True,True
PayPal,Customer service at PayPal would not resolve my billing dispute. My credit score was affected.,False,False,False,True,False,True,True
PayPal,Misleading advertisement from PayPal did not disclose interest. My credit score was affected.,False,False,True,True,False,False,False
PayPal,Misleading advertisement from PayPal did not disclose late fee.,False,True,True,False,False,False,False
PayPal,Unauthorized charge on my account related to PayPal. My credit score was affected.,False,False,False,True,True,False,False
PayPal,Customer service at PayPal would not resolve my billing dispute. My credit score was affected.,False,False,False,True,False,True,True
PayPal,I was charged a hidden fee after missing a payment with PayPal.,True,False,False,False,False,False,False
PayPal,Unauthorized charge on my account related to PayPal.,False,False,False,False,True,False,False
PayPal,Unauthorized charge on my account related to PayPal. My credit score was affected.,False,False,False,True,True,False,False
PayPal,I was charged a penalty after missing a payment with PayPal.,False,True,False,False,False,False,False
PayPal,Misleading advertisement from PayPal did not disclose penalty.,False,True,True,False,False,False,False
PayPal,I was charged a hidden fee after missing a payment with PayPal.,True,False,False,False,False,False,False
PayPal,Customer service at PayPal would not resolve my billing dispute. My credit score was affected.,False,False,False,True,False,True,True
PayPal,I was charged a penalty after missing a payment with PayPal.,False,True,False,False,False,False,False
PayPal,Customer service at PayPal would not resolve my billing dispute.,False,False,False,False,False,True,True
PayPal,Unauthorized charge on my account related to PayPal.,False,False,False,False,True,False,False
PayPal,I was charged a late fee after missing a payment with PayPal.,False,True,False,False,False,False,False
PayPal,I was charged a late fee after missing a payment with PayPal.,False,True,False,False,False,False,False
PayPal,I was charged a penalty after missing a payment with PayPal. My credit score was affected.,False,True,False,True,False,False,False
PayPal,Unauthorized charge on my account related to PayPal.,False,False,False,False,True,False,False
PayPal,Unauthorized charge on my account related to PayPal.,False,False,False,False,True,False,False
PayPal,Customer service at PayPal would not resolve my billing dispute.,False,False,False,False,False,True,True
PayPal,Customer service at PayPal would not resolve my billing dispute.,False,False,False,False,False,True,True
PayPal,Unauthorized charge on my account related to PayPal.,False,False,False,False,True,False,False
PayPal,Misleading advertisement from PayPal did not disclose penalty.,False,True,True,False,False,False,False
PayPal,Unauthorized charge on my account related to PayPal. My credit score was affected.,False,False,False,True,True,False,False
PayPal,I was charged a late fee after missing a payment with PayPal.,False,True,False,False,False,False,False
PayPal,I was charged a late fee after missing a payment with PayPal.,False,True,False,False,False,False,False
PayPal,Unauthorized charge on my account related to PayPal. My credit score was affected.,False,False,False,True,True,False,False
PayPal,Customer service at PayPal would not resolve my billing dispute. My credit score was affected.,False,False,False,True,False,True,True
PayPal,Customer service at PayPal would not resolve my billing dispute.,False,False,False,False,False,True,True
PayPal,I was charged a late fee after missing a payment with PayPal. My credit score was affected.,False,True,False,True,False,False,False
PayPal,Misleading advertisement from PayPal did not disclose late fee.,False,True,True,False,False,False,False
PayPal,I was charged a hidden fee after missing a payment with PayPal.,True,False,False,False,False,False,False
PayPal,I was charged a interest after missing a payment with PayPal.,False,False,False,False,False,False,False
PayPal,I was charged a penalty after missing a payment with PayPal.,False,True,False,False,False,False,False
PayPal,I was charged a penalty after missing a payment with PayPal.,False,True,False,False,False,False,False
PayPal,Unauthorized charge on my account related to PayPal. My credit score was affected.,False,False,False,True,True,False,False
PayPal,Customer service at PayPal would not resolve my billing dispute. My credit score was affected.,False,False,False,True,False,True,True
PayPal,Unauthorized charge on my account related to PayPal.,False,False,False,False,True,False,False
PayPal,Unauthorized charge on my account related to PayPal. My credit score was affected.,False,False,False,True,True,False,False
PayPal,I was charged a interest after missing a payment with PayPal. My credit score was affected.,False,False,False,True,False,False,False
PayPal,Misleading advertisement from PayPal did not disclose penalty. My credit score was affected.,False,True,True,True,False,False,False
PayPal,Customer service at PayPal would not resolve my billing dispute.,False,False,False,False,False,True,True
PayPal,Unauthorized charge on my account related to PayPal.,False,False,False,False,True,False,False
PayPal,Misleading advertisement from PayPal did not disclose hidden fee.,True,False,True,False,False,False,False
PayPal,Misleading advertisement from PayPal did not disclose hidden fee.,True,False,True,False,False,False,False
PayPal,Misleading advertisement from PayPal did not disclose late fee.,False,True,True,False,False,False,False
PayPal,Customer service at PayPal would not resolve my billing dispute. My credit score was affected.,False,False,False,True,False,True,True
PayPal,Misleading advertisement from PayPal did not disclose hidden fee. My credit score was affected.,True,False,True,True,False,False,False
PayPal,Misleading advertisement from PayPal did not disclose late fee.,False,True,True,False,False,False,False
PayPal,I was charged a penalty after missing a payment with PayPal.,False,True,False,False,False,False,False
PayPal,Misleading advertisement from PayPal did not disclose hidden fee. My credit score was affected.,True,False,True,True,False,False,False
PayPal,Customer service at PayPal would not resolve my billing dispute.,False,False,False,False,False,True,True
PayPal,Customer service at PayPal would not resolve my billing dispute.,False,False,False,False,False,True,True
PayPal,Customer service at PayPal would not resolve my billing dispute. My credit score was affected.,False,False,False,True,False,True,True
PayPal,Misleading advertisement from PayPal did not disclose penalty.,False,True,True,False,False,False,False
PayPal,Misleading advertisement from PayPal did not disclose penalty.,False,True,True,False,False,False,False
PayPal,Customer service at PayPal would not resolve my billing dispute.,False,False,False,False,False,True,True
PayPal,Unauthorized charge on my account related to PayPal.,False,False,False,False,True,False,False
PayPal,Customer service at PayPal would not resolve my billing dispute.,False,False,False,False,False,True,True
PayPal,Unauthorized charge on my account related to PayPal. My credit score was affected.,False,False,False,True,True,False,False
PayPal,I was charged a interest after missing a payment with PayPal.,False,False,False,False,False,False,False
PayPal,Customer service at PayPal would not resolve my billing dispute.,False,False,False,False,False,True,True
PayPal,I was charged a penalty after missing a payment with PayPal. My credit score was affected.,False,True,False,True,False,False,False
PayPal,Unauthorized charge on my account related to PayPal.,False,False,False,False,True,False,False
PayPal,I was charged a hidden fee after missing a payment with PayPal.,True,False,False,False,False,False,False
PayPal,Customer service at PayPal would not resolve my billing dispute.,False,False,False,False,False,True,True
PayPal,I was charged a late fee after missing a payment with PayPal.,False,True,False,False,False,False,False
PayPal,Unauthorized charge on my account related to PayPal.,False,False,False,False,True,False,False
PayPal,I was charged a penalty after missing a payment with PayPal.,False,True,False,False,False,False,False
PayPal,Unauthorized charge on my account related to PayPal.,False,False,False,False,True,False,False
PayPal,Misleading advertisement from PayPal did not disclose late fee.,False,True,True,False,False,False,False
PayPal,Unauthorized charge on my account related to PayPal. My credit score was affected.,False,False,False,True,True,False,False
PayPal,Misleading advertisement from PayPal did not disclose interest. My credit score was affected.,False,False,True,True,False,False,False
PayPal,Customer service at PayPal would not resolve my billing dispute.,False,False,False,False,False,True,True
PayPal,Misleading advertisement from PayPal did not disclose late fee. My credit score was affected.,False,True,True,True,False,False,False
PayPal,I was charged a interest after missing a payment with PayPal.,False,False,False,False,False,False,False
PayPal,Customer service at PayPal would not resolve my billing dispute.,False,False,False,False,False,True,True
PayPal,I was charged a interest after missing a payment with PayPal. My credit score was affected.,False,False,False,True,False,False,False
PayPal,I was charged a penalty after missing a payment with PayPal.,False,True,False,False,False,False,False
PayPal,Unauthorized charge on my account related to PayPal.,False,False,False,False,True,False,False
PayPal,Misleading advertisement from PayPal did not disclose interest.,False,False,True,False,False,False,False
PayPal,Misleading advertisement from PayPal did not disclose hidden fee.,True,False,True,False,False,False,False
PayPal,Customer service at PayPal would not resolve my billing dispute.,False,False,False,False,False,True,True
PayPal,Customer service at PayPal would not resolve my billing dispute. My credit score was affected.,False,False,False,True,False,True,True
PayPal,Unauthorized charge on my account related to PayPal. My credit score was affected.,False,False,False,True,True,False,False
PayPal,Misleading advertisement from PayPal did not disclose penalty. My credit score was affected.,False,True,True,True,False,False,False
PayPal,I was charged a late fee after missing a payment with PayPal. My credit score was affected.,False,True,False,True,False,False,False
PayPal,Misleading advertisement from PayPal did not disclose hidden fee.,True,False,True,False,False,False,False
PayPal,Misleading advertisement from PayPal did not disclose hidden fee.,True,False,True,False,False,False,False
PayPal,Customer service at PayPal would not resolve my billing dispute.,False,False,False,False,False,True,True
PayPal,I was charged a interest after missing a payment with PayPal.,False,False,False,False,False,False,False
PayPal,Unauthorized charge on my account related to PayPal.,False,False,False,False,True,False,False
PayPal,Misleading advertisement from PayPal did not disclose interest.,False,False,True,False,False,False,False
PayPal,I was charged a late fee after missing a payment with PayPal.,False,True,False,False,False,False,False
PayPal,Unauthorized charge on my account related to PayPal.,False,False,False,False,True,False,False
PayPal,Customer service at PayPal would not resolve my billing dispute. My credit score was affected.,False,False,False,True,False,True,True
PayPal,I was charged a interest after missing a payment with PayPal. My credit score was affected.,False,False,False,True,False,False,False
PayPal,I was charged a late fee after missing a payment with PayPal. My credit score was affected.,False,True,False,True,False,False,False
PayPal,Unauthorized charge on my account related to PayPal.,False,False,False,False,True,False,False
PayPal,Unauthorized charge on my account related to PayPal.,False,False,False,False,True,False,False
PayPal,I was charged a interest after missing a payment with PayPal.,False,False,False,False,False,False,False
PayPal,I was charged a hidden fee after missing a payment with PayPal.,True,False,False,False,False,False,False
PayPal,I was charged a hidden fee after missing a payment with PayPal.,True,False,False,False,False,False,False
PayPal,Customer service at PayPal would not resolve my billing dispute.,False,False,False,False,False,True,True
PayPal,Unauthorized charge on my account related to PayPal.,False,False,False,False,True,False,False
PayPal,I was charged a interest after missing a payment with PayPal.,False,False,False,False,False,False,False
PayPal,Customer service at PayPal would not resolve my billing dispute.,False,False,False,False,False,True,True
PayPal,Misleading advertisement from PayPal did not disclose interest.,False,False,True,False,False,False,False
PayPal,Customer service at PayPal would not resolve my billing dispute.,False,False,False,False,False,True,True
PayPal,Misleading advertisement from PayPal did not disclose penalty. My credit score was affected.,False,True,True,True,False,False,False
PayPal,I was charged a penalty after missing a payment with PayPal.,False,True,False,False,False,False,False
PayPal,I was charged a hidden fee after missing a payment with PayPal. My credit score was affected.,True,False,False,True,False,False,False
PayPal,I was charged a penalty after missing a payment with PayPal.,False,True,False,False,False,False,False
PayPal,I was charged a late fee after missing a payment with PayPal. My credit score was affected.,False,True,False,True,False,False,False
PayPal,Misleading advertisement from PayPal did not disclose penalty. My credit score was affected.,False,True,True,True,False,False,False
PayPal,Customer service at PayPal would not resolve my billing dispute.,False,False,False,False,False,True,True
PayPal,Misleading advertisement from PayPal did not disclose hidden fee.,True,False,True,False,False,False,False
PayPal,Misleading advertisement from PayPal did not disclose late fee. My credit score was affected.,False,True,True,True,False,False,False
PayPal,Misleading advertisement from PayPal did not disclose hidden fee. My credit score was affected.,True,False,True,True,False,False,False
PayPal,I was charged a hidden fee after missing a payment with PayPal.,True,False,False,False,False,False,False
PayPal,I was charged a penalty after missing a payment with PayPal. My credit score was affected.,False,True,False,True,False,False,False
PayPal,Misleading advertisement from PayPal did not disclose hidden fee.,True,False,True,False,False,False,False
PayPal,I was charged a penalty after missing a payment with PayPal. My credit score was affected.,False,True,False,True,False,False,False
PayPal,I was charged a hidden fee after missing a payment with PayPal. My credit score was affected.,True,False,False,True,False,False,False
PayPal,Customer service at PayPal would not resolve my billing dispute.,False,False,False,False,False,True,True
PayPal,Misleading advertisement from PayPal did not disclose late fee.,False,True,True,False,False,False,False
PayPal,Unauthorized charge on my account related to PayPal.,False,False,False,False,True,False,False
PayPal,I was charged a interest after missing a payment with PayPal. My credit score was affected.,False,False,False,True,False,False,False
PayPal,Misleading advertisement from PayPal did not disclose interest.,False,False,True,False,False,False,False
PayPal,I was charged a hidden fee after missing a payment with PayPal. My credit score was affected.,True,False,False,True,False,False,False
PayPal,Misleading advertisement from PayPal did not disclose late fee. My credit score was affected.,False,True,True,True,False,False,False
PayPal,Misleading advertisement from PayPal did not disclose penalty.,False,True,True,False,False,False,False
PayPal,Unauthorized charge on my account related to PayPal. My credit score was affected.,False,False,False,True,True,False,False
PayPal,I was charged a interest after missing a payment with PayPal.,False,False,False,False,False,False,False
PayPal,Misleading advertisement from PayPal did not disclose late fee. My credit score was affected.,False,True,True,True,False,False,False
PayPal,Misleading advertisement from PayPal did not disclose hidden fee.,True,False,True,False,False,False,False
PayPal,Customer service at PayPal would not resolve my billing dispute.,False,False,False,False,False,True,True
PayPal,Unauthorized charge on my account related to PayPal.,False,False,False,False,True,False,False
PayPal,Misleading advertisement from PayPal did not disclose penalty. My credit score was affected.,False,True,True,True,False,False,False
PayPal,Unauthorized charge on my account related to PayPal.,False,False,False,False,True,False,False
PayPal,I was charged a hidden fee after missing a payment with PayPal.,True,False,False,False,False,False,False
PayPal,Misleading advertisement from PayPal did not disclose penalty. My credit score was affected.,False,True,True,True,False,False,False
PayPal,Misleading advertisement from PayPal did not disclose interest.,False,False,True,False,False,False,False
PayPal,Customer service at PayPal would not resolve my billing dispute.,False,False,False,False,False,True,True
PayPal,Customer service at PayPal would not resolve my billing dispute.,False,False,False,False,False,True,True
PayPal,Customer service at PayPal would not resolve my billing dispute.,False,False,False,False,False,True,True
PayPal,Misleading advertisement from PayPal did not disclose hidden fee.,True,False,True,False,False,False,False
PayPal,Unauthorized charge on my account related to PayPal.,False,False,False,False,True,False,False
PayPal,I was charged a interest after missing a payment with PayPal.,False,False,False,False,False,False,False
PayPal,Customer service at PayPal would not resolve my billing dispute.,False,False,False,False,False,True,True
PayPal,Customer service at PayPal would not resolve my billing dispute.,False,False,False,False,False,True,True
PayPal,I was charged a penalty after missing a payment with PayPal. My credit score was affected.,False,True,False,True,False,False,False
PayPal,Customer service at PayPal would not resolve my billing dispute.,False,False,False,False,False,True,True
PayPal,Misleading advertisement from PayPal did not disclose penalty.,False,True,True,False,False,False,False
PayPal,Misleading advertisement from PayPal did not disclose interest.,False,False,True,False,False,False,False
PayPal,Customer service at PayPal would not resolve my billing dispute.,False,False,False,False,False,True,True
PayPal,Customer service at PayPal would not resolve my billing dispute.,False,False,False,False,False,True,True
PayPal,Customer service at PayPal would not resolve my billing dispute. My credit score was affected.,False,False,False,True,False,True,True
PayPal,Misleading advertisement from PayPal did not disclose hidden fee. My credit score was affected.,True,False,True,True,False,False,False
PayPal,Unauthorized charge on my account related to PayPal.,False,False,False,False,True,False,False
PayPal,Unauthorized charge on my account related to PayPal.,False,False,False,False,True,False,False
PayPal,I was charged a late fee after missing a payment with PayPal.,False,True,False,False,False,False,False
PayPal,Customer service at PayPal would not resolve my billing dispute. My credit score was affected.,False,False,False,True,False,True,True
PayPal,I was charged a penalty after missing a payment with PayPal. My credit score was affected.,False,True,False,True,False,False,False
PayPal,Misleading advertisement from PayPal did not disclose hidden fee. My credit score was affected.,True,False,True,True,False,False,False
PayPal,Misleading advertisement from PayPal did not disclose penalty.,False,True,True,False,False,False,False
PayPal,Misleading advertisement from PayPal did not disclose interest.,False,False,True,False,False,False,False
PayPal,I was charged a interest after missing a payment with PayPal.,False,False,False,False,False,False,False
PayPal,Misleading advertisement from PayPal did not disclose late fee.,False,True,True,False,False,False,False
PayPal,I was charged a hidden fee after missing a payment with PayPal.,True,False,False,False,False,False,False
PayPal,Customer service at PayPal would not resolve my billing dispute. My credit score was affected.,False,False,False,True,False,True,True
PayPal,I was charged a hidden fee after missing a payment with PayPal. My credit score was affected.,True,False,False,True,False,False,False
PayPal,Unauthorized charge on my account related to PayPal.,False,False,False,False,True,False,False
PayPal,Misleading advertisement from PayPal did not disclose penalty.,False,True,True,False,False,False,False
PayPal,Customer service at PayPal would not resolve my billing dispute.,False,False,False,False,False,True,True
PayPal,I was charged a hidden fee after missing a payment with PayPal. My credit score was affected.,True,False,False,True,False,False,False
PayPal,Misleading advertisement from PayPal did not disclose hidden fee.,True,False,True,False,False,False,False
PayPal,Unauthorized charge on my account related to PayPal.,False,False,False,False,True,False,False
PayPal,Customer service at PayPal would not resolve my billing dispute. My credit score was affected.,False,False,False,True,False,True,True
PayPal,Misleading advertisement from PayPal did not disclose penalty. My credit score was affected.,False,True,True,True,False,False,False
PayPal,Customer service at PayPal would not resolve my billing dispute.,False,False,False,False,False,True,True
PayPal,Misleading advertisement from PayPal did not disclose penalty. My credit score was affected.,False,True,True,True,False,False,False
PayPal,Unauthorized charge on my account related to PayPal.,False,False,False,False,True,False,False
PayPal,Unauthorized charge on my account related to PayPal. My credit score was affected.,False,False,False,True,True,False,False
PayPal,Customer service at PayPal would not resolve my billing dispute.,False,False,False,False,False,True,True
PayPal,Unauthorized charge on my account related to PayPal.,False,False,False,False,True,False,False
PayPal,Customer service at PayPal would not resolve my billing dispute.,False,False,False,False,False,True,True
PayPal,Unauthorized charge on my account related to PayPal.,False,False,False,False,True,False,False
PayPal,Misleading advertisement from PayPal did not disclose interest.,False,False,True,False,False,False,False
PayPal,Unauthorized charge on my account related to PayPal. My credit score was affected.,False,False,False,True,True,False,False
PayPal,I was charged a penalty after missing a payment with PayPal.,False,True,False,False,False,False,False
PayPal,Customer service at PayPal would not resolve my billing dispute.,False,False,False,False,False,True,True
PayPal,Misleading advertisement from PayPal did not disclose late fee.,False,True,True,False,False,False,False
PayPal,Customer service at PayPal would not resolve my billing dispute.,False,False,False,False,False,True,True
PayPal,I was charged a interest after missing a payment with PayPal.,False,False,False,False,False,False,False
PayPal,I was charged a penalty after missing a payment with PayPal.,False,True,False,False,False,False,False
PayPal,Unauthorized charge on my account related to PayPal.,False,False,False,False,True,False,False
PayPal,Misleading advertisement from PayPal did not disclose hidden fee.,True,False,True,False,False,False,False
PayPal,I was charged a late fee after missing a payment with PayPal.,False,True,False,False,False,False,False
PayPal,I was charged a late fee after missing a payment with PayPal.,False,True,False,False,False,False,False
PayPal,Customer service at PayPal would not resolve my billing dispute. My credit score was affected.,False,False,False,True,False,True,True
PayPal,I was charged a hidden fee after missing a payment with PayPal.,True,False,False,False,False,False,False
PayPal,I was charged a interest after missing a payment with PayPal. My credit score was affected.,False,False,False,True,False,False,False
PayPal,Misleading advertisement from PayPal did not disclose hidden fee.,True,False,True,False,False,False,False
PayPal,Unauthorized charge on my account related to PayPal.,False,False,False,False,True,False,False
PayPal,Customer service at PayPal would not resolve my billing dispute.,False,False,False,False,False,True,True
PayPal,Misleading advertisement from PayPal did not disclose late fee.,False,True,True,False,False,False,False
PayPal,Misleading advertisement from PayPal did not disclose hidden fee.,True,False,True,False,False,False,False
PayPal,Unauthorized charge on my account related to PayPal. My credit score was affected.,False,False,False,True,True,False,False
PayPal,Unauthorized charge on my account related to PayPal. My credit score was affected.,False,False,False,True,True,False,False
PayPal,Misleading advertisement from PayPal did not disclose interest. My credit score was affected.,False,False,True,True,False,False,False
PayPal,Unauthorized charge on my account related to PayPal.,False,False,False,False,True,False,False
PayPal,Misleading advertisement from PayPal did not disclose interest. My credit score was affected.,False,False,True,True,False,False,False
PayPal,I was charged a penalty after missing a payment with PayPal.,False,True,False,False,False,False,False
PayPal,Misleading advertisement from PayPal did not disclose penalty.,False,True,True,False,False,False,False
PayPal,Misleading advertisement from PayPal did not disclose interest. My credit score was affected.,False,False,True,True,False,False,False
PayPal,Unauthorized charge on my account related to PayPal.,False,False,False,False,True,False,False
PayPal,I was charged a hidden fee after missing a payment with PayPal.,True,False,False,False,False,False,False
PayPal,I was charged a hidden fee after missing a payment with PayPal.,True,False,False,False,False,False,False
PayPal,Misleading advertisement from PayPal did not disclose penalty.,False,True,True,False,False,False,False
PayPal,Customer service at PayPal would not resolve my billing dispute. My credit score was affected.,False,False,False,True,False,True,True
PayPal,Customer service at PayPal would not resolve my billing dispute.,False,False,False,False,False,True,True
PayPal,Customer service at PayPal would not resolve my billing dispute.,False,False,False,False,False,True,True
PayPal,Customer service at PayPal would not resolve my billing dispute.,False,False,False,False,False,True,True
PayPal,Misleading advertisement from PayPal did not disclose late fee.,False,True,True,False,False,False,False
PayPal,Unauthorized charge on my account related to PayPal.,False,False,False,False,True,False,False
PayPal,Unauthorized charge on my account related to PayPal. My credit score was affected.,False,False,False,True,True,False,False
PayPal,Customer service at PayPal would not resolve my billing dispute. My credit score was affected.,False,False,False,True,False,True,True
PayPal,Customer service at PayPal would not resolve my billing dispute. My credit score was affected.,False,False,False,True,False,True,True
PayPal,I was charged a late fee after missing a payment with PayPal.,False,True,False,False,False,False,False
PayPal,Customer service at PayPal would not resolve my billing dispute.,False,False,False,False,False,True,True
PayPal,Customer service at PayPal would not resolve my billing dispute. My credit score was affected.,False,False,False,True,False,True,True
PayPal,Customer service at PayPal would not resolve my billing dispute.,False,False,False,False,False,True,True
PayPal,Unauthorized charge on my account related to PayPal.,False,False,False,False,True,False,False
PayPal,I was charged a late fee after missing a payment with PayPal.,False,True,False,False,False,False,False
PayPal,Unauthorized charge on my account related to PayPal. My credit score was affected.,False,False,False,True,True,False,False
PayPal,Customer service at PayPal would not resolve my billing dispute.,False,False,False,False,False,True,True
PayPal,I was charged a late fee after missing a payment with PayPal.,False,True,False,False,False,False,False
PayPal,I was charged a hidden fee after missing a payment with PayPal. My credit score was affected.,True,False,False,True,False,False,False
PayPal,Unauthorized charge on my account related to PayPal. My credit score was affected.,False,False,False,True,True,False,False
PayPal,I was charged a late fee after missing a payment with PayPal.,False,True,False,False,False,False,False
PayPal,I was charged a hidden fee after missing a payment with PayPal.,True,False,False,False,False,False,False
PayPal,Customer service at PayPal would not resolve my billing dispute. My credit score was affected.,False,False,False,True,False,True,True
PayPal,Unauthorized charge on my account related to PayPal. My credit score was affected.,False,False,False,True,True,False,False
PayPal,Unauthorized charge on my account related to PayPal. My credit score was affected.,False,False,False,True,True,False,False
PayPal,Customer service at PayPal would not resolve my billing dispute. My credit score was affected.,False,False,False,True,False,True,True
PayPal,Unauthorized charge on my account related to PayPal. My credit score was affected.,False,False,False,True,True,False,False
PayPal,I was charged a penalty after missing a payment with PayPal.,False,True,False,False,False,False,False
PayPal,Unauthorized charge on my account related to PayPal.,False,False,False,False,True,False,False
PayPal,I was charged a penalty after missing a payment with PayPal. My credit score was affected.,False,True,False,True,False,False,False
PayPal,Misleading advertisement from PayPal did not disclose hidden fee.,True,False,True,False,False,False,False
PayPal,Customer service at PayPal would not resolve my billing dispute.,False,False,False,False,False,True,True
PayPal,Customer service at PayPal would not resolve my billing dispute. My credit score was affected.,False,False,False,True,False,True,True
PayPal,Misleading advertisement from PayPal did not disclose interest.,False,False,True,False,False,False,False
PayPal,Misleading advertisement from PayPal did not disclose interest.,False,False,True,False,False,False,False
PayPal,I was charged a penalty after missing a payment with PayPal.,False,True,False,False,False,False,False
PayPal,Customer service at PayPal would not resolve my billing dispute. My credit score was affected.,False,False,False,True,False,True,True
PayPal,Customer service at PayPal would not resolve my billing dispute.,False,False,False,False,False,True,True
PayPal,I was charged a late fee after missing a payment with PayPal. My credit score was affected.,False,True,False,True,False,False,False
PayPal,I was charged a penalty after missing a payment with PayPal.,False,True,False,False,False,False,False
PayPal,I was charged a interest after missing a payment with PayPal.,False,False,False,False,False,False,False
PayPal,Customer service at PayPal would not resolve my billing dispute.,False,False,False,False,False,True,True
PayPal,I was charged a late fee after missing a payment with PayPal.,False,True,False,False,False,False,False
PayPal,Customer service at PayPal would not resolve my billing dispute.,False,False,False,False,False,True,True
PayPal,I was charged a hidden fee after missing a payment with PayPal.,True,False,False,False,False,False,False
PayPal,Misleading advertisement from PayPal did not disclose late fee.,False,True,True,False,False,False,False
PayPal,I was charged a hidden fee after missing a payment with PayPal.,True,False,False,False,False,False,False
PayPal,I was charged a interest after missing a payment with PayPal. My credit score was affected.,False,False,False,True,False,False,False
PayPal,I was charged a hidden fee after missing a payment with PayPal.,True,False,False,False,False,False,False
PayPal,Misleading advertisement from PayPal did not disclose interest. My credit score was affected.,False,False,True,True,False,False,False
PayPal,Misleading advertisement from PayPal did not disclose late fee.,False,True,True,False,False,False,False
PayPal,Misleading advertisement from PayPal did not disclose late fee.,False,True,True,False,False,False,False
PayPal,Misleading advertisement from PayPal did not disclose penalty. My credit score was affected.,False,True,True,True,False,False,False
PayPal,Customer service at PayPal would not resolve my billing dispute.,False,False,False,False,False,True,True
PayPal,Misleading advertisement from PayPal did not disclose interest.,False,False,True,False,False,False,False
PayPal,Unauthorized charge on my account related to PayPal.,False,False,False,False,True,False,False
PayPal,Customer service at PayPal would not resolve my billing dispute.,False,False,False,False,False,True,True
PayPal,Misleading advertisement from PayPal did not disclose hidden fee.,True,False,True,False,False,False,False
PayPal,Misleading advertisement from PayPal did not disclose hidden fee. My credit score was affected.,True,False,True,True,False,False,False
PayPal,Customer service at PayPal would not resolve my billing dispute.,False,False,False,False,False,True,True
PayPal,Unauthorized charge on my account related to PayPal.,False,False,False,False,True,False,False
PayPal,Unauthorized charge on my account related to PayPal. My credit score was affected.,False,False,False,True,True,False,False
PayPal,Customer service at PayPal would not resolve my billing dispute.,False,False,False,False,False,True,True
PayPal,Unauthorized charge on my account related to PayPal.,False,False,False,False,True,False,False
PayPal,Misleading advertisement from PayPal did not disclose penalty. My credit score was affected.,False,True,True,True,False,False,False
PayPal,Misleading advertisement from PayPal did not disclose hidden fee. My credit score was affected.,True,False,True,True,False,False,False
PayPal,Unauthorized charge on my account related to PayPal.,False,False,False,False,True,False,False
PayPal,Misleading advertisement from PayPal did not disclose penalty.,False,True,True,False,False,False,False
PayPal,Unauthorized charge on my account related to PayPal. My credit score was affected.,False,False,False,True,True,False,False
PayPal,Customer service at PayPal would not resolve my billing dispute.,False,False,False,False,False,True,True
PayPal,I was charged a interest after missing a payment with PayPal. My credit score was affected.,False,False,False,True,False,False,False
PayPal,Customer service at PayPal would not resolve my billing dispute. My credit score was affected.,False,False,False,True,False,True,True
PayPal,Unauthorized charge on my account related to PayPal. My credit score was affected.,False,False,False,True,True,False,False
PayPal,I was charged a interest after missing a payment with PayPal.,False,False,False,False,False,False,False
PayPal,I was charged a late fee after missing a payment with PayPal. My credit score was affected.,False,True,False,True,False,False,False
PayPal,Unauthorized charge on my account related to PayPal.,False,False,False,False,True,False,False
PayPal,Misleading advertisement from PayPal did not disclose penalty. My credit score was affected.,False,True,True,True,False,False,False
PayPal,Customer service at PayPal would not resolve my billing dispute.,False,False,False,False,False,True,True
PayPal,Customer service at PayPal would not resolve my billing dispute.,False,False,False,False,False,True,True
PayPal,Unauthorized charge on my account related to PayPal.,False,False,False,False,True,False,False
PayPal,Misleading advertisement from PayPal did not disclose interest.,False,False,True,False,False,False,False
PayPal,Unauthorized charge on my account related to PayPal.,False,False,False,False,True,False,False
PayPal,Unauthorized charge on my account related to PayPal. My credit score was affected.,False,False,False,True,True,False,False
PayPal,Misleading advertisement from PayPal did not disclose interest.,False,False,True,False,False,False,False
PayPal,Misleading advertisement from PayPal did not disclose hidden fee.,True,False,True,False,False,False,False
PayPal,Unauthorized charge on my account related to PayPal. My credit score was affected.,False,False,False,True,True,False,False
PayPal,Unauthorized charge on my account related to PayPal.,False,False,False,False,True,False,False
PayPal,Customer service at PayPal would not resolve my billing dispute.,False,False,False,False,False,True,True
PayPal,Unauthorized charge on my account related to PayPal.,False,False,False,False,True,False,False
PayPal,Unauthorized charge on my account related to PayPal. My credit score was affected.,False,False,False,True,True,False,False
PayPal,Customer service at PayPal would not resolve my billing dispute.,False,False,False,False,False,True,True
PayPal,Unauthorized charge on my account related to PayPal.,False,False,False,False,True,False,False
PayPal,I was charged a late fee after missing a payment with PayPal.,False,True,False,False,False,False,False
PayPal,Misleading advertisement from PayPal did not disclose interest.,False,False,True,False,False,False,False
PayPal,I was charged a interest after missing a payment with PayPal.,False,False,False,False,False,False,False
PayPal,Misleading advertisement from PayPal did not disclose penalty.,False,True,True,False,False,False,False
PayPal,Unauthorized charge on my account related to PayPal. My credit score was affected.,False,False,False,True,True,False,False
PayPal,Misleading advertisement from PayPal did not disclose late fee.,False,True,True,False,False,False,False
PayPal,Unauthorized charge on my account related to PayPal. My credit score was affected.,False,False,False,True,True,False,False
PayPal,Misleading advertisement from PayPal did not disclose interest.,False,False,True,False,False,False,False
PayPal,Unauthorized charge on my account related to PayPal.,False,False,False,False,True,False,False
PayPal,I was charged a penalty after missing a payment with PayPal.,False,True,False,False,False,False,False
PayPal,Unauthorized charge on my account related to PayPal.,False,False,False,False,True,False,False
PayPal,I was charged a late fee after missing a payment with PayPal.,False,True,False,False,False,False,False
PayPal,Misleading advertisement from PayPal did not disclose late fee. My credit score was affected.,False,True,True,True,False,False,False
PayPal,Misleading advertisement from PayPal did not disclose penalty. My credit score was affected.,False,True,True,True,False,False,False
PayPal,I was charged a penalty after missing a payment with PayPal.,False,True,False,False,False,False,False
PayPal,Misleading advertisement from PayPal did not disclose interest.,False,False,True,False,False,False,False
PayPal,I was charged a hidden fee after missing a payment with PayPal.,True,False,False,False,False,False,False
PayPal,Misleading advertisement from PayPal did not disclose late fee.,False,True,True,False,False,False,False
PayPal,Customer service at PayPal would not resolve my billing dispute.,False,False,False,False,False,True,True
PayPal,Unauthorized charge on my account related to PayPal. My credit score was affected.,False,False,False,True,True,False,False
PayPal,Unauthorized charge on my account related to PayPal. My credit score was affected.,False,False,False,True,True,False,False
PayPal,Misleading advertisement from PayPal did not disclose penalty. My credit score was affected.,False,True,True,True,False,False,False
PayPal,Customer service at PayPal would not resolve my billing dispute.,False,False,False,False,False,True,True
PayPal,Unauthorized charge on my account related to PayPal.,False,False,False,False,True,False,False
PayPal,Misleading advertisement from PayPal did not disclose hidden fee. My credit score was affected.,True,False,True,True,False,False,False
PayPal,Customer service at PayPal would not resolve my billing dispute.,False,False,False,False,False,True,True
PayPal,I was charged a late fee after missing a payment with PayPal.,False,True,False,False,False,False,False
PayPal,Misleading advertisement from PayPal did not disclose interest. My credit score was affected.,False,False,True,True,False,False,False
PayPal,Unauthorized charge on my account related to PayPal. My credit score was affected.,False,False,False,True,True,False,False
PayPal,I was charged a late fee after missing a payment with PayPal.,False,True,False,False,False,False,False
PayPal,Misleading advertisement from PayPal did not disclose penalty.,False,True,True,False,False,False,False
PayPal,Unauthorized charge on my account related to PayPal.,False,False,False,False,True,False,False
PayPal,Unauthorized charge on my account related to PayPal.,False,False,False,False,True,False,False
PayPal,Misleading advertisement from PayPal did not disclose interest.,False,False,True,False,False,False,False
PayPal,Unauthorized charge on my account related to PayPal.,False,False,False,False,True,False,False
PayPal,I was charged a interest after missing a payment with PayPal.,False,False,False,False,False,False,False
PayPal,Customer service at PayPal would not resolve my billing dispute.,False,False,False,False,False,True,True
PayPal,Customer service at PayPal would not resolve my billing dispute.,False,False,False,False,False,True,True
PayPal,I was charged a penalty after missing a payment with PayPal.,False,True,False,False,False,False,False
PayPal,Misleading advertisement from PayPal did not disclose penalty. My credit score was affected.,False,True,True,True,False,False,False
PayPal,I was charged a penalty after missing a payment with PayPal. My credit score was affected.,False,True,False,True,False,False,False
PayPal,Customer service at PayPal would not resolve my billing dispute.,False,False,False,False,False,True,True
PayPal,Unauthorized charge on my account related to PayPal. My credit score was affected.,False,False,False,True,True,False,False
PayPal,Unauthorized charge on my account related to PayPal.,False,False,False,False,True,False,False
PayPal,Unauthorized charge on my account related to PayPal. My credit score was affected.,False,False,False,True,True,False,False
PayPal,I was charged a late fee after missing a payment with PayPal.,False,True,False,False,False,False,False
PayPal,Customer service at PayPal would not resolve my billing dispute. My credit score was affected.,False,False,False,True,False,True,True
PayPal,Customer service at PayPal would not resolve my billing dispute. My credit score was affected.,False,False,False,True,False,True,True
PayPal,I was charged a penalty after missing a payment with PayPal.,False,True,False,False,False,False,False
PayPal,Unauthorized charge on my account related to PayPal.,False,False,False,False,True,False,False
PayPal,Customer service at PayPal would not resolve my billing dispute.,False,False,False,False,False,True,True
PayPal,I was charged a penalty after missing a payment with PayPal.,False,True,False,False,False,False,False
PayPal,Customer service at PayPal would not resolve my billing dispute.,False,False,False,False,False,True,True
PayPal,Customer service at PayPal would not resolve my billing dispute.,False,False,False,False,False,True,True
PayPal,I was charged a interest after missing a payment with PayPal. My credit score was affected.,False,False,False,True,False,False,False
PayPal,Customer service at PayPal would not resolve my billing dispute.,False,False,False,False,False,True,True
PayPal,I was charged a late fee after missing a payment with PayPal. My credit score was affected.,False,True,False,True,False,False,False
PayPal,Customer service at PayPal would not resolve my billing dispute. My credit score was affected.,False,False,False,True,False,True,True
PayPal,I was charged a hidden fee after missing a payment with PayPal.,True,False,False,False,False,False,False
PayPal,Customer service at PayPal would not resolve my billing dispute.,False,False,False,False,False,True,True
PayPal,Unauthorized charge on my account related to PayPal.,False,False,False,False,True,False,False
PayPal,Customer service at PayPal would not resolve my billing dispute. My credit score was affected.,False,False,False,True,False,True,True
PayPal,Misleading advertisement from PayPal did not disclose late fee.,False,True,True,False,False,False,False
PayPal,Unauthorized charge on my account related to PayPal.,False,False,False,False,True,False,False
PayPal,I was charged a penalty after missing a payment with PayPal.,False,True,False,False,False,False,False
PayPal,Unauthorized charge on my account related to PayPal.,False,False,False,False,True,False,False
PayPal,Customer service at PayPal would not resolve my billing dispute.,False,False,False,False,False,True,True
PayPal,Unauthorized charge on my account related to PayPal.,False,False,False,False,True,False,False
PayPal,Customer service at PayPal would not resolve my billing dispute.,False,False,False,False,False,True,True
PayPal,Unauthorized charge on my account related to PayPal. My credit score was affected.,False,False,False,True,True,False,False
PayPal,I was charged a late fee after missing a payment with PayPal.,False,True,False,False,False,False,False
PayPal,Customer service at PayPal would not resolve my billing dispute.,False,False,False,False,False,True,True
PayPal,I was charged a late fee after missing a payment with PayPal.,False,True,False,False,False,False,False
PayPal,Customer service at PayPal would not resolve my billing dispute.,False,False,False,False,False,True,True
PayPal,I was charged a late fee after missing a payment with PayPal.,False,True,False,False,False,False,False
PayPal,I was charged a late fee after missing a payment with PayPal.,False,True,False,False,False,False,False
PayPal,I was charged a hidden fee after missing a payment with PayPal. My credit score was affected.,True,False,False,True,False,False,False
PayPal,I was charged a interest after missing a payment with PayPal.,False,False,False,False,False,False,False
PayPal,Unauthorized charge on my account related to PayPal.,False,False,False,False,True,False,False
PayPal,Misleading advertisement from PayPal did not disclose penalty.,False,True,True,False,False,False,False
PayPal,Misleading advertisement from PayPal did not disclose penalty.,False,True,True,False,False,False,False
PayPal,Misleading advertisement from PayPal did not disclose interest.,False,False,True,False,False,False,False
PayPal,Customer service at PayPal would not resolve my billing dispute.,False,False,False,False,False,True,True
PayPal,I was charged a penalty after missing a payment with PayPal.,False,True,False,False,False,False,False
PayPal,I was charged a hidden fee after missing a payment with PayPal. My credit score was affected.,True,False,False,True,False,False,False
PayPal,Unauthorized charge on my account related to PayPal.,False,False,False,False,True,False,False
PayPal,Unauthorized charge on my account related to PayPal. My credit score was affected.,False,False,False,True,True,False,False
PayPal,Customer service at PayPal would not resolve my billing dispute.,False,False,False,False,False,True,True
PayPal,Misleading advertisement from PayPal did not disclose late fee.,False,True,True,False,False,False,False
PayPal,I was charged a interest after missing a payment with PayPal.,False,False,False,False,False,False,False
PayPal,Customer service at PayPal would not resolve my billing dispute.,False,False,False,False,False,True,True
PayPal,Customer service at PayPal would not resolve my billing dispute.,False,False,False,False,False,True,True
PayPal,Customer service at PayPal would not resolve my billing dispute.,False,False,False,False,False,True,True
PayPal,I was charged a hidden fee after missing a payment with PayPal. My credit score was affected.,True,False,False,True,False,False,False
PayPal,Customer service at PayPal would not resolve my billing dispute.,False,False,False,False,False,True,True
PayPal,Unauthorized charge on my account related to PayPal.,False,False,False,False,True,False,False
PayPal,Unauthorized charge on my account related to PayPal.,False,False,False,False,True,False,False
PayPal,Misleading advertisement from PayPal did not disclose penalty.,False,True,True,False,False,False,False
PayPal,Customer service at PayPal would not resolve my billing dispute.,False,False,False,False,False,True,True
PayPal,Unauthorized charge on my account related to PayPal.,False,False,False,False,True,False,False
PayPal,Unauthorized charge on my account related to PayPal.,False,False,False,False,True,False,False
PayPal,I was charged a hidden fee after missing a payment with PayPal.,True,False,False,False,False,False,False
PayPal,Unauthorized charge on my account related to PayPal. My credit score was affected.,False,False,False,True,True,False,False
PayPal,Unauthorized charge on my account related to PayPal.,False,False,False,False,True,False,False
PayPal,Unauthorized charge on my account related to PayPal.,False,False,False,False,True,False,False
PayPal,Misleading advertisement from PayPal did not disclose late fee. My credit score was affected.,False,True,True,True,False,False,False
PayPal,Misleading advertisement from PayPal did not disclose hidden fee.,True,False,True,False,False,False,False
PayPal,Unauthorized charge on my account related to PayPal.,False,False,False,False,True,False,False
PayPal,Unauthorized charge on my account related to PayPal. My credit score was affected.,False,False,False,True,True,False,False
PayPal,Misleading advertisement from PayPal did not disclose hidden fee. My credit score was affected.,True,False,True,True,False,False,False
PayPal,Unauthorized charge on my account related to PayPal. My credit score was affected.,False,False,False,True,True,False,False
PayPal,Unauthorized charge on my account related to PayPal.,False,False,False,False,True,False,False
PayPal,Unauthorized charge on my account related to PayPal. My credit score was affected.,False,False,False,True,True,False,False
PayPal,Misleading advertisement from PayPal did not disclose penalty.,False,True,True,False,False,False,False
PayPal,Unauthorized charge on my account related to PayPal. My credit score was affected.,False,False,False,True,True,False,False
PayPal,Customer service at PayPal would not resolve my billing dispute.,False,False,False,False,False,True,True
PayPal,Misleading advertisement from PayPal did not disclose penalty. My credit score was affected.,False,True,True,True,False,False,False
PayPal,Misleading advertisement from PayPal did not disclose hidden fee.,True,False,True,False,False,False,False
PayPal,Misleading advertisement from PayPal did not disclose interest.,False,False,True,False,False,False,False
PayPal,Misleading advertisement from PayPal did not disclose late fee.,False,True,True,False,False,False,False
PayPal,Customer service at PayPal would not resolve my billing dispute. My credit score was affected.,False,False,False,True,False,True,True
PayPal,I was charged a interest after missing a payment with PayPal.,False,False,False,False,False,False,False
PayPal,Customer service at PayPal would not resolve my billing dispute.,False,False,False,False,False,True,True
PayPal,I was charged a late fee after missing a payment with PayPal. My credit score was affected.,False,True,False,True,False,False,False
PayPal,I was charged a hidden fee after missing a payment with PayPal.,True,False,False,False,False,False,False
PayPal,Unauthorized charge on my account related to PayPal.,False,False,False,False,True,False,False
PayPal,Unauthorized charge on my account related to PayPal. My credit score was affected.,False,False,False,True,True,False,False
PayPal,Unauthorized charge on my account related to PayPal. My credit score was affected.,False,False,False,True,True,False,False
PayPal,Unauthorized charge on my account related to PayPal.,False,False,False,False,True,False,False
PayPal,Unauthorized charge on my account related to PayPal.,False,False,False,False,True,False,False
PayPal,Customer service at PayPal would not resolve my billing dispute.,False,False,False,False,False,True,True
PayPal,I was charged a late fee after missing a payment with PayPal. My credit score was affected.,False,True,False,True,False,False,False
PayPal,Unauthorized charge on my account related to PayPal. My credit score was affected.,False,False,False,True,True,False,False
PayPal,I was charged a interest after missing a payment with PayPal. My credit score was affected.,False,False,False,True,False,False,False
PayPal,I was charged a late fee after missing a payment with PayPal.,False,True,False,False,False,False,False
PayPal,Unauthorized charge on my account related to PayPal. My credit score was affected.,False,False,False,True,True,False,False
PayPal,Unauthorized charge on my account related to PayPal. My credit score was affected.,False,False,False,True,True,False,False
PayPal,Misleading advertisement from PayPal did not disclose late fee. My credit score was affected.,False,True,True,True,False,False,False
PayPal,Customer service at PayPal would not resolve my billing dispute.,False,False,False,False,False,True,True
PayPal,Misleading advertisement from PayPal did not disclose hidden fee. My credit score was affected.,True,False,True,True,False,False,False
PayPal,Misleading advertisement from PayPal did not disclose hidden fee. My credit score was affected.,True,False,True,True,False,False,False
PayPal,Customer service at PayPal would not resolve my billing dispute. My credit score was affected.,False,False,False,True,False,True,True
PayPal,Customer service at PayPal would not resolve my billing dispute.,False,False,False,False,False,True,True
PayPal,Unauthorized charge on my account related to PayPal.,False,False,False,False,True,False,False
PayPal,I was charged a interest after missing a payment with PayPal.,False,False,False,False,False,False,False
PayPal,I was charged a hidden fee after missing a payment with PayPal.,True,False,False,False,False,False,False
PayPal,Unauthorized charge on my account related to PayPal. My credit score was affected.,False,False,False,True,True,False,False
PayPal,Customer service at PayPal would not resolve my billing dispute. My credit score was affected.,False,False,False,True,False,True,True
PayPal,I was charged a interest after missing a payment with PayPal.,False,False,False,False,False,False,False
PayPal,Misleading advertisement from PayPal did not disclose penalty.,False,True,True,False,False,False,False
PayPal,Unauthorized charge on my account related to PayPal.,False,False,False,False,True,False,False
PayPal,Misleading advertisement from PayPal did not disclose interest. My credit score was affected.,False,False,True,True,False,False,False
PayPal,Customer service at PayPal would not resolve my billing dispute. My credit score was affected.,False,False,False,True,False,True,True
PayPal,Unauthorized charge on my account related to PayPal. My credit score was affected.,False,False,False,True,True,False,False
PayPal,Misleading advertisement from PayPal did not disclose interest.,False,False,True,False,False,False,False
PayPal,Customer service at PayPal would not resolve my billing dispute.,False,False,False,False,False,True,True
PayPal,Customer service at PayPal would not resolve my billing dispute. My credit score was affected.,False,False,False,True,False,True,True
PayPal,Misleading advertisement from PayPal did not disclose interest. My credit score was affected.,False,False,True,True,False,False,False
PayPal,Unauthorized charge on my account related to PayPal.,False,False,False,False,True,False,False
PayPal,Unauthorized charge on my account related to PayPal. My credit score was affected.,False,False,False,True,True,False,False
PayPal,Customer service at PayPal would not resolve my billing dispute.,False,False,False,False,False,True,True
PayPal,Customer service at PayPal would not resolve my billing dispute. My credit score was affected.,False,False,False,True,False,True,True
PayPal,Customer service at PayPal would not resolve my billing dispute. My credit score was affected.,False,False,False,True,False,True,True
PayPal,Misleading advertisement from PayPal did not disclose penalty. My credit score was affected.,False,True,True,True,False,False,False
PayPal,Misleading advertisement from PayPal did not disclose late fee.,False,True,True,False,False,False,False
PayPal,I was charged a late fee after missing a payment with PayPal.,False,True,False,False,False,False,False
PayPal,Unauthorized charge on my account related to PayPal.,False,False,False,False,True,False,False
PayPal,Unauthorized charge on my account related to PayPal.,False,False,False,False,True,False,False
PayPal,I was charged a penalty after missing a payment with PayPal.,False,True,False,False,False,False,False
PayPal,I was charged a penalty after missing a payment with PayPal. My credit score was affected.,False,True,False,True,False,False,False
PayPal,I was charged a late fee after missing a payment with PayPal.,False,True,False,False,False,False,False
PayPal,Misleading advertisement from PayPal did not disclose interest.,False,False,True,False,False,False,False
PayPal,Misleading advertisement from PayPal did not disclose penalty.,False,True,True,False,False,False,False
PayPal,Misleading advertisement from PayPal did not disclose interest. My credit score was affected.,False,False,True,True,False,False,False
PayPal,Misleading advertisement from PayPal did not disclose interest.,False,False,True,False,False,False,False
PayPal,Unauthorized charge on my account related to PayPal. My credit score was affected.,False,False,False,True,True,False,False
PayPal,Unauthorized charge on my account related to PayPal.,False,False,False,False,True,False,False
PayPal,I was charged a penalty after missing a payment with PayPal. My credit score was affected.,False,True,False,True,False,False,False
PayPal,Misleading advertisement from PayPal did not disclose penalty.,False,True,True,False,False,False,False
PayPal,Unauthorized charge on my account related to PayPal. My credit score was affected.,False,False,False,True,True,False,False
PayPal,Customer service at PayPal would not resolve my billing dispute. My credit score was affected.,False,False,False,True,False,True,True
PayPal,Unauthorized charge on my account related to PayPal.,False,False,False,False,True,False,False
PayPal,Misleading advertisement from PayPal did not disclose hidden fee. My credit score was affected.,True,False,True,True,False,False,False
PayPal,Unauthorized charge on my account related to PayPal.,False,False,False,False,True,False,False
PayPal,Customer service at PayPal would not resolve my billing dispute. My credit score was affected.,False,False,False,True,False,True,True
PayPal,Customer service at PayPal would not resolve my billing dispute.,False,False,False,False,False,True,True
PayPal,I was charged a penalty after missing a payment with PayPal.,False,True,False,False,False,False,False
PayPal,Unauthorized charge on my account related to PayPal.,False,False,False,False,True,False,False
PayPal,Customer service at PayPal would not resolve my billing dispute.,False,False,False,False,False,True,True
PayPal,Unauthorized charge on my account related to PayPal.,False,False,False,False,True,False,False
PayPal,I was charged a interest after missing a payment with PayPal.,False,False,False,False,False,False,False
PayPal,Customer service at PayPal would not resolve my billing dispute.,False,False,False,False,False,True,True
PayPal,I was charged a interest after missing a payment with PayPal.,False,False,False,False,False,False,False
PayPal,Customer service at PayPal would not resolve my billing dispute.,False,False,False,False,False,True,True
PayPal,Unauthorized charge on my account related to PayPal.,False,False,False,False,True,False,False
PayPal,Unauthorized charge on my account related to PayPal.,False,False,False,False,True,False,False
PayPal,Customer service at PayPal would not resolve my billing dispute.,False,False,False,False,False,True,True
PayPal,Misleading advertisement from PayPal did not disclose interest. My credit score was affected.,False,False,True,True,False,False,False
PayPal,Unauthorized charge on my account related to PayPal. My credit score was affected.,False,False,False,True,True,False,False
PayPal,I was charged a interest after missing a payment with PayPal.,False,False,False,False,False,False,False
PayPal,Unauthorized charge on my account related to PayPal.,False,False,False,False,True,False,False
PayPal,Customer service at PayPal would not resolve my billing dispute.,False,False,False,False,False,True,True
PayPal,Customer service at PayPal would not resolve my billing dispute.,False,False,False,False,False,True,True
PayPal,I was charged a penalty after missing a payment with PayPal.,False,True,False,False,False,False,False
PayPal,I was charged a interest after missing a payment with PayPal. My credit score was affected.,False,False,False,True,False,False,False
PayPal,I was charged a penalty after missing a payment with PayPal.,False,True,False,False,False,False,False
PayPal,Unauthorized charge on my account related to PayPal.,False,False,False,False,True,False,False
PayPal,Customer service at PayPal would not resolve my billing dispute.,False,False,False,False,False,True,True
PayPal,I was charged a interest after missing a payment with PayPal.,False,False,False,False,False,False,False
PayPal,Customer service at PayPal would not resolve my billing dispute.,False,False,False,False,False,True,True
PayPal,I was charged a penalty after missing a payment with PayPal. My credit score was affected.,False,True,False,True,False,False,False
PayPal,Customer service at PayPal would not resolve my billing dispute. My credit score was affected.,False,False,False,True,False,True,True
PayPal,Misleading advertisement from PayPal did not disclose hidden fee.,True,False,True,False,False,False,False
PayPal,I was charged a hidden fee after missing a payment with PayPal. My credit score was affected.,True,False,False,True,False,False,False
PayPal,Customer service at PayPal would not resolve my billing dispute.,False,False,False,False,False,True,True
PayPal,Customer service at PayPal would not resolve my billing dispute. My credit score was affected.,False,False,False,True,False,True,True
PayPal,I was charged a interest after missing a payment with PayPal.,False,False,False,False,False,False,False
PayPal,Misleading advertisement from PayPal did not disclose hidden fee. My credit score was affected.,True,False,True,True,False,False,False
PayPal,Customer service at PayPal would not resolve my billing dispute.,False,False,False,False,False,True,True
PayPal,Unauthorized charge on my account related to PayPal.,False,False,False,False,True,False,False
PayPal,Misleading advertisement from PayPal did not disclose penalty. My credit score was affected.,False,True,True,True,False,False,False
PayPal,Misleading advertisement from PayPal did not disclose hidden fee.,True,False,True,False,False,False,False
PayPal,Misleading advertisement from PayPal did not disclose interest.,False,False,True,False,False,False,False
PayPal,Customer service at PayPal would not resolve my billing dispute. My credit score was affected.,False,False,False,True,False,True,True
PayPal,I was charged a hidden fee after missing a payment with PayPal. My credit score was affected.,True,False,False,True,False,False,False
PayPal,I was charged a penalty after missing a payment with PayPal.,False,True,False,False,False,False,False
PayPal,Customer service at PayPal would not resolve my billing dispute.,False,False,False,False,False,True,True
PayPal,Unauthorized charge on my account related to PayPal.,False,False,False,False,True,False,False
PayPal,I was charged a hidden fee after missing a payment with PayPal.,True,False,False,False,False,False,False
PayPal,Misleading advertisement from PayPal did not disclose penalty.,False,True,True,False,False,False,False
PayPal,Misleading advertisement from PayPal did not disclose hidden fee. My credit score was affected.,True,False,True,True,False,False,False
PayPal,Misleading advertisement from PayPal did not disclose late fee. My credit score was affected.,False,True,True,True,False,False,False
PayPal,Customer service at PayPal would not resolve my billing dispute. My credit score was affected.,False,False,False,True,False,True,True
PayPal,I was charged a hidden fee after missing a payment with PayPal. My credit score was affected.,True,False,False,True,False,False,False
PayPal,Customer service at PayPal would not resolve my billing dispute.,False,False,False,False,False,True,True
PayPal,Unauthorized charge on my account related to PayPal.,False,False,False,False,True,False,False
PayPal,I was charged a penalty after missing a payment with PayPal.,False,True,False,False,False,False,False
PayPal,I was charged a late fee after missing a payment with PayPal. My credit score was affected.,False,True,False,True,False,False,False
PayPal,Unauthorized charge on my account related to PayPal. My credit score was affected.,False,False,False,True,True,False,False
PayPal,I was charged a penalty after missing a payment with PayPal.,False,True,False,False,False,False,False
PayPal,Misleading advertisement from PayPal did not disclose interest. My credit score was affected.,False,False,True,True,False,False,False
PayPal,Misleading advertisement from PayPal did not disclose penalty.,False,True,True,False,False,False,False
PayPal,I was charged a interest after missing a payment with PayPal. My credit score was affected.,False,False,False,True,False,False,False
PayPal,Unauthorized charge on my account related to PayPal.,False,False,False,False,True,False,False
PayPal,Customer service at PayPal would not resolve my billing dispute.,False,False,False,False,False,True,True
PayPal,I was charged a hidden fee after missing a payment with PayPal.,True,False,False,False,False,False,False
PayPal,Unauthorized charge on my account related to PayPal. My credit score was affected.,False,False,False,True,True,False,False
PayPal,Unauthorized charge on my account related to PayPal. My credit score was affected.,False,False,False,True,True,False,False
PayPal,Customer service at PayPal would not resolve my billing dispute.,False,False,False,False,False,True,True
PayPal,Misleading advertisement from PayPal did not disclose interest.,False,False,True,False,False,False,False
PayPal,Customer service at PayPal would not resolve my billing dispute. My credit score was affected.,False,False,False,True,False,True,True
PayPal,Misleading advertisement from PayPal did not disclose late fee.,False,True,True,False,False,False,False
PayPal,I was charged a interest after missing a payment with PayPal.,False,False,False,False,False,False,False
PayPal,Misleading advertisement from PayPal did not disclose hidden fee.,True,False,True,False,False,False,False
PayPal,Misleading advertisement from PayPal did not disclose interest.,False,False,True,False,False,False,False
PayPal,Misleading advertisement from PayPal did not disclose hidden fee. My credit score was affected.,True,False,True,True,False,False,False
PayPal,Customer service at PayPal would not resolve my billing dispute. My credit score was affected.,False,False,False,True,False,True,True
PayPal,I was charged a late fee after missing a payment with PayPal.,False,True,False,False,False,False,False
PayPal,Unauthorized charge on my account related to PayPal.,False,False,False,False,True,False,False
PayPal,I was charged a penalty after missing a payment with PayPal.,False,True,False,False,False,False,False
PayPal,I was charged a interest after missing a payment with PayPal. My credit score was affected.,False,False,False,True,False,False,False
PayPal,Unauthorized charge on my account related to PayPal. My credit score was affected.,False,False,False,True,True,False,False
PayPal,Misleading advertisement from PayPal did not disclose late fee.,False,True,True,False,False,False,False
PayPal,Unauthorized charge on my account related to PayPal. My credit score was affected.,False,False,False,True,True,False,False
PayPal,Misleading advertisement from PayPal did not disclose hidden fee. My credit score was affected.,True,False,True,True,False,False,False
PayPal,Customer service at PayPal would not resolve my billing dispute. My credit score was affected.,False,False,False,True,False,True,True
PayPal,I was charged a penalty after missing a payment with PayPal.,False,True,False,False,False,False,False
PayPal,I was charged a interest after missing a payment with PayPal. My credit score was affected.,False,False,False,True,False,False,False
PayPal,I was charged a penalty after missing a payment with PayPal.,False,True,False,False,False,False,False
PayPal,Unauthorized charge on my account related to PayPal.,False,False,False,False,True,False,False
PayPal,Customer service at PayPal would not resolve my billing dispute.,False,False,False,False,False,True,True
PayPal,Customer service at PayPal would not resolve my billing dispute.,False,False,False,False,False,True,True
PayPal,Customer service at PayPal would not resolve my billing dispute.,False,False,False,False,False,True,True
PayPal,Misleading advertisement from PayPal did not disclose late fee. My credit score was affected.,False,True,True,True,False,False,False
PayPal,Misleading advertisement from PayPal did not disclose penalty. My credit score was affected.,False,True,True,True,False,False,False
PayPal,Misleading advertisement from PayPal did not disclose interest. My credit score was affected.,False,False,True,True,False,False,False
PayPal,I was charged a hidden fee after missing a payment with PayPal.,True,False,False,False,False,False,False
PayPal,Unauthorized charge on my account related to PayPal.,False,False,False,False,True,False,False
PayPal,Misleading advertisement from PayPal did not disclose penalty.,False,True,True,False,False,False,False
PayPal,Customer service at PayPal would not resolve my billing dispute.,False,False,False,False,False,True,True
PayPal,Unauthorized charge on my account related to PayPal.,False,False,False,False,True,False,False
PayPal,Misleading advertisement from PayPal did not disclose penalty.,False,True,True,False,False,False,False
PayPal,Customer service at PayPal would not resolve my billing dispute.,False,False,False,False,False,True,True
PayPal,Misleading advertisement from PayPal did not disclose interest.,False,False,True,False,False,False,False
PayPal,Misleading advertisement from PayPal did not disclose penalty.,False,True,True,False,False,False,False
PayPal,Unauthorized charge on my account related to PayPal.,False,False,False,False,True,False,False
PayPal,Misleading advertisement from PayPal did not disclose penalty.,False,True,True,False,False,False,False
PayPal,I was charged a late fee after missing a payment with PayPal.,False,True,False,False,False,False,False
PayPal,Customer service at PayPal would not resolve my billing dispute.,False,False,False,False,False,True,True
PayPal,I was charged a interest after missing a payment with PayPal.,False,False,False,False,False,False,False
PayPal,Unauthorized charge on my account related to PayPal. My credit score was affected.,False,False,False,True,True,False,False
PayPal,Unauthorized charge on my account related to PayPal.,False,False,False,False,True,False,False
PayPal,Customer service at PayPal would not resolve my billing dispute. My credit score was affected.,False,False,False,True,False,True,True
PayPal,I was charged a penalty after missing a payment with PayPal.,False,True,False,False,False,False,False
PayPal,I was charged a penalty after missing a payment with PayPal.,False,True,False,False,False,False,False
PayPal,Customer service at PayPal would not resolve my billing dispute. My credit score was affected.,False,False,False,True,False,True,True
PayPal,Misleading advertisement from PayPal did not disclose penalty.,False,True,True,False,False,False,False
PayPal,Unauthorized charge on my account related to PayPal.,False,False,False,False,True,False,False
PayPal,Unauthorized charge on my account related to PayPal. My credit score was affected.,False,False,False,True,True,False,False
PayPal,I was charged a hidden fee after missing a payment with PayPal.,True,False,False,False,False,False,False
PayPal,Misleading advertisement from PayPal did not disclose hidden fee. My credit score was affected.,True,False,True,True,False,False,False
PayPal,I was charged a penalty after missing a payment with PayPal.,False,True,False,False,False,False,False
PayPal,I was charged a interest after missing a payment with PayPal.,False,False,False,False,False,False,False
PayPal,Misleading advertisement from PayPal did not disclose hidden fee.,True,False,True,False,False,False,False
PayPal,I was charged a penalty after missing a payment with PayPal. My credit score was affected.,False,True,False,True,False,False,False
PayPal,Unauthorized charge on my account related to PayPal.,False,False,False,False,True,False,False
PayPal,I was charged a hidden fee after missing a payment with PayPal.,True,False,False,False,False,False,False
PayPal,Misleading advertisement from PayPal did not disclose hidden fee. My credit score was affected.,True,False,True,True,False,False,False
PayPal,Unauthorized charge on my account related to PayPal. My credit score was affected.,False,False,False,True,True,False,False
PayPal,Unauthorized charge on my account related to PayPal. My credit score was affected.,False,False,False,True,True,False,False
PayPal,Misleading advertisement from PayPal did not disclose penalty.,False,True,True,False,False,False,False
PayPal,Misleading advertisement from PayPal did not disclose late fee.,False,True,True,False,False,False,False
PayPal,Customer service at PayPal would not resolve my billing dispute.,False,False,False,False,False,True,True
PayPal,Customer service at PayPal would not resolve my billing dispute. My credit score was affected.,False,False,False,True,False,True,True
PayPal,Misleading advertisement from PayPal did not disclose hidden fee. My credit score was affected.,True,False,True,True,False,False,False
PayPal,Misleading advertisement from PayPal did not disclose interest.,False,False,True,False,False,False,False
PayPal,Customer service at PayPal would not resolve my billing dispute.,False,False,False,False,False,True,True
PayPal,Unauthorized charge on my account related to PayPal. My credit score was affected.,False,False,False,True,True,False,False
PayPal,I was charged a hidden fee after missing a payment with PayPal.,True,False,False,False,False,False,False
PayPal,I was charged a late fee after missing a payment with PayPal. My credit score was affected.,False,True,False,True,False,False,False
PayPal,Customer service at PayPal would not resolve my billing dispute.,False,False,False,False,False,True,True
PayPal,Unauthorized charge on my account related to PayPal.,False,False,False,False,True,False,False
PayPal,Customer service at PayPal would not resolve my billing dispute. My credit score was affected.,False,False,False,True,False,True,True
PayPal,Misleading advertisement from PayPal did not disclose hidden fee.,True,False,True,False,False,False,False
PayPal,Customer service at PayPal would not resolve my billing dispute.,False,False,False,False,False,True,True
PayPal,Unauthorized charge on my account related to PayPal. My credit score was affected.,False,False,False,True,True,False,False
PayPal,Misleading advertisement from PayPal did not disclose penalty. My credit score was affected.,False,True,True,True,False,False,False
PayPal,Customer service at PayPal would not resolve my billing dispute. My credit score was affected.,False,False,False,True,False,True,True
PayPal,I was charged a interest after missing a payment with PayPal.,False,False,False,False,False,False,False
PayPal,Misleading advertisement from PayPal did not disclose interest.,False,False,True,False,False,False,False
PayPal,I was charged a late fee after missing a payment with PayPal.,False,True,False,False,False,False,False
PayPal,I was charged a hidden fee after missing a payment with PayPal. My credit score was affected.,True,False,False,True,False,False,False
PayPal,Misleading advertisement from PayPal did not disclose penalty. My credit score was affected.,False,True,True,True,False,False,False
PayPal,Unauthorized charge on my account related to PayPal. My credit score was affected.,False,False,False,True,True,False,False
PayPal,I was charged a late fee after missing a payment with PayPal.,False,True,False,False,False,False,False
PayPal,I was charged a interest after missing a payment with PayPal.,False,False,False,False,False,False,False
PayPal,Unauthorized charge on my account related to PayPal. My credit score was affected.,False,False,False,True,True,False,False
PayPal,Customer service at PayPal would not resolve my billing dispute. My credit score was affected.,False,False,False,True,False,True,True
PayPal,Misleading advertisement from PayPal did not disclose penalty. My credit score was affected.,False,True,True,True,False,False,False
PayPal,Customer service at PayPal would not resolve my billing dispute.,False,False,False,False,False,True,True
PayPal,Unauthorized charge on my account related to PayPal.,False,False,False,False,True,False,False
PayPal,Misleading advertisement from PayPal did not disclose hidden fee.,True,False,True,False,False,False,False
PayPal,Unauthorized charge on my account related to PayPal.,False,False,False,False,True,False,False
PayPal,Customer service at PayPal would not resolve my billing dispute.,False,False,False,False,False,True,True
PayPal,I was charged a interest after missing a payment with PayPal.,False,False,False,False,False,False,False
PayPal,Customer service at PayPal would not resolve my billing dispute.,False,False,False,False,False,True,True
PayPal,Misleading advertisement from PayPal did not disclose penalty.,False,True,True,False,False,False,False
PayPal,I was charged a penalty after missing a payment with PayPal.,False,True,False,False,False,False,False
PayPal,Unauthorized charge on my account related to PayPal. My credit score was affected.,False,False,False,True,True,False,False
PayPal,Unauthorized charge on my account related to PayPal. My credit score was affected.,False,False,False,True,True,False,False
PayPal,Unauthorized charge on my account related to PayPal.,False,False,False,False,True,False,False
PayPal,Misleading advertisement from PayPal did not disclose late fee.,False,True,True,False,False,False,False
PayPal,I was charged a penalty after missing a payment with PayPal.,False,True,False,False,False,False,False
PayPal,Customer service at PayPal would not resolve my billing dispute. My credit score was affected.,False,False,False,True,False,True,True
PayPal,Unauthorized charge on my account related to PayPal.,False,False,False,False,True,False,False
PayPal,Unauthorized charge on my account related to PayPal.,False,False,False,False,True,False,False
PayPal,Misleading advertisement from PayPal did not disclose penalty.,False,True,True,False,False,False,False
PayPal,I was charged a penalty after missing a payment with PayPal.,False,True,False,False,False,False,False
PayPal,Customer service at PayPal would not resolve my billing dispute. My credit score was affected.,False,False,False,True,False,True,True
PayPal,Unauthorized charge on my account related to PayPal. My credit score was affected.,False,False,False,True,True,False,False
PayPal,Customer service at PayPal would not resolve my billing dispute.,False,False,False,False,False,True,True
PayPal,Misleading advertisement from PayPal did not disclose hidden fee. My credit score was affected.,True,False,True,True,False,False,False
PayPal,Misleading advertisement from PayPal did not disclose hidden fee.,True,False,True,False,False,False,False
PayPal,Unauthorized charge on my account related to PayPal.,False,False,False,False,True,False,False
PayPal,Unauthorized charge on my account related to PayPal.,False,False,False,False,True,False,False
PayPal,Misleading advertisement from PayPal did not disclose hidden fee.,True,False,True,False,False,False,False
PayPal,I was charged a hidden fee after missing a payment with PayPal.,True,False,False,False,False,False,False
PayPal,Customer service at PayPal would not resolve my billing dispute.,False,False,False,False,False,True,True
PayPal,Customer service at PayPal would not resolve my billing dispute.,False,False,False,False,False,True,True
PayPal,Misleading advertisement from PayPal did not disclose hidden fee.,True,False,True,False,False,False,False
PayPal,Customer service at PayPal would not resolve my billing dispute.,False,False,False,False,False,True,True
PayPal,Misleading advertisement from PayPal did not disclose interest.,False,False,True,False,False,False,False
PayPal,Customer service at PayPal would not resolve my billing dispute.,False,False,False,False,False,True,True
PayPal,Customer service at PayPal would not resolve my billing dispute.,False,False,False,False,False,True,True
PayPal,Misleading advertisement from PayPal did not disclose penalty.,False,True,True,False,False,False,False
PayPal,Misleading advertisement from PayPal did not disclose hidden fee.,True,False,True,False,False,False,False
PayPal,Unauthorized charge on my account related to PayPal.,False,False,False,False,True,False,False
PayPal,Misleading advertisement from PayPal did not disclose interest.,False,False,True,False,False,False,False
PayPal,Unauthorized charge on my account related to PayPal. My credit score was affected.,False,False,False,True,True,False,False
PayPal,Customer service at PayPal would not resolve my billing dispute.,False,False,False,False,False,True,True
PayPal,Misleading advertisement from PayPal did not disclose interest. My credit score was affected.,False,False,True,True,False,False,False
PayPal,Unauthorized charge on my account related to PayPal.,False,False,False,False,True,False,False
PayPal,Customer service at PayPal would not resolve my billing dispute. My credit score was affected.,False,False,False,True,False,True,True
PayPal,Customer service at PayPal would not resolve my billing dispute.,False,False,False,False,False,True,True
PayPal,Misleading advertisement from PayPal did not disclose penalty. My credit score was affected.,False,True,True,True,False,False,False
PayPal,Misleading advertisement from PayPal did not disclose hidden fee.,True,False,True,False,False,False,False
PayPal,Misleading advertisement from PayPal did not disclose hidden fee.,True,False,True,False,False,False,False
PayPal,Unauthorized charge on my account related to PayPal.,False,False,False,False,True,False,False
PayPal,Unauthorized charge on my account related to PayPal.,False,False,False,False,True,False,False
PayPal,I was charged a interest after missing a payment with PayPal.,False,False,False,False,False,False,False
PayPal,Misleading advertisement from PayPal did not disclose interest. My credit score was affected.,False,False,True,True,False,False,False
PayPal,Customer service at PayPal would not resolve my billing dispute. My credit score was affected.,False,False,False,True,False,True,True
PayPal,I was charged a hidden fee after missing a payment with PayPal.,True,False,False,False,False,False,False
PayPal,Misleading advertisement from PayPal did not disclose penalty. My credit score was affected.,False,True,True,True,False,False,False
PayPal,Unauthorized charge on my account related to PayPal.,False,False,False,False,True,False,False
PayPal,Customer service at PayPal would not resolve my billing dispute. My credit score was affected.,False,False,False,True,False,True,True
PayPal,Unauthorized charge on my account related to PayPal.,False,False,False,False,True,False,False
Sezzle,I was charged a penalty after missing a payment with Sezzle. My credit score was affected.,False,True,False,True,False,False,False
Sezzle,I was charged a late fee after missing a payment with Sezzle.,False,True,False,False,False,False,False
Sezzle,I was charged a late fee after missing a payment with Sezzle.,False,True,False,False,False,False,False
Sezzle,Customer service at Sezzle would not resolve my billing dispute. My credit score was affected.,False,False,False,True,False,True,True
Sezzle,Unauthorized charge on my account related to Sezzle. My credit score was affected.,False,False,False,True,True,False,False
Sezzle,I was charged a hidden fee after missing a payment with Sezzle.,True,False,False,False,False,False,False
Sezzle,Misleading advertisement from Sezzle did not disclose interest.,False,False,True,False,False,False,False
Sezzle,Unauthorized charge on my account related to Sezzle. My credit score was affected.,False,False,False,True,True,False,False
Sezzle,Misleading advertisement from Sezzle did not disclose late fee. My credit score was affected.,False,True,True,True,False,False,False
Sezzle,Customer service at Sezzle would not resolve my billing dispute.,False,False,False,False,False,True,True
Sezzle,Misleading advertisement from Sezzle did not disclose late fee.,False,True,True,False,False,False,False
Sezzle,Unauthorized charge on my account related to Sezzle.,False,False,False,False,True,False,False
Sezzle,I was charged a hidden fee after missing a payment with Sezzle. My credit score was affected.,True,False,False,True,False,False,False
Sezzle,I was charged a hidden fee after missing a payment with Sezzle.,True,False,False,False,False,False,False
Sezzle,Misleading advertisement from Sezzle did not disclose late fee. My credit score was affected.,False,True,True,True,False,False,False
Sezzle,Misleading advertisement from Sezzle did not disclose penalty.,False,True,True,False,False,False,False
Sezzle,I was charged a hidden fee after missing a payment with Sezzle.,True,False,False,False,False,False,False
Sezzle,Unauthorized charge on my account related to Sezzle.,False,False,False,False,True,False,False
Sezzle,Unauthorized charge on my account related to Sezzle.,False,False,False,False,True,False,False
Sezzle,Customer service at Sezzle would not resolve my billing dispute.,False,False,False,False,False,True,True
Sezzle,Misleading advertisement from Sezzle did not disclose interest.,False,False,True,False,False,False,False
Sezzle,Customer service at Sezzle would not resolve my billing dispute.,False,False,False,False,False,True,True
Sezzle,I was charged a penalty after missing a payment with Sezzle. My credit score was affected.,False,True,False,True,False,False,False
Sezzle,Unauthorized charge on my account related to Sezzle.,False,False,False,False,True,False,False
Sezzle,Unauthorized charge on my account related to Sezzle.,False,False,False,False,True,False,False
Sezzle,Misleading advertisement from Sezzle did not disclose late fee. My credit score was affected.,False,True,True,True,False,False,False
Sezzle,Misleading advertisement from Sezzle did not disclose penalty. My credit score was affected.,False,True,True,True,False,False,False
Sezzle,Unauthorized charge on my account related to Sezzle.,False,False,False,False,True,False,False
Sezzle,Misleading advertisement from Sezzle did not disclose interest.,False,False,True,False,False,False,False
Sezzle,Unauthorized charge on my account related to Sezzle.,False,False,False,False,True,False,False
Sezzle,I was charged a penalty after missing a payment with Sezzle.,False,True,False,False,False,False,False
Sezzle,Unauthorized charge on my account related to Sezzle. My credit score was affected.,False,False,False,True,True,False,False
Sezzle,Unauthorized charge on my account related to Sezzle.,False,False,False,False,True,False,False
Sezzle,I was charged a hidden fee after missing a payment with Sezzle.,True,False,False,False,False,False,False
Sezzle,Customer service at Sezzle would not resolve my billing dispute.,False,False,False,False,False,True,True
Sezzle,Misleading advertisement from Sezzle did not disclose penalty.,False,True,True,False,False,False,False
Sezzle,Customer service at Sezzle would not resolve my billing dispute.,False,False,False,False,False,True,True
Sezzle,I was charged a interest after missing a payment with Sezzle. My credit score was affected.,False,False,False,True,False,False,False
Sezzle,Customer service at Sezzle would not resolve my billing dispute.,False,False,False,False,False,True,True
Sezzle,I was charged a hidden fee after missing a payment with Sezzle.,True,False,False,False,False,False,False
Sezzle,Customer service at Sezzle would not resolve my billing dispute.,False,False,False,False,False,True,True
Sezzle,Customer service at Sezzle would not resolve my billing dispute.,False,False,False,False,False,True,True
Sezzle,Customer service at Sezzle would not resolve my billing dispute.,False,False,False,False,False,True,True
Sezzle,Misleading advertisement from Sezzle did not disclose penalty.,False,True,True,False,False,False,False
Sezzle,I was charged a hidden fee after missing a payment with Sezzle.,True,False,False,False,False,False,False
Sezzle,Misleading advertisement from Sezzle did not disclose hidden fee.,True,False,True,False,False,False,False
Sezzle,Customer service at Sezzle would not resolve my billing dispute. My credit score was affected.,False,False,False,True,False,True,True
Sezzle,Customer service at Sezzle would not resolve my billing dispute. My credit score was affected.,False,False,False,True,False,True,True
Sezzle,Misleading advertisement from Sezzle did not disclose interest.,False,False,True,False,False,False,False
Sezzle,Misleading advertisement from Sezzle did not disclose late fee.,False,True,True,False,False,False,False
Sezzle,Customer service at Sezzle would not resolve my billing dispute.,False,False,False,False,False,True,True
Sezzle,Unauthorized charge on my account related to Sezzle.,False,False,False,False,True,False,False
Sezzle,Customer service at Sezzle would not resolve my billing dispute. My credit score was affected.,False,False,False,True,False,True,True
Sezzle,Customer service at Sezzle would not resolve my billing dispute. My credit score was affected.,False,False,False,True,False,True,True
Sezzle,Unauthorized charge on my account related to Sezzle.,False,False,False,False,True,False,False
Sezzle,Customer service at Sezzle would not resolve my billing dispute. My credit score was affected.,False,False,False,True,False,True,True
Sezzle,I was charged a penalty after missing a payment with Sezzle.,False,True,False,False,False,False,False
Sezzle,I was charged a late fee after missing a payment with Sezzle.,False,True,False,False,False,False,False
Sezzle,Unauthorized charge on my account related to Sezzle.,False,False,False,False,True,False,False
Sezzle,I was charged a penalty after missing a payment with Sezzle.,False,True,False,False,False,False,False
Sezzle,Customer service at Sezzle would not resolve my billing dispute.,False,False,False,False,False,True,True
Sezzle,I was charged a hidden fee after missing a payment with Sezzle. My credit score was affected.,True,False,False,True,False,False,False
Sezzle,Misleading advertisement from Sezzle did not disclose late fee.,False,True,True,False,False,False,False
Sezzle,Misleading advertisement from Sezzle did not disclose late fee. My credit score was affected.,False,True,True,True,False,False,False
Sezzle,Unauthorized charge on my account related to Sezzle. My credit score was affected.,False,False,False,True,True,False,False
Sezzle,Misleading advertisement from Sezzle did not disclose hidden fee.,True,False,True,False,False,False,False
Sezzle,Unauthorized charge on my account related to Sezzle. My credit score was affected.,False,False,False,True,True,False,False
Sezzle,Misleading advertisement from Sezzle did not disclose interest. My credit score was affected.,False,False,True,True,False,False,False
Sezzle,I was charged a hidden fee after missing a payment with Sezzle.,True,False,False,False,False,False,False
Sezzle,Unauthorized charge on my account related to Sezzle.,False,False,False,False,True,False,False
Sezzle,Customer service at Sezzle would not resolve my billing dispute. My credit score was affected.,False,False,False,True,False,True,True
Sezzle,Customer service at Sezzle would not resolve my billing dispute.,False,False,False,False,False,True,True
Sezzle,Misleading advertisement from Sezzle did not disclose interest.,False,False,True,False,False,False,False
Sezzle,I was charged a penalty after missing a payment with Sezzle.,False,True,False,False,False,False,False
Sezzle,Unauthorized charge on my account related to Sezzle. My credit score was affected.,False,False,False,True,True,False,False
Sezzle,Customer service at Sezzle would not resolve my billing dispute. My credit score was affected.,False,False,False,True,False,True,True
Sezzle,Customer service at Sezzle would not resolve my billing dispute. My credit score was affected.,False,False,False,True,False,True,True
Sezzle,I was charged a penalty after missing a payment with Sezzle.,False,True,False,False,False,False,False
Sezzle,Customer service at Sezzle would not resolve my billing dispute. My credit score was affected.,False,False,False,True,False,True,True
Sezzle,Customer service at Sezzle would not resolve my billing dispute. My credit score was affected.,False,False,False,True,False,True,True
Sezzle,Misleading advertisement from Sezzle did not disclose late fee.,False,True,True,False,False,False,False
Sezzle,I was charged a late fee after missing a payment with Sezzle.,False,True,False,False,False,False,False
Sezzle,Misleading advertisement from Sezzle did not disclose interest.,False,False,True,False,False,False,False
Sezzle,Unauthorized charge on my account related to Sezzle.,False,False,False,False,True,False,False
Sezzle,Unauthorized charge on my account related to Sezzle.,False,False,False,False,True,False,False
Sezzle,Unauthorized charge on my account related to Sezzle.,False,False,False,False,True,False,False
Sezzle,Unauthorized charge on my account related to Sezzle.,False,False,False,False,True,False,False
Sezzle,Misleading advertisement from Sezzle did not disclose hidden fee.,True,False,True,False,False,False,False
Sezzle,Misleading advertisement from Sezzle did not disclose late fee.,False,True,True,False,False,False,False
Sezzle,Customer service at Sezzle would not resolve my billing dispute.,False,False,False,False,False,True,True
Sezzle,Customer service at Sezzle would not resolve my billing dispute.,False,False,False,False,False,True,True
Sezzle,Unauthorized charge on my account related to Sezzle. My credit score was affected.,False,False,False,True,True,False,False
Sezzle,Misleading advertisement from Sezzle did not disclose hidden fee. My credit score was affected.,True,False,True,True,False,False,False
Sezzle,I was charged a interest after missing a payment with Sezzle.,False,False,False,False,False,False,False
Sezzle,Customer service at Sezzle would not resolve my billing dispute.,False,False,False,False,False,True,True
Sezzle,Misleading advertisement from Sezzle did not disclose interest.,False,False,True,False,False,False,False
Sezzle,Misleading advertisement from Sezzle did not disclose hidden fee.,True,False,True,False,False,False,False
Sezzle,Customer service at Sezzle would not resolve my billing dispute.,False,False,False,False,False,True,True
Sezzle,I was charged a penalty after missing a payment with Sezzle. My credit score was affected.,False,True,False,True,False,False,False
Sezzle,I was charged a hidden fee after missing a payment with Sezzle.,True,False,False,False,False,False,False
Sezzle,I was charged a interest after missing a payment with Sezzle. My credit score was affected.,False,False,False,True,False,False,False
Sezzle,Misleading advertisement from Sezzle did not disclose penalty. My credit score was affected.,False,True,True,True,False,False,False
Sezzle,Unauthorized charge on my account related to Sezzle. My credit score was affected.,False,False,False,True,True,False,False
Sezzle,Customer service at Sezzle would not resolve my billing dispute. My credit score was affected.,False,False,False,True,False,True,True
Sezzle,I was charged a interest after missing a payment with Sezzle. My credit score was affected.,False,False,False,True,False,False,False
Sezzle,Unauthorized charge on my account related to Sezzle. My credit score was affected.,False,False,False,True,True,False,False
Sezzle,Unauthorized charge on my account related to Sezzle. My credit score was affected.,False,False,False,True,True,False,False
Sezzle,Customer service at Sezzle would not resolve my billing dispute. My credit score was affected.,False,False,False,True,False,True,True
Sezzle,Misleading advertisement from Sezzle did not disclose hidden fee.,True,False,True,False,False,False,False
Sezzle,I was charged a penalty after missing a payment with Sezzle. My credit score was affected.,False,True,False,True,False,False,False
Sezzle,Customer service at Sezzle would not resolve my billing dispute. My credit score was affected.,False,False,False,True,False,True,True
Sezzle,I was charged a late fee after missing a payment with Sezzle.,False,True,False,False,False,False,False
Sezzle,I was charged a interest after missing a payment with Sezzle.,False,False,False,False,False,False,False
Sezzle,Unauthorized charge on my account related to Sezzle.,False,False,False,False,True,False,False
Sezzle,I was charged a hidden fee after missing a payment with Sezzle.,True,False,False,False,False,False,False
Sezzle,Unauthorized charge on my account related to Sezzle. My credit score was affected.,False,False,False,True,True,False,False
Sezzle,Customer service at Sezzle would not resolve my billing dispute.,False,False,False,False,False,True,True
Sezzle,Customer service at Sezzle would not resolve my billing dispute. My credit score was affected.,False,False,False,True,False,True,True
Sezzle,I was charged a hidden fee after missing a payment with Sezzle.,True,False,False,False,False,False,False
Sezzle,Customer service at Sezzle would not resolve my billing dispute.,False,False,False,False,False,True,True
Sezzle,I was charged a interest after missing a payment with Sezzle.,False,False,False,False,False,False,False
Sezzle,I was charged a interest after missing a payment with Sezzle.,False,False,False,False,False,False,False
Sezzle,Unauthorized charge on my account related to Sezzle. My credit score was affected.,False,False,False,True,True,False,False
Sezzle,I was charged a late fee after missing a payment with Sezzle. My credit score was affected.,False,True,False,True,False,False,False
Sezzle,Customer service at Sezzle would not resolve my billing dispute.,False,False,False,False,False,True,True
Sezzle,Unauthorized charge on my account related to Sezzle.,False,False,False,False,True,False,False
Sezzle,Unauthorized charge on my account related to Sezzle.,False,False,False,False,True,False,False
Sezzle,Unauthorized charge on my account related to Sezzle.,False,False,False,False,True,False,False
Sezzle,Unauthorized charge on my account related to Sezzle.,False,False,False,False,True,False,False
Sezzle,Customer service at Sezzle would not resolve my billing dispute.,False,False,False,False,False,True,True
Sezzle,Misleading advertisement from Sezzle did not disclose hidden fee.,True,False,True,False,False,False,False
Sezzle,I was charged a hidden fee after missing a payment with Sezzle.,True,False,False,False,False,False,False
Sezzle,Misleading advertisement from Sezzle did not disclose penalty.,False,True,True,False,False,False,False
Sezzle,Customer service at Sezzle would not resolve my billing dispute.,False,False,False,False,False,True,True
Sezzle,I was charged a late fee after missing a payment with Sezzle.,False,True,False,False,False,False,False
Sezzle,Misleading advertisement from Sezzle did not disclose late fee.,False,True,True,False,False,False,False
Sezzle,Unauthorized charge on my account related to Sezzle.,False,False,False,False,True,False,False
Sezzle,Unauthorized charge on my account related to Sezzle. My credit score was affected.,False,False,False,True,True,False,False
Sezzle,Misleading advertisement from Sezzle did not disclose hidden fee.,True,False,True,False,False,False,False
Sezzle,I was charged a interest after missing a payment with Sezzle.,False,False,False,False,False,False,False
Sezzle,Unauthorized charge on my account related to Sezzle.,False,False,False,False,True,False,False
Sezzle,Unauthorized charge on my account related to Sezzle.,False,False,False,False,True,False,False
Sezzle,I was charged a interest after missing a payment with Sezzle.,False,False,False,False,False,False,False
Sezzle,Customer service at Sezzle would not resolve my billing dispute.,False,False,False,False,False,True,True
Sezzle,Unauthorized charge on my account related to Sezzle.,False,False,False,False,True,False,False
Sezzle,Misleading advertisement from Sezzle did not disclose interest. My credit score was affected.,False,False,True,True,False,False,False
Sezzle,Customer service at Sezzle would not resolve my billing dispute.,False,False,False,False,False,True,True
Sezzle,Misleading advertisement from Sezzle did not disclose hidden fee. My credit score was affected.,True,False,True,True,False,False,False
Sezzle,Misleading advertisement from Sezzle did not disclose interest. My credit score was affected.,False,False,True,True,False,False,False
Sezzle,Unauthorized charge on my account related to Sezzle.,False,False,False,False,True,False,False
Sezzle,I was charged a penalty after missing a payment with Sezzle.,False,True,False,False,False,False,False
Sezzle,Customer service at Sezzle would not resolve my billing dispute. My credit score was affected.,False,False,False,True,False,True,True
Sezzle,Misleading advertisement from Sezzle did not disclose hidden fee.,True,False,True,False,False,False,False
Sezzle,I was charged a hidden fee after missing a payment with Sezzle.,True,False,False,False,False,False,False
Sezzle,Unauthorized charge on my account related to Sezzle. My credit score was affected.,False,False,False,True,True,False,False
Sezzle,I was charged a late fee after missing a payment with Sezzle.,False,True,False,False,False,False,False
Sezzle,Misleading advertisement from Sezzle did not disclose penalty.,False,True,True,False,False,False,False
Sezzle,Unauthorized charge on my account related to Sezzle.,False,False,False,False,True,False,False
Sezzle,Unauthorized charge on my account related to Sezzle.,False,False,False,False,True,False,False
Sezzle,Unauthorized charge on my account related to Sezzle.,False,False,False,False,True,False,False
Sezzle,Misleading advertisement from Sezzle did not disclose penalty.,False,True,True,False,False,False,False
Sezzle,Misleading advertisement from Sezzle did not disclose hidden fee. My credit score was affected.,True,False,True,True,False,False,False
Sezzle,Misleading advertisement from Sezzle did not disclose hidden fee.,True,False,True,False,False,False,False
Sezzle,I was charged a hidden fee after missing a payment with Sezzle. My credit score was affected.,True,False,False,True,False,False,False
Sezzle,Customer service at Sezzle would not resolve my billing dispute.,False,False,False,False,False,True,True
Sezzle,Customer service at Sezzle would not resolve my billing dispute.,False,False,False,False,False,True,True
Sezzle,Customer service at Sezzle would not resolve my billing dispute.,False,False,False,False,False,True,True
Sezzle,I was charged a hidden fee after missing a payment with Sezzle.,True,False,False,False,False,False,False
Sezzle,I was charged a late fee after missing a payment with Sezzle.,False,True,False,False,False,False,False
Sezzle,Customer service at Sezzle would not resolve my billing dispute.,False,False,False,False,False,True,True
Sezzle,Unauthorized charge on my account related to Sezzle.,False,False,False,False,True,False,False
Sezzle,I was charged a hidden fee after missing a payment with Sezzle. My credit score was affected.,True,False,False,True,False,False,False
Sezzle,I was charged a penalty after missing a payment with Sezzle. My credit score was affected.,False,True,False,True,False,False,False
Sezzle,Unauthorized charge on my account related to Sezzle.,False,False,False,False,True,False,False
Sezzle,Misleading advertisement from Sezzle did not disclose penalty.,False,True,True,False,False,False,False
Sezzle,I was charged a late fee after missing a payment with Sezzle. My credit score was affected.,False,True,False,True,False,False,False
Sezzle,Customer service at Sezzle would not resolve my billing dispute.,False,False,False,False,False,True,True
Sezzle,Misleading advertisement from Sezzle did not disclose hidden fee. My credit score was affected.,True,False,True,True,False,False,False
Sezzle,Customer service at Sezzle would not resolve my billing dispute.,False,False,False,False,False,True,True
Sezzle,Misleading advertisement from Sezzle did not disclose hidden fee. My credit score was affected.,True,False,True,True,False,False,False
Sezzle,I was charged a penalty after missing a payment with Sezzle.,False,True,False,False,False,False,False
Sezzle,Customer service at Sezzle would not resolve my billing dispute.,False,False,False,False,False,True,True
Sezzle,Misleading advertisement from Sezzle did not disclose interest.,False,False,True,False,False,False,False
Sezzle,Customer service at Sezzle would not resolve my billing dispute.,False,False,False,False,False,True,True
Sezzle,Customer service at Sezzle would not resolve my billing dispute.,False,False,False,False,False,True,True
Sezzle,Misleading advertisement from Sezzle did not disclose late fee.,False,True,True,False,False,False,False
Sezzle,Misleading advertisement from Sezzle did not disclose penalty.,False,True,True,False,False,False,False
Sezzle,Unauthorized charge on my account related to Sezzle.,False,False,False,False,True,False,False
Sezzle,Misleading advertisement from Sezzle did not disclose penalty.,False,True,True,False,False,False,False
Sezzle,Misleading advertisement from Sezzle did not disclose late fee.,False,True,True,False,False,False,False
Sezzle,Misleading advertisement from Sezzle did not disclose hidden fee.,True,False,True,False,False,False,False
Sezzle,Unauthorized charge on my account related to Sezzle. My credit score was affected.,False,False,False,True,True,False,False
Sezzle,Unauthorized charge on my account related to Sezzle.,False,False,False,False,True,False,False
Sezzle,Misleading advertisement from Sezzle did not disclose late fee.,False,True,True,False,False,False,False
Sezzle,Customer service at Sezzle would not resolve my billing dispute.,False,False,False,False,False,True,True
Sezzle,Misleading advertisement from Sezzle did not disclose hidden fee.,True,False,True,False,False,False,False
Sezzle,Unauthorized charge on my account related to Sezzle.,False,False,False,False,True,False,False
Sezzle,Unauthorized charge on my account related to Sezzle.,False,False,False,False,True,False,False
Sezzle,Customer service at Sezzle would not resolve my billing dispute. My credit score was affected.,False,False,False,True,False,True,True
Sezzle,Unauthorized charge on my account related to Sezzle. My credit score was affected.,False,False,False,True,True,False,False
Sezzle,Misleading advertisement from Sezzle did not disclose hidden fee.,True,False,True,False,False,False,False
Sezzle,Misleading advertisement from Sezzle did not disclose hidden fee.,True,False,True,False,False,False,False
Sezzle,Customer service at Sezzle would not resolve my billing dispute.,False,False,False,False,False,True,True
Sezzle,Unauthorized charge on my account related to Sezzle.,False,False,False,False,True,False,False
Sezzle,Misleading advertisement from Sezzle did not disclose interest.,False,False,True,False,False,False,False
Sezzle,I was charged a penalty after missing a payment with Sezzle. My credit score was affected.,False,True,False,True,False,False,False
Sezzle,Misleading advertisement from Sezzle did not disclose late fee. My credit score was affected.,False,True,True,True,False,False,False
Sezzle,Unauthorized charge on my account related to Sezzle. My credit score was affected.,False,False,False,True,True,False,False
Sezzle,Unauthorized charge on my account related to Sezzle. My credit score was affected.,False,False,False,True,True,False,False
Sezzle,I was charged a late fee after missing a payment with Sezzle.,False,True,False,False,False,False,False
Sezzle,Unauthorized charge on my account related to Sezzle.,False,False,False,False,True,False,False
Sezzle,Misleading advertisement from Sezzle did not disclose hidden fee. My credit score was affected.,True,False,True,True,False,False,False
Sezzle,Unauthorized charge on my account related to Sezzle.,False,False,False,False,True,False,False
Sezzle,I was charged a interest after missing a payment with Sezzle.,False,False,False,False,False,False,False
Sezzle,Unauthorized charge on my account related to Sezzle.,False,False,False,False,True,False,False
Sezzle,Misleading advertisement from Sezzle did not disclose penalty.,False,True,True,False,False,False,False
Sezzle,Misleading advertisement from Sezzle did not disclose late fee.,False,True,True,False,False,False,False
Sezzle,Misleading advertisement from Sezzle did not disclose hidden fee. My credit score was affected.,True,False,True,True,False,False,False
Sezzle,I was charged a hidden fee after missing a payment with Sezzle.,True,False,False,False,False,False,False
Sezzle,Customer service at Sezzle would not resolve my billing dispute.,False,False,False,False,False,True,True
Sezzle,Unauthorized charge on my account related to Sezzle.,False,False,False,False,True,False,False
Sezzle,Unauthorized charge on my account related to Sezzle.,False,False,False,False,True,False,False
Sezzle,Unauthorized charge on my account related to Sezzle. My credit score was affected.,False,False,False,True,True,False,False
Sezzle,I was charged a interest after missing a payment with Sezzle.,False,False,False,False,False,False,False
Sezzle,I was charged a interest after missing a payment with Sezzle.,False,False,False,False,False,False,False
Sezzle,Customer service at Sezzle would not resolve my billing dispute.,False,False,False,False,False,True,True
Sezzle,Unauthorized charge on my account related to Sezzle.,False,False,False,False,True,False,False
Sezzle,I was charged a hidden fee after missing a payment with Sezzle.,True,False,False,False,False,False,False
Sezzle,I was charged a penalty after missing a payment with Sezzle.,False,True,False,False,False,False,False
Sezzle,I was charged a interest after missing a payment with Sezzle. My credit score was affected.,False,False,False,True,False,False,False
Sezzle,I was charged a hidden fee after missing a payment with Sezzle.,True,False,False,False,False,False,False
Sezzle,I was charged a hidden fee after missing a payment with Sezzle.,True,False,False,False,False,False,False
Sezzle,Unauthorized charge on my account related to Sezzle.,False,False,False,False,True,False,False
Sezzle,Unauthorized charge on my account related to Sezzle. My credit score was affected.,False,False,False,True,True,False,False
Sezzle,Unauthorized charge on my account related to Sezzle.,False,False,False,False,True,False,False
Sezzle,Unauthorized charge on my account related to Sezzle.,False,False,False,False,True,False,False
Sezzle,Misleading advertisement from Sezzle did not disclose hidden fee.,True,False,True,False,False,False,False
Sezzle,I was charged a late fee after missing a payment with Sezzle.,False,True,False,False,False,False,False
Sezzle,I was charged a penalty after missing a payment with Sezzle.,False,True,False,False,False,False,False
Sezzle,Unauthorized charge on my account related to Sezzle. My credit score was affected.,False,False,False,True,True,False,False
Sezzle,I was charged a penalty after missing a payment with Sezzle.,False,True,False,False,False,False,False
Sezzle,Misleading advertisement from Sezzle did not disclose hidden fee.,True,False,True,False,False,False,False
Sezzle,Customer service at Sezzle would not resolve my billing dispute.,False,False,False,False,False,True,True
Sezzle,Misleading advertisement from Sezzle did not disclose penalty. My credit score was affected.,False,True,True,True,False,False,False
Sezzle,Unauthorized charge on my account related to Sezzle.,False,False,False,False,True,False,False
Sezzle,Unauthorized charge on my account related to Sezzle.,False,False,False,False,True,False,False
Sezzle,I was charged a penalty after missing a payment with Sezzle. My credit score was affected.,False,True,False,True,False,False,False
Sezzle,I was charged a late fee after missing a payment with Sezzle. My credit score was affected.,False,True,False,True,False,False,False
Sezzle,Customer service at Sezzle would not resolve my billing dispute. My credit score was affected.,False,False,False,True,False,True,True
Sezzle,Unauthorized charge on my account related to Sezzle.,False,False,False,False,True,False,False
Sezzle,Misleading advertisement from Sezzle did not disclose hidden fee.,True,False,True,False,False,False,False
Sezzle,Unauthorized charge on my account related to Sezzle.,False,False,False,False,True,False,False
Sezzle,Misleading advertisement from Sezzle did not disclose late fee.,False,True,True,False,False,False,False
Sezzle,Unauthorized charge on my account related to Sezzle.,False,False,False,False,True,False,False
Sezzle,Customer service at Sezzle would not resolve my billing dispute.,False,False,False,False,False,True,True
Sezzle,Unauthorized charge on my account related to Sezzle.,False,False,False,False,True,False,False
Sezzle,Unauthorized charge on my account related to Sezzle.,False,False,False,False,True,False,False
Sezzle,Unauthorized charge on my account related to Sezzle.,False,False,False,False,True,False,False
Sezzle,Misleading advertisement from Sezzle did not disclose penalty.,False,True,True,False,False,False,False
Sezzle,Misleading advertisement from Sezzle did not disclose late fee.,False,True,True,False,False,False,False
Sezzle,Customer service at Sezzle would not resolve my billing dispute.,False,False,False,False,False,True,True
Sezzle,Misleading advertisement from Sezzle did not disclose interest.,False,False,True,False,False,False,False
Sezzle,Misleading advertisement from Sezzle did not disclose interest. My credit score was affected.,False,False,True,True,False,False,False
Sezzle,Misleading advertisement from Sezzle did not disclose hidden fee.,True,False,True,False,False,False,False
Sezzle,Misleading advertisement from Sezzle did not disclose late fee.,False,True,True,False,False,False,False
Sezzle,I was charged a interest after missing a payment with Sezzle.,False,False,False,False,False,False,False
Sezzle,Unauthorized charge on my account related to Sezzle.,False,False,False,False,True,False,False
Sezzle,Unauthorized charge on my account related to Sezzle.,False,False,False,False,True,False,False
Sezzle,Customer service at Sezzle would not resolve my billing dispute.,False,False,False,False,False,True,True
Sezzle,I was charged a interest after missing a payment with Sezzle. My credit score was affected.,False,False,False,True,False,False,False
Sezzle,Unauthorized charge on my account related to Sezzle.,False,False,False,False,True,False,False
Sezzle,Unauthorized charge on my account related to Sezzle.,False,False,False,False,True,False,False
Sezzle,Misleading advertisement from Sezzle did not disclose penalty.,False,True,True,False,False,False,False
Sezzle,Unauthorized charge on my account related to Sezzle.,False,False,False,False,True,False,False
Sezzle,Unauthorized charge on my account related to Sezzle.,False,False,False,False,True,False,False
Sezzle,Unauthorized charge on my account related to Sezzle.,False,False,False,False,True,False,False
Sezzle,I was charged a hidden fee after missing a payment with Sezzle.,True,False,False,False,False,False,False
Sezzle,Unauthorized charge on my account related to Sezzle.,False,False,False,False,True,False,False
Sezzle,Misleading advertisement from Sezzle did not disclose hidden fee.,True,False,True,False,False,False,False
Sezzle,Misleading advertisement from Sezzle did not disclose late fee.,False,True,True,False,False,False,False
Sezzle,Misleading advertisement from Sezzle did not disclose hidden fee. My credit score was affected.,True,False,True,True,False,False,False
Sezzle,Unauthorized charge on my account related to Sezzle.,False,False,False,False,True,False,False
Sezzle,I was charged a interest after missing a payment with Sezzle.,False,False,False,False,False,False,False
Sezzle,Unauthorized charge on my account related to Sezzle. My credit score was affected.,False,False,False,True,True,False,False
Sezzle,Unauthorized charge on my account related to Sezzle.,False,False,False,False,True,False,False
Sezzle,Customer service at Sezzle would not resolve my billing dispute.,False,False,False,False,False,True,True
Sezzle,I was charged a interest after missing a payment with Sezzle.,False,False,False,False,False,False,False
Sezzle,Unauthorized charge on my account related to Sezzle. My credit score was affected.,False,False,False,True,True,False,False
Sezzle,Customer service at Sezzle would not resolve my billing dispute. My credit score was affected.,False,False,False,True,False,True,True
Sezzle,Customer service at Sezzle would not resolve my billing dispute.,False,False,False,False,False,True,True
Sezzle,Customer service at Sezzle would not resolve my billing dispute.,False,False,False,False,False,True,True
Sezzle,Misleading advertisement from Sezzle did not disclose interest.,False,False,True,False,False,False,False
Sezzle,Misleading advertisement from Sezzle did not disclose penalty.,False,True,True,False,False,False,False
Sezzle,Unauthorized charge on my account related to Sezzle. My credit score was affected.,False,False,False,True,True,False,False
Sezzle,I was charged a late fee after missing a payment with Sezzle. My credit score was affected.,False,True,False,True,False,False,False
Sezzle,I was charged a penalty after missing a payment with Sezzle. My credit score was affected.,False,True,False,True,False,False,False
Sezzle,Customer service at Sezzle would not resolve my billing dispute.,False,False,False,False,False,True,True
Sezzle,Customer service at Sezzle would not resolve my billing dispute.,False,False,False,False,False,True,True
Sezzle,Unauthorized charge on my account related to Sezzle.,False,False,False,False,True,False,False
Sezzle,Customer service at Sezzle would not resolve my billing dispute.,False,False,False,False,False,True,True
Sezzle,Unauthorized charge on my account related to Sezzle.,False,False,False,False,True,False,False
Sezzle,Unauthorized charge on my account related to Sezzle.,False,False,False,False,True,False,False
Sezzle,Customer service at Sezzle would not resolve my billing dispute.,False,False,False,False,False,True,True
Sezzle,Customer service at Sezzle would not resolve my billing dispute. My credit score was affected.,False,False,False,True,False,True,True
Sezzle,I was charged a hidden fee after missing a payment with Sezzle.,True,False,False,False,False,False,False
Sezzle,I was charged a interest after missing a payment with Sezzle.,False,False,False,False,False,False,False
Sezzle,I was charged a interest after missing a payment with Sezzle.,False,False,False,False,False,False,False
Sezzle,I was charged a interest after missing a payment with Sezzle.,False,False,False,False,False,False,False
Sezzle,Misleading advertisement from Sezzle did not disclose interest. My credit score was affected.,False,False,True,True,False,False,False
Sezzle,I was charged a interest after missing a payment with Sezzle.,False,False,False,False,False,False,False
Sezzle,Customer service at Sezzle would not resolve my billing dispute.,False,False,False,False,False,True,True
Sezzle,Misleading advertisement from Sezzle did not disclose penalty.,False,True,True,False,False,False,False
Sezzle,I was charged a interest after missing a payment with Sezzle.,False,False,False,False,False,False,False
Sezzle,Unauthorized charge on my account related to Sezzle. My credit score was affected.,False,False,False,True,True,False,False
Sezzle,Unauthorized charge on my account related to Sezzle.,False,False,False,False,True,False,False
Sezzle,I was charged a penalty after missing a payment with Sezzle. My credit score was affected.,False,True,False,True,False,False,False
Sezzle,I was charged a hidden fee after missing a payment with Sezzle. My credit score was affected.,True,False,False,True,False,False,False
Sezzle,I was charged a interest after missing a payment with Sezzle.,False,False,False,False,False,False,False
Sezzle,I was charged a late fee after missing a payment with Sezzle.,False,True,False,False,False,False,False
Sezzle,Customer service at Sezzle would not resolve my billing dispute.,False,False,False,False,False,True,True
Sezzle,Unauthorized charge on my account related to Sezzle. My credit score was affected.,False,False,False,True,True,False,False
Sezzle,I was charged a hidden fee after missing a payment with Sezzle. My credit score was affected.,True,False,False,True,False,False,False
Sezzle,Customer service at Sezzle would not resolve my billing dispute.,False,False,False,False,False,True,True
Sezzle,Misleading advertisement from Sezzle did not disclose late fee.,False,True,True,False,False,False,False
Sezzle,Unauthorized charge on my account related to Sezzle. My credit score was affected.,False,False,False,True,True,False,False
Sezzle,Customer service at Sezzle would not resolve my billing dispute. My credit score was affected.,False,False,False,True,False,True,True
Sezzle,Misleading advertisement from Sezzle did not disclose interest.,False,False,True,False,False,False,False
Sezzle,I was charged a late fee after missing a payment with Sezzle.,False,True,False,False,False,False,False
Sezzle,Customer service at Sezzle would not resolve my billing dispute. My credit score was affected.,False,False,False,True,False,True,True
Sezzle,Unauthorized charge on my account related to Sezzle.,False,False,False,False,True,False,False
Sezzle,I was charged a hidden fee after missing a payment with Sezzle. My credit score was affected.,True,False,False,True,False,False,False
Sezzle,Misleading advertisement from Sezzle did not disclose late fee. My credit score was affected.,False,True,True,True,False,False,False
Sezzle,Misleading advertisement from Sezzle did not disclose hidden fee.,True,False,True,False,False,False,False
Sezzle,Unauthorized charge on my account related to Sezzle.,False,False,False,False,True,False,False
Sezzle,Misleading advertisement from Sezzle did not disclose hidden fee.,True,False,True,False,False,False,False
Sezzle,Unauthorized charge on my account related to Sezzle. My credit score was affected.,False,False,False,True,True,False,False
Sezzle,Misleading advertisement from Sezzle did not disclose interest.,False,False,True,False,False,False,False
Sezzle,Customer service at Sezzle would not resolve my billing dispute.,False,False,False,False,False,True,True
Sezzle,I was charged a penalty after missing a payment with Sezzle.,False,True,False,False,False,False,False
Sezzle,I was charged a hidden fee after missing a payment with Sezzle.,True,False,False,False,False,False,False
Sezzle,Customer service at Sezzle would not resolve my billing dispute.,False,False,False,False,False,True,True
Sezzle,Customer service at Sezzle would not resolve my billing dispute. My credit score was affected.,False,False,False,True,False,True,True
Sezzle,Unauthorized charge on my account related to Sezzle.,False,False,False,False,True,False,False
Sezzle,Unauthorized charge on my account related to Sezzle. My credit score was affected.,False,False,False,True,True,False,False
Sezzle,I was charged a late fee after missing a payment with Sezzle.,False,True,False,False,False,False,False
Sezzle,Misleading advertisement from Sezzle did not disclose hidden fee.,True,False,True,False,False,False,False
Sezzle,Customer service at Sezzle would not resolve my billing dispute.,False,False,False,False,False,True,True
Sezzle,Unauthorized charge on my account related to Sezzle. My credit score was affected.,False,False,False,True,True,False,False
Sezzle,Misleading advertisement from Sezzle did not disclose interest.,False,False,True,False,False,False,False
Sezzle,I was charged a late fee after missing a payment with Sezzle. My credit score was affected.,False,True,False,True,False,False,False
Sezzle,Misleading advertisement from Sezzle did not disclose penalty. My credit score was affected.,False,True,True,True,False,False,False
Sezzle,Unauthorized charge on my account related to Sezzle. My credit score was affected.,False,False,False,True,True,False,False
Sezzle,Misleading advertisement from Sezzle did not disclose penalty. My credit score was affected.,False,True,True,True,False,False,False
Sezzle,Unauthorized charge on my account related to Sezzle.,False,False,False,False,True,False,False
Sezzle,Misleading advertisement from Sezzle did not disclose late fee. My credit score was affected.,False,True,True,True,False,False,False
Sezzle,Customer service at Sezzle would not resolve my billing dispute.,False,False,False,False,False,True,True
Sezzle,Unauthorized charge on my account related to Sezzle.,False,False,False,False,True,False,False
Sezzle,Customer service at Sezzle would not resolve my billing dispute.,False,False,False,False,False,True,True
Sezzle,Misleading advertisement from Sezzle did not disclose interest.,False,False,True,False,False,False,False
Sezzle,I was charged a penalty after missing a payment with Sezzle.,False,True,False,False,False,False,False
Sezzle,Misleading advertisement from Sezzle did not disclose penalty. My credit score was affected.,False,True,True,True,False,False,False
Sezzle,Customer service at Sezzle would not resolve my billing dispute.,False,False,False,False,False,True,True
Sezzle,Misleading advertisement from Sezzle did not disclose late fee.,False,True,True,False,False,False,False
Sezzle,Misleading advertisement from Sezzle did not disclose penalty.,False,True,True,False,False,False,False
Sezzle,Customer service at Sezzle would not resolve my billing dispute.,False,False,False,False,False,True,True
Sezzle,Misleading advertisement from Sezzle did not disclose penalty.,False,True,True,False,False,False,False
Sezzle,I was charged a penalty after missing a payment with Sezzle.,False,True,False,False,False,False,False
Sezzle,Misleading advertisement from Sezzle did not disclose late fee.,False,True,True,False,False,False,False
Sezzle,I was charged a interest after missing a payment with Sezzle. My credit score was affected.,False,False,False,True,False,False,False
Sezzle,Unauthorized charge on my account related to Sezzle. My credit score was affected.,False,False,False,True,True,False,False
Sezzle,Misleading advertisement from Sezzle did not disclose interest.,False,False,True,False,False,False,False
Sezzle,Customer service at Sezzle would not resolve my billing dispute. My credit score was affected.,False,False,False,True,False,True,True
Sezzle,Customer service at Sezzle would not resolve my billing dispute.,False,False,False,False,False,True,True
Sezzle,Misleading advertisement from Sezzle did not disclose late fee.,False,True,True,False,False,False,False
Sezzle,Unauthorized charge on my account related to Sezzle.,False,False,False,False,True,False,False
Sezzle,Unauthorized charge on my account related to Sezzle.,False,False,False,False,True,False,False
Sezzle,Customer service at Sezzle would not resolve my billing dispute.,False,False,False,False,False,True,True
Sezzle,Customer service at Sezzle would not resolve my billing dispute.,False,False,False,False,False,True,True
Sezzle,Customer service at Sezzle would not resolve my billing dispute.,False,False,False,False,False,True,True
Sezzle,I was charged a hidden fee after missing a payment with Sezzle. My credit score was affected.,True,False,False,True,False,False,False
Sezzle,Unauthorized charge on my account related to Sezzle.,False,False,False,False,True,False,False
Sezzle,Unauthorized charge on my account related to Sezzle.,False,False,False,False,True,False,False
Sezzle,Customer service at Sezzle would not resolve my billing dispute.,False,False,False,False,False,True,True
Sezzle,Unauthorized charge on my account related to Sezzle. My credit score was affected.,False,False,False,True,True,False,False
Sezzle,Unauthorized charge on my account related to Sezzle. My credit score was affected.,False,False,False,True,True,False,False
Sezzle,Unauthorized charge on my account related to Sezzle.,False,False,False,False,True,False,False
Sezzle,Unauthorized charge on my account related to Sezzle.,False,False,False,False,True,False,False
Sezzle,Misleading advertisement from Sezzle did not disclose penalty. My credit score was affected.,False,True,True,True,False,False,False
Sezzle,I was charged a hidden fee after missing a payment with Sezzle.,True,False,False,False,False,False,False
Sezzle,Customer service at Sezzle would not resolve my billing dispute.,False,False,False,False,False,True,True
Sezzle,Misleading advertisement from Sezzle did not disclose hidden fee.,True,False,True,False,False,False,False
Sezzle,Unauthorized charge on my account related to Sezzle.,False,False,False,False,True,False,False
Sezzle,I was charged a late fee after missing a payment with Sezzle.,False,True,False,False,False,False,False
Sezzle,Misleading advertisement from Sezzle did not disclose penalty.,False,True,True,False,False,False,False
Sezzle,I was charged a hidden fee after missing a payment with Sezzle.,True,False,False,False,False,False,False
Sezzle,Unauthorized charge on my account related to Sezzle. My credit score was affected.,False,False,False,True,True,False,False
Sezzle,Unauthorized charge on my account related to Sezzle.,False,False,False,False,True,False,False
Sezzle,Customer service at Sezzle would not resolve my billing dispute.,False,False,False,False,False,True,True
Sezzle,I was charged a interest after missing a payment with Sezzle.,False,False,False,False,False,False,False
Sezzle,Unauthorized charge on my account related to Sezzle.,False,False,False,False,True,False,False
Sezzle,Misleading advertisement from Sezzle did not disclose late fee.,False,True,True,False,False,False,False
Sezzle,I was charged a penalty after missing a payment with Sezzle.,False,True,False,False,False,False,False
Sezzle,Unauthorized charge on my account related to Sezzle.,False,False,False,False,True,False,False
Sezzle,Unauthorized charge on my account related to Sezzle. My credit score was affected.,False,False,False,True,True,False,False
Sezzle,I was charged a penalty after missing a payment with Sezzle.,False,True,False,False,False,False,False
Sezzle,Unauthorized charge on my account related to Sezzle.,False,False,False,False,True,False,False
Sezzle,Unauthorized charge on my account related to Sezzle.,False,False,False,False,True,False,False
Sezzle,Customer service at Sezzle would not resolve my billing dispute. My credit score was affected.,False,False,False,True,False,True,True
Sezzle,Unauthorized charge on my account related to Sezzle.,False,False,False,False,True,False,False
Sezzle,Misleading advertisement from Sezzle did not disclose penalty. My credit score was affected.,False,True,True,True,False,False,False
Sezzle,I was charged a hidden fee after missing a payment with Sezzle. My credit score was affected.,True,False,False,True,False,False,False
Sezzle,Unauthorized charge on my account related to Sezzle. My credit score was affected.,False,False,False,True,True,False,False
Sezzle,Unauthorized charge on my account related to Sezzle. My credit score was affected.,False,False,False,True,True,False,False
Sezzle,I was charged a interest after missing a payment with Sezzle.,False,False,False,False,False,False,False
Sezzle,I was charged a penalty after missing a payment with Sezzle.,False,True,False,False,False,False,False
Sezzle,Misleading advertisement from Sezzle did not disclose penalty. My credit score was affected.,False,True,True,True,False,False,False
Sezzle,I was charged a penalty after missing a payment with Sezzle.,False,True,False,False,False,False,False
Sezzle,Unauthorized charge on my account related to Sezzle.,False,False,False,False,True,False,False
Sezzle,Misleading advertisement from Sezzle did not disclose penalty.,False,True,True,False,False,False,False
Sezzle,Misleading advertisement from Sezzle did not disclose penalty.,False,True,True,False,False,False,False
Sezzle,Unauthorized charge on my account related to Sezzle. My credit score was affected.,False,False,False,True,True,False,False
Sezzle,Unauthorized charge on my account related to Sezzle.,False,False,False,False,True,False,False
Sezzle,Misleading advertisement from Sezzle did not disclose late fee.,False,True,True,False,False,False,False
Sezzle,Customer service at Sezzle would not resolve my billing dispute. My credit score was affected.,False,False,False,True,False,True,True
Sezzle,Customer service at Sezzle would not resolve my billing dispute.,False,False,False,False,False,True,True
Sezzle,Unauthorized charge on my account related to Sezzle.,False,False,False,False,True,False,False
Sezzle,Customer service at Sezzle would not resolve my billing dispute.,False,False,False,False,False,True,True
Sezzle,Unauthorized charge on my account related to Sezzle. My credit score was affected.,False,False,False,True,True,False,False
Sezzle,Misleading advertisement from Sezzle did not disclose hidden fee.,True,False,True,False,False,False,False
Sezzle,Unauthorized charge on my account related to Sezzle. My credit score was affected.,False,False,False,True,True,False,False
Sezzle,Customer service at Sezzle would not resolve my billing dispute.,False,False,False,False,False,True,True
Sezzle,Unauthorized charge on my account related to Sezzle. My credit score was affected.,False,False,False,True,True,False,False
Sezzle,Unauthorized charge on my account related to Sezzle. My credit score was affected.,False,False,False,True,True,False,False
Sezzle,Misleading advertisement from Sezzle did not disclose penalty.,False,True,True,False,False,False,False
Sezzle,Customer service at Sezzle would not resolve my billing dispute.,False,False,False,False,False,True,True
Sezzle,Customer service at Sezzle would not resolve my billing dispute.,False,False,False,False,False,True,True
Sezzle,I was charged a hidden fee after missing a payment with Sezzle. My credit score was affected.,True,False,False,True,False,False,False
Sezzle,Unauthorized charge on my account related to Sezzle.,False,False,False,False,True,False,False
Sezzle,Misleading advertisement from Sezzle did not disclose late fee.,False,True,True,False,False,False,False
Sezzle,Unauthorized charge on my account related to Sezzle.,False,False,False,False,True,False,False
Sezzle,Unauthorized charge on my account related to Sezzle. My credit score was affected.,False,False,False,True,True,False,False
Sezzle,I was charged a interest after missing a payment with Sezzle. My credit score was affected.,False,False,False,True,False,False,False
Sezzle,Customer service at Sezzle would not resolve my billing dispute.,False,False,False,False,False,True,True
Sezzle,Customer service at Sezzle would not resolve my billing dispute. My credit score was affected.,False,False,False,True,False,True,True
Sezzle,Unauthorized charge on my account related to Sezzle. My credit score was affected.,False,False,False,True,True,False,False
Sezzle,Misleading advertisement from Sezzle did not disclose late fee. My credit score was affected.,False,True,True,True,False,False,False
Sezzle,Customer service at Sezzle would not resolve my billing dispute. My credit score was affected.,False,False,False,True,False,True,True
Sezzle,Unauthorized charge on my account related to Sezzle.,False,False,False,False,True,False,False
Sezzle,Unauthorized charge on my account related to Sezzle. My credit score was affected.,False,False,False,True,True,False,False
Sezzle,Customer service at Sezzle would not resolve my billing dispute.,False,False,False,False,False,True,True
Sezzle,Misleading advertisement from Sezzle did not disclose late fee.,False,True,True,False,False,False,False
Sezzle,Customer service at Sezzle would not resolve my billing dispute.,False,False,False,False,False,True,True
Sezzle,Unauthorized charge on my account related to Sezzle.,False,False,False,False,True,False,False
Sezzle,I was charged a late fee after missing a payment with Sezzle.,False,True,False,False,False,False,False
Sezzle,I was charged a penalty after missing a payment with Sezzle.,False,True,False,False,False,False,False
Sezzle,Misleading advertisement from Sezzle did not disclose late fee. My credit score was affected.,False,True,True,True,False,False,False
Sezzle,Misleading advertisement from Sezzle did not disclose late fee.,False,True,True,False,False,False,False
Sezzle,Misleading advertisement from Sezzle did not disclose hidden fee. My credit score was affected.,True,False,True,True,False,False,False
Sezzle,Customer service at Sezzle would not resolve my billing dispute.,False,False,False,False,False,True,True
Sezzle,Misleading advertisement from Sezzle did not disclose late fee.,False,True,True,False,False,False,False
Sezzle,I was charged a late fee after missing a payment with Sezzle. My credit score was affected.,False,True,False,True,False,False,False
Sezzle,Misleading advertisement from Sezzle did not disclose hidden fee.,True,False,True,False,False,False,False
Sezzle,Unauthorized charge on my account related to Sezzle.,False,False,False,False,True,False,False
Sezzle,Customer service at Sezzle would not resolve my billing dispute.,False,False,False,False,False,True,True
Sezzle,Misleading advertisement from Sezzle did not disclose late fee.,False,True,True,False,False,False,False
Sezzle,I was charged a interest after missing a payment with Sezzle.,False,False,False,False,False,False,False
Sezzle,Misleading advertisement from Sezzle did not disclose hidden fee.,True,False,True,False,False,False,False
Sezzle,Misleading advertisement from Sezzle did not disclose interest.,False,False,True,False,False,False,False
Sezzle,Unauthorized charge on my account related to Sezzle.,False,False,False,False,True,False,False
Sezzle,I was charged a late fee after missing a payment with Sezzle.,False,True,False,False,False,False,False
Sezzle,Unauthorized charge on my account related to Sezzle. My credit score was affected.,False,False,False,True,True,False,False
Sezzle,Customer service at Sezzle would not resolve my billing dispute. My credit score was affected.,False,False,False,True,False,True,True
Sezzle,Misleading advertisement from Sezzle did not disclose hidden fee.,True,False,True,False,False,False,False
Sezzle,Misleading advertisement from Sezzle did not disclose late fee.,False,True,True,False,False,False,False
Sezzle,Misleading advertisement from Sezzle did not disclose interest. My credit score was affected.,False,False,True,True,False,False,False
Sezzle,I was charged a late fee after missing a payment with Sezzle. My credit score was affected.,False,True,False,True,False,False,False
Sezzle,Customer service at Sezzle would not resolve my billing dispute.,False,False,False,False,False,True,True
Sezzle,Misleading advertisement from Sezzle did not disclose late fee.,False,True,True,False,False,False,False
Sezzle,Unauthorized charge on my account related to Sezzle. My credit score was affected.,False,False,False,True,True,False,False
Sezzle,Misleading advertisement from Sezzle did not disclose late fee.,False,True,True,False,False,False,False
Sezzle,Misleading advertisement from Sezzle did not disclose interest.,False,False,True,False,False,False,False
Sezzle,Customer service at Sezzle would not resolve my billing dispute.,False,False,False,False,False,True,True
Sezzle,I was charged a hidden fee after missing a payment with Sezzle. My credit score was affected.,True,False,False,True,False,False,False
Sezzle,I was charged a penalty after missing a payment with Sezzle.,False,True,False,False,False,False,False
Sezzle,Customer service at Sezzle would not resolve my billing dispute.,False,False,False,False,False,True,True
Sezzle,Misleading advertisement from Sezzle did not disclose hidden fee.,True,False,True,False,False,False,False
Sezzle,Unauthorized charge on my account related to Sezzle.,False,False,False,False,True,False,False
Sezzle,Unauthorized charge on my account related to Sezzle. My credit score was affected.,False,False,False,True,True,False,False
Sezzle,I was charged a late fee after missing a payment with Sezzle.,False,True,False,False,False,False,False
Sezzle,Misleading advertisement from Sezzle did not disclose hidden fee.,True,False,True,False,False,False,False
Sezzle,Misleading advertisement from Sezzle did not disclose interest.,False,False,True,False,False,False,False
Sezzle,Customer service at Sezzle would not resolve my billing dispute. My credit score was affected.,False,False,False,True,False,True,True
Sezzle,I was charged a interest after missing a payment with Sezzle.,False,False,False,False,False,False,False
Sezzle,Unauthorized charge on my account related to Sezzle. My credit score was affected.,False,False,False,True,True,False,False
Sezzle,I was charged a hidden fee after missing a payment with Sezzle. My credit score was affected.,True,False,False,True,False,False,False
Sezzle,Misleading advertisement from Sezzle did not disclose penalty. My credit score was affected.,False,True,True,True,False,False,False
Sezzle,I was charged a late fee after missing a payment with Sezzle.,False,True,False,False,False,False,False
Sezzle,Customer service at Sezzle would not resolve my billing dispute.,False,False,False,False,False,True,True
Sezzle,Misleading advertisement from Sezzle did not disclose hidden fee.,True,False,True,False,False,False,False
Sezzle,Customer service at Sezzle would not resolve my billing dispute.,False,False,False,False,False,True,True
Sezzle,Unauthorized charge on my account related to Sezzle. My credit score was affected.,False,False,False,True,True,False,False
Sezzle,Misleading advertisement from Sezzle did not disclose late fee.,False,True,True,False,False,False,False
Sezzle,Unauthorized charge on my account related to Sezzle. My credit score was affected.,False,False,False,True,True,False,False
Sezzle,Customer service at Sezzle would not resolve my billing dispute.,False,False,False,False,False,True,True
Sezzle,Unauthorized charge on my account related to Sezzle. My credit score was affected.,False,False,False,True,True,False,False
Sezzle,Customer service at Sezzle would not resolve my billing dispute.,False,False,False,False,False,True,True
Sezzle,I was charged a interest after missing a payment with Sezzle.,False,False,False,False,False,False,False
Sezzle,Unauthorized charge on my account related to Sezzle.,False,False,False,False,True,False,False
Sezzle,I was charged a hidden fee after missing a payment with Sezzle.,True,False,False,False,False,False,False
Sezzle,Misleading advertisement from Sezzle did not disclose interest. My credit score was affected.,False,False,True,True,False,False,False
Sezzle,I was charged a late fee after missing a payment with Sezzle. My credit score was affected.,False,True,False,True,False,False,False
Sezzle,Misleading advertisement from Sezzle did not disclose late fee.,False,True,True,False,False,False,False
Sezzle,Unauthorized charge on my account related to Sezzle. My credit score was affected.,False,False,False,True,True,False,False
Sezzle,Customer service at Sezzle would not resolve my billing dispute. My credit score was affected.,False,False,False,True,False,True,True
Sezzle,Unauthorized charge on my account related to Sezzle.,False,False,False,False,True,False,False
Sezzle,Customer service at Sezzle would not resolve my billing dispute.,False,False,False,False,False,True,True
Sezzle,Unauthorized charge on my account related to Sezzle. My credit score was affected.,False,False,False,True,True,False,False
Sezzle,I was charged a penalty after missing a payment with Sezzle.,False,True,False,False,False,False,False
Sezzle,I was charged a penalty after missing a payment with Sezzle.,False,True,False,False,False,False,False
Sezzle,I was charged a late fee after missing a payment with Sezzle.,False,True,False,False,False,False,False
Sezzle,Customer service at Sezzle would not resolve my billing dispute.,False,False,False,False,False,True,True
Sezzle,Unauthorized charge on my account related to Sezzle. My credit score was affected.,False,False,False,True,True,False,False
Sezzle,I was charged a interest after missing a payment with Sezzle.,False,False,False,False,False,False,False
Sezzle,Unauthorized charge on my account related to Sezzle.,False,False,False,False,True,False,False
Sezzle,Misleading advertisement from Sezzle did not disclose interest.,False,False,True,False,False,False,False
Sezzle,I was charged a interest after missing a payment with Sezzle.,False,False,False,False,False,False,False
Sezzle,Misleading advertisement from Sezzle did not disclose hidden fee.,True,False,True,False,False,False,False
Sezzle,Customer service at Sezzle would not resolve my billing dispute.,False,False,False,False,False,True,True
Sezzle,Unauthorized charge on my account related to Sezzle.,False,False,False,False,True,False,False
Sezzle,I was charged a penalty after missing a payment with Sezzle.,False,True,False,False,False,False,False
Sezzle,Misleading advertisement from Sezzle did not disclose interest.,False,False,True,False,False,False,False
Sezzle,I was charged a interest after missing a payment with Sezzle.,False,False,False,False,False,False,False
Sezzle,Customer service at Sezzle would not resolve my billing dispute. My credit score was affected.,False,False,False,True,False,True,True
Sezzle,I was charged a interest after missing a payment with Sezzle. My credit score was affected.,False,False,False,True,False,False,False
Sezzle,Customer service at Sezzle would not resolve my billing dispute.,False,False,False,False,False,True,True
Sezzle,I was charged a hidden fee after missing a payment with Sezzle.,True,False,False,False,False,False,False
Sezzle,Misleading advertisement from Sezzle did not disclose hidden fee.,True,False,True,False,False,False,False
Sezzle,Misleading advertisement from Sezzle did not disclose hidden fee.,True,False,True,False,False,False,False
Sezzle,Misleading advertisement from Sezzle did not disclose late fee. My credit score was affected.,False,True,True,True,False,False,False
Sezzle,Misleading advertisement from Sezzle did not disclose hidden fee.,True,False,True,False,False,False,False
Sezzle,Unauthorized charge on my account related to Sezzle.,False,False,False,False,True,False,False
Sezzle,Unauthorized charge on my account related to Sezzle.,False,False,False,False,True,False,False
Sezzle,Misleading advertisement from Sezzle did not disclose hidden fee.,True,False,True,False,False,False,False
Sezzle,Misleading advertisement from Sezzle did not disclose hidden fee. My credit score was affected.,True,False,True,True,False,False,False
Sezzle,I was charged a hidden fee after missing a payment with Sezzle. My credit score was affected.,True,False,False,True,False,False,False
Sezzle,Customer service at Sezzle would not resolve my billing dispute.,False,False,False,False,False,True,True
Sezzle,Customer service at Sezzle would not resolve my billing dispute. My credit score was affected.,False,False,False,True,False,True,True
Sezzle,Customer service at Sezzle would not resolve my billing dispute.,False,False,False,False,False,True,True
Sezzle,Misleading advertisement from Sezzle did not disclose penalty.,False,True,True,False,False,False,False
Sezzle,Unauthorized charge on my account related to Sezzle. My credit score was affected.,False,False,False,True,True,False,False
Sezzle,Unauthorized charge on my account related to Sezzle.,False,False,False,False,True,False,False
Sezzle,I was charged a interest after missing a payment with Sezzle.,False,False,False,False,False,False,False
Sezzle,Unauthorized charge on my account related to Sezzle.,False,False,False,False,True,False,False
Sezzle,Customer service at Sezzle would not resolve my billing dispute.,False,False,False,False,False,True,True
Sezzle,Unauthorized charge on my account related to Sezzle.,False,False,False,False,True,False,False
Sezzle,Unauthorized charge on my account related to Sezzle.,False,False,False,False,True,False,False
Sezzle,I was charged a hidden fee after missing a payment with Sezzle.,True,False,False,False,False,False,False
Sezzle,Unauthorized charge on my account related to Sezzle.,False,False,False,False,True,False,False
Sezzle,Customer service at Sezzle would not resolve my billing dispute.,False,False,False,False,False,True,True
Sezzle,Misleading advertisement from Sezzle did not disclose penalty. My credit score was affected.,False,True,True,True,False,False,False
Sezzle,I was charged a penalty after missing a payment with Sezzle.,False,True,False,False,False,False,False
Sezzle,Misleading advertisement from Sezzle did not disclose late fee. My credit score was affected.,False,True,True,True,False,False,False
Sezzle,I was charged a hidden fee after missing a payment with Sezzle. My credit score was affected.,True,False,False,True,False,False,False
Sezzle,Customer service at Sezzle would not resolve my billing dispute.,False,False,False,False,False,True,True
Sezzle,Misleading advertisement from Sezzle did not disclose interest. My credit score was affected.,False,False,True,True,False,False,False
Sezzle,I was charged a interest after missing a payment with Sezzle. My credit score was affected.,False,False,False,True,False,False,False
Sezzle,Misleading advertisement from Sezzle did not disclose late fee. My credit score was affected.,False,True,True,True,False,False,False
Sezzle,Misleading advertisement from Sezzle did not disclose hidden fee.,True,False,True,False,False,False,False
Sezzle,Unauthorized charge on my account related to Sezzle.,False,False,False,False,True,False,False
Sezzle,I was charged a late fee after missing a payment with Sezzle. My credit score was affected.,False,True,False,True,False,False,False
Sezzle,Customer service at Sezzle would not resolve my billing dispute.,False,False,False,False,False,True,True
Sezzle,Unauthorized charge on my account related to Sezzle.,False,False,False,False,True,False,False
Sezzle,Unauthorized charge on my account related to Sezzle.,False,False,False,False,True,False,False
Sezzle,Unauthorized charge on my account related to Sezzle. My credit score was affected.,False,False,False,True,True,False,False
Sezzle,I was charged a hidden fee after missing a payment with Sezzle. My credit score was affected.,True,False,False,True,False,False,False
Sezzle,Customer service at Sezzle would not resolve my billing dispute.,False,False,False,False,False,True,True
Sezzle,Misleading advertisement from Sezzle did not disclose interest. My credit score was affected.,False,False,True,True,False,False,False
Sezzle,Unauthorized charge on my account related to Sezzle.,False,False,False,False,True,False,False
Sezzle,Misleading advertisement from Sezzle did not disclose late fee.,False,True,True,False,False,False,False
Sezzle,Customer service at Sezzle would not resolve my billing dispute.,False,False,False,False,False,True,True
Sezzle,Customer service at Sezzle would not resolve my billing dispute. My credit score was affected.,False,False,False,True,False,True,True
Sezzle,I was charged a late fee after missing a payment with Sezzle.,False,True,False,False,False,False,False
Sezzle,Misleading advertisement from Sezzle did not disclose late fee.,False,True,True,False,False,False,False
Sezzle,I was charged a penalty after missing a payment with Sezzle.,False,True,False,False,False,False,False
Sezzle,Customer service at Sezzle would not resolve my billing dispute.,False,False,False,False,False,True,True
Sezzle,Unauthorized charge on my account related to Sezzle.,False,False,False,False,True,False,False
Sezzle,I was charged a interest after missing a payment with Sezzle.,False,False,False,False,False,False,False
Sezzle,I was charged a late fee after missing a payment with Sezzle.,False,True,False,False,False,False,False
Sezzle,Customer service at Sezzle would not resolve my billing dispute. My credit score was affected.,False,False,False,True,False,True,True
Sezzle,I was charged a interest after missing a payment with Sezzle.,False,False,False,False,False,False,False
Sezzle,Misleading advertisement from Sezzle did not disclose late fee.,False,True,True,False,False,False,False
Sezzle,I was charged a interest after missing a payment with Sezzle.,False,False,False,False,False,False,False
Sezzle,Unauthorized charge on my account related to Sezzle.,False,False,False,False,True,False,False
Sezzle,I was charged a late fee after missing a payment with Sezzle.,False,True,False,False,False,False,False
Sezzle,Unauthorized charge on my account related to Sezzle.,False,False,False,False,True,False,False
Sezzle,Misleading advertisement from Sezzle did not disclose late fee.,False,True,True,False,False,False,False
Sezzle,Customer service at Sezzle would not resolve my billing dispute.,False,False,False,False,False,True,True
Sezzle,Unauthorized charge on my account related to Sezzle.,False,False,False,False,True,False,False
Sezzle,Misleading advertisement from Sezzle did not disclose interest.,False,False,True,False,False,False,False
Sezzle,Misleading advertisement from Sezzle did not disclose interest.,False,False,True,False,False,False,False
Sezzle,Customer service at Sezzle would not resolve my billing dispute.,False,False,False,False,False,True,True
Sezzle,Unauthorized charge on my account related to Sezzle.,False,False,False,False,True,False,False
Sezzle,Customer service at Sezzle would not resolve my billing dispute.,False,False,False,False,False,True,True
Sezzle,Customer service at Sezzle would not resolve my billing dispute. My credit score was affected.,False,False,False,True,False,True,True
Sezzle,Misleading advertisement from Sezzle did not disclose hidden fee.,True,False,True,False,False,False,False
Sezzle,Customer service at Sezzle would not resolve my billing dispute.,False,False,False,False,False,True,True
Sezzle,Unauthorized charge on my account related to Sezzle.,False,False,False,False,True,False,False
Sezzle,Misleading advertisement from Sezzle did not disclose hidden fee.,True,False,True,False,False,False,False
Sezzle,Misleading advertisement from Sezzle did not disclose hidden fee.,True,False,True,False,False,False,False
Sezzle,Unauthorized charge on my account related to Sezzle.,False,False,False,False,True,False,False
Sezzle,Misleading advertisement from Sezzle did not disclose interest.,False,False,True,False,False,False,False
Sezzle,I was charged a hidden fee after missing a payment with Sezzle. My credit score was affected.,True,False,False,True,False,False,False
Sezzle,Misleading advertisement from Sezzle did not disclose penalty. My credit score was affected.,False,True,True,True,False,False,False
Sezzle,Customer service at Sezzle would not resolve my billing dispute.,False,False,False,False,False,True,True
Sezzle,I was charged a penalty after missing a payment with Sezzle.,False,True,False,False,False,False,False
Sezzle,Unauthorized charge on my account related to Sezzle.,False,False,False,False,True,False,False
Sezzle,Customer service at Sezzle would not resolve my billing dispute.,False,False,False,False,False,True,True
Sezzle,I was charged a hidden fee after missing a payment with Sezzle. My credit score was affected.,True,False,False,True,False,False,False
Sezzle,Misleading advertisement from Sezzle did not disclose interest.,False,False,True,False,False,False,False
Sezzle,Unauthorized charge on my account related to Sezzle.,False,False,False,False,True,False,False
Sezzle,I was charged a late fee after missing a payment with Sezzle.,False,True,False,False,False,False,False
Sezzle,Misleading advertisement from Sezzle did not disclose late fee.,False,True,True,False,False,False,False
Sezzle,Unauthorized charge on my account related to Sezzle. My credit score was affected.,False,False,False,True,True,False,False
Sezzle,I was charged a hidden fee after missing a payment with Sezzle.,True,False,False,False,False,False,False
Sezzle,Misleading advertisement from Sezzle did not disclose penalty.,False,True,True,False,False,False,False
Sezzle,Customer service at Sezzle would not resolve my billing dispute. My credit score was affected.,False,False,False,True,False,True,True
Sezzle,Unauthorized charge on my account related to Sezzle. My credit score was affected.,False,False,False,True,True,False,False
Sezzle,I was charged a hidden fee after missing a payment with Sezzle.,True,False,False,False,False,False,False
Sezzle,Customer service at Sezzle would not resolve my billing dispute.,False,False,False,False,False,True,True
Sezzle,I was charged a late fee after missing a payment with Sezzle.,False,True,False,False,False,False,False
Sezzle,Misleading advertisement from Sezzle did not disclose penalty.,False,True,True,False,False,False,False
Sezzle,Unauthorized charge on my account related to Sezzle.,False,False,False,False,True,False,False
Sezzle,I was charged a hidden fee after missing a payment with Sezzle.,True,False,False,False,False,False,False
Sezzle,Customer service at Sezzle would not resolve my billing dispute.,False,False,False,False,False,True,True
Sezzle,Unauthorized charge on my account related to Sezzle.,False,False,False,False,True,False,False
Sezzle,Customer service at Sezzle would not resolve my billing dispute. My credit score was affected.,False,False,False,True,False,True,True
Sezzle,Customer service at Sezzle would not resolve my billing dispute.,False,False,False,False,False,True,True
Sezzle,Misleading advertisement from Sezzle did not disclose hidden fee.,True,False,True,False,False,False,False
Sezzle,Misleading advertisement from Sezzle did not disclose hidden fee.,True,False,True,False,False,False,False
Sezzle,Customer service at Sezzle would not resolve my billing dispute.,False,False,False,False,False,True,True
Sezzle,Customer service at Sezzle would not resolve my billing dispute.,False,False,False,False,False,True,True
Sezzle,Misleading advertisement from Sezzle did not disclose interest.,False,False,True,False,False,False,False
Sezzle,I was charged a penalty after missing a payment with Sezzle.,False,True,False,False,False,False,False
Sezzle,Misleading advertisement from Sezzle did not disclose interest.,False,False,True,False,False,False,False
Sezzle,Misleading advertisement from Sezzle did not disclose interest.,False,False,True,False,False,False,False
Sezzle,I was charged a late fee after missing a payment with Sezzle.,False,True,False,False,False,False,False
Sezzle,Misleading advertisement from Sezzle did not disclose interest. My credit score was affected.,False,False,True,True,False,False,False
Sezzle,I was charged a hidden fee after missing a payment with Sezzle.,True,False,False,False,False,False,False
Sezzle,Misleading advertisement from Sezzle did not disclose hidden fee.,True,False,True,False,False,False,False
Sezzle,I was charged a late fee after missing a payment with Sezzle.,False,True,False,False,False,False,False
Sezzle,I was charged a penalty after missing a payment with Sezzle.,False,True,False,False,False,False,False
Sezzle,Unauthorized charge on my account related to Sezzle.,False,False,False,False,True,False,False
Sezzle,Misleading advertisement from Sezzle did not disclose late fee.,False,True,True,False,False,False,False
Sezzle,I was charged a late fee after missing a payment with Sezzle.,False,True,False,False,False,False,False
Sezzle,Misleading advertisement from Sezzle did not disclose interest.,False,False,True,False,False,False,False
Sezzle,Misleading advertisement from Sezzle did not disclose late fee.,False,True,True,False,False,False,False
Sezzle,Misleading advertisement from Sezzle did not disclose interest. My credit score was affected.,False,False,True,True,False,False,False
Sezzle,Misleading advertisement from Sezzle did not disclose late fee. My credit score was affected.,False,True,True,True,False,False,False
Sezzle,Unauthorized charge on my account related to Sezzle.,False,False,False,False,True,False,False
Sezzle,Customer service at Sezzle would not resolve my billing dispute.,False,False,False,False,False,True,True
Sezzle,I was charged a hidden fee after missing a payment with Sezzle.,True,False,False,False,False,False,False
Sezzle,I was charged a hidden fee after missing a payment with Sezzle.,True,False,False,False,False,False,False
Sezzle,Customer service at Sezzle would not resolve my billing dispute.,False,False,False,False,False,True,True
Sezzle,I was charged a penalty after missing a payment with Sezzle. My credit score was affected.,False,True,False,True,False,False,False
Sezzle,Unauthorized charge on my account related to Sezzle. My credit score was affected.,False,False,False,True,True,False,False
Sezzle,Unauthorized charge on my account related to Sezzle.,False,False,False,False,True,False,False
Sezzle,Misleading advertisement from Sezzle did not disclose late fee. My credit score was affected.,False,True,True,True,False,False,False
Sezzle,Customer service at Sezzle would not resolve my billing dispute.,False,False,False,False,False,True,True
Sezzle,Unauthorized charge on my account related to Sezzle.,False,False,False,False,True,False,False
Sezzle,I was charged a hidden fee after missing a payment with Sezzle.,True,False,False,False,False,False,False
Sezzle,Unauthorized charge on my account related to Sezzle.,False,False,False,False,True,False,False
Sezzle,Customer service at Sezzle would not resolve my billing dispute.,False,False,False,False,False,True,True
Sezzle,Customer service at Sezzle would not resolve my billing dispute.,False,False,False,False,False,True,True
Sezzle,Unauthorized charge on my account related to Sezzle.,False,False,False,False,True,False,False
Sezzle,Misleading advertisement from Sezzle did not disclose late fee.,False,True,True,False,False,False,False
Sezzle,Customer service at Sezzle would not resolve my billing dispute. My credit score was affected.,False,False,False,True,False,True,True
Sezzle,Customer service at Sezzle would not resolve my billing dispute.,False,False,False,False,False,True,True
Sezzle,Misleading advertisement from Sezzle did not disclose penalty.,False,True,True,False,False,False,False
Sezzle,I was charged a interest after missing a payment with Sezzle. My credit score was affected.,False,False,False,True,False,False,False
Sezzle,Misleading advertisement from Sezzle did not disclose hidden fee.,True,False,True,False,False,False,False
Sezzle,Misleading advertisement from Sezzle did not disclose penalty.,False,True,True,False,False,False,False
Sezzle,Misleading advertisement from Sezzle did not disclose interest. My credit score was affected.,False,False,True,True,False,False,False
Sezzle,Unauthorized charge on my account related to Sezzle. My credit score was affected.,False,False,False,True,True,False,False
Sezzle,Unauthorized charge on my account related to Sezzle.,False,False,False,False,True,False,False
Sezzle,Customer service at Sezzle would not resolve my billing dispute.,False,False,False,False,False,True,True
Sezzle,I was charged a hidden fee after missing a payment with Sezzle. My credit score was affected.,True,False,False,True,False,False,False
Sezzle,I was charged a penalty after missing a payment with Sezzle.,False,True,False,False,False,False,False
Sezzle,Unauthorized charge on my account related to Sezzle.,False,False,False,False,True,False,False
Sezzle,I was charged a hidden fee after missing a payment with Sezzle.,True,False,False,False,False,False,False
Sezzle,I was charged a interest after missing a payment with Sezzle.,False,False,False,False,False,False,False
Sezzle,Customer service at Sezzle would not resolve my billing dispute. My credit score was affected.,False,False,False,True,False,True,True
Sezzle,Unauthorized charge on my account related to Sezzle. My credit score was affected.,False,False,False,True,True,False,False
Sezzle,Misleading advertisement from Sezzle did not disclose hidden fee.,True,False,True,False,False,False,False
Sezzle,Unauthorized charge on my account related to Sezzle.,False,False,False,False,True,False,False
Sezzle,Unauthorized charge on my account related to Sezzle. My credit score was affected.,False,False,False,True,True,False,False
Sezzle,Unauthorized charge on my account related to Sezzle.,False,False,False,False,True,False,False
Sezzle,I was charged a penalty after missing a payment with Sezzle.,False,True,False,False,False,False,False
Sezzle,Unauthorized charge on my account related to Sezzle.,False,False,False,False,True,False,False
Sezzle,I was charged a late fee after missing a payment with Sezzle.,False,True,False,False,False,False,False
Sezzle,Misleading advertisement from Sezzle did not disclose late fee. My credit score was affected.,False,True,True,True,False,False,False
Sezzle,I was charged a penalty after missing a payment with Sezzle.,False,True,False,False,False,False,False
Sezzle,Misleading advertisement from Sezzle did not disclose penalty.,False,True,True,False,False,False,False
Sezzle,I was charged a late fee after missing a payment with Sezzle.,False,True,False,False,False,False,False
Sezzle,Customer service at Sezzle would not resolve my billing dispute.,False,False,False,False,False,True,True
Sezzle,Customer service at Sezzle would not resolve my billing dispute. My credit score was affected.,False,False,False,True,False,True,True
Sezzle,I was charged a penalty after missing a payment with Sezzle.,False,True,False,False,False,False,False
Sezzle,Unauthorized charge on my account related to Sezzle. My credit score was affected.,False,False,False,True,True,False,False
Sezzle,Unauthorized charge on my account related to Sezzle.,False,False,False,False,True,False,False
Sezzle,Unauthorized charge on my account related to Sezzle.,False,False,False,False,True,False,False
Sezzle,Customer service at Sezzle would not resolve my billing dispute.,False,False,False,False,False,True,True
Sezzle,Unauthorized charge on my account related to Sezzle.,False,False,False,False,True,False,False
Sezzle,Misleading advertisement from Sezzle did not disclose penalty. My credit score was affected.,False,True,True,True,False,False,False
Sezzle,Customer service at Sezzle would not resolve my billing dispute. My credit score was affected.,False,False,False,True,False,True,True
Sezzle,Customer service at Sezzle would not resolve my billing dispute. My credit score was affected.,False,False,False,True,False,True,True
Sezzle,Customer service at Sezzle would not resolve my billing dispute. My credit score was affected.,False,False,False,True,False,True,True
Sezzle,Customer service at Sezzle would not resolve my billing dispute.,False,False,False,False,False,True,True
Sezzle,I was charged a hidden fee after missing a payment with Sezzle.,True,False,False,False,False,False,False
Sezzle,Unauthorized charge on my account related to Sezzle.,False,False,False,False,True,False,False
Sezzle,Misleading advertisement from Sezzle did not disclose hidden fee.,True,False,True,False,False,False,False
Sezzle,Unauthorized charge on my account related to Sezzle.,False,False,False,False,True,False,False
Sezzle,Customer service at Sezzle would not resolve my billing dispute. My credit score was affected.,False,False,False,True,False,True,True
Sezzle,I was charged a interest after missing a payment with Sezzle.,False,False,False,False,False,False,False
Sezzle,I was charged a interest after missing a payment with Sezzle. My credit score was affected.,False,False,False,True,False,False,False
Sezzle,Unauthorized charge on my account related to Sezzle. My credit score was affected.,False,False,False,True,True,False,False
Sezzle,I was charged a hidden fee after missing a payment with Sezzle.,True,False,False,False,False,False,False
Sezzle,Unauthorized charge on my account related to Sezzle.,False,False,False,False,True,False,False
Sezzle,Unauthorized charge on my account related to Sezzle.,False,False,False,False,True,False,False
Sezzle,Misleading advertisement from Sezzle did not disclose late fee.,False,True,True,False,False,False,False
Sezzle,I was charged a hidden fee after missing a payment with Sezzle. My credit score was affected.,True,False,False,True,False,False,False
Sezzle,Customer service at Sezzle would not resolve my billing dispute.,False,False,False,False,False,True,True
Sezzle,Unauthorized charge on my account related to Sezzle. My credit score was affected.,False,False,False,True,True,False,False
Sezzle,I was charged a interest after missing a payment with Sezzle.,False,False,False,False,False,False,False
Sezzle,Unauthorized charge on my account related to Sezzle.,False,False,False,False,True,False,False
Sezzle,I was charged a hidden fee after missing a payment with Sezzle. My credit score was affected.,True,False,False,True,False,False,False
Sezzle,Unauthorized charge on my account related to Sezzle.,False,False,False,False,True,False,False
Sezzle,I was charged a penalty after missing a payment with Sezzle. My credit score was affected.,False,True,False,True,False,False,False
Sezzle,Misleading advertisement from Sezzle did not disclose penalty. My credit score was affected.,False,True,True,True,False,False,False
Sezzle,Unauthorized charge on my account related to Sezzle. My credit score was affected.,False,False,False,True,True,False,False
Sezzle,Unauthorized charge on my account related to Sezzle.,False,False,False,False,True,False,False
Sezzle,Customer service at Sezzle would not resolve my billing dispute.,False,False,False,False,False,True,True
Sezzle,Misleading advertisement from Sezzle did not disclose late fee. My credit score was affected.,False,True,True,True,False,False,False
Sezzle,Misleading advertisement from Sezzle did not disclose late fee.,False,True,True,False,False,False,False
Sezzle,I was charged a late fee after missing a payment with Sezzle.,False,True,False,False,False,False,False
Sezzle,Misleading advertisement from Sezzle did not disclose penalty. My credit score was affected.,False,True,True,True,False,False,False
Sezzle,Unauthorized charge on my account related to Sezzle.,False,False,False,False,True,False,False
Sezzle,Unauthorized charge on my account related to Sezzle.,False,False,False,False,True,False,False
Sezzle,I was charged a hidden fee after missing a payment with Sezzle. My credit score was affected.,True,False,False,True,False,False,False
Sezzle,Misleading advertisement from Sezzle did not disclose penalty.,False,True,True,False,False,False,False
Sezzle,Unauthorized charge on my account related to Sezzle. My credit score was affected.,False,False,False,True,True,False,False
Sezzle,Customer service at Sezzle would not resolve my billing dispute.,False,False,False,False,False,True,True
Sezzle,Misleading advertisement from Sezzle did not disclose hidden fee.,True,False,True,False,False,False,False
Sezzle,Customer service at Sezzle would not resolve my billing dispute.,False,False,False,False,False,True,True
Sezzle,Customer service at Sezzle would not resolve my billing dispute. My credit score was affected.,False,False,False,True,False,True,True
Sezzle,Unauthorized charge on my account related to Sezzle.,False,False,False,False,True,False,False
Sezzle,Unauthorized charge on my account related to Sezzle.,False,False,False,False,True,False,False
Sezzle,Customer service at Sezzle would not resolve my billing dispute. My credit score was affected.,False,False,False,True,False,True,True
Sezzle,Misleading advertisement from Sezzle did not disclose interest.,False,False,True,False,False,False,False
Sezzle,Customer service at Sezzle would not resolve my billing dispute.,False,False,False,False,False,True,True
Sezzle,Customer service at Sezzle would not resolve my billing dispute. My credit score was affected.,False,False,False,True,False,True,True
Sezzle,Customer service at Sezzle would not resolve my billing dispute.,False,False,False,False,False,True,True
Sezzle,Unauthorized charge on my account related to Sezzle.,False,False,False,False,True,False,False
Sezzle,Customer service at Sezzle would not resolve my billing dispute.,False,False,False,False,False,True,True
Sezzle,Customer service at Sezzle would not resolve my billing dispute. My credit score was affected.,False,False,False,True,False,True,True
Sezzle,I was charged a hidden fee after missing a payment with Sezzle.,True,False,False,False,False,False,False
Sezzle,I was charged a late fee after missing a payment with Sezzle.,False,True,False,False,False,False,False
Sezzle,Misleading advertisement from Sezzle did not disclose penalty.,False,True,True,False,False,False,False
Sezzle,I was charged a penalty after missing a payment with Sezzle. My credit score was affected.,False,True,False,True,False,False,False
Sezzle,Unauthorized charge on my account related to Sezzle.,False,False,False,False,True,False,False
Sezzle,I was charged a late fee after missing a payment with Sezzle. My credit score was affected.,False,True,False,True,False,False,False
Sezzle,I was charged a late fee after missing a payment with Sezzle.,False,True,False,False,False,False,False
Sezzle,I was charged a penalty after missing a payment with Sezzle.,False,True,False,False,False,False,False
Sezzle,Unauthorized charge on my account related to Sezzle.,False,False,False,False,True,False,False
Sezzle,Unauthorized charge on my account related to Sezzle. My credit score was affected.,False,False,False,True,True,False,False
Sezzle,Customer service at Sezzle would not resolve my billing dispute.,False,False,False,False,False,True,True
Sezzle,Misleading advertisement from Sezzle did not disclose penalty.,False,True,True,False,False,False,False
Sezzle,Unauthorized charge on my account related to Sezzle.,False,False,False,False,True,False,False
Sezzle,Customer service at Sezzle would not resolve my billing dispute. My credit score was affected.,False,False,False,True,False,True,True
Sezzle,Customer service at Sezzle would not resolve my billing dispute.,False,False,False,False,False,True,True
Sezzle,Misleading advertisement from Sezzle did not disclose hidden fee. My credit score was affected.,True,False,True,True,False,False,False
Sezzle,I was charged a hidden fee after missing a payment with Sezzle.,True,False,False,False,False,False,False
Sezzle,I was charged a interest after missing a payment with Sezzle. My credit score was affected.,False,False,False,True,False,False,False
Sezzle,Unauthorized charge on my account related to Sezzle.,False,False,False,False,True,False,False
Sezzle,I was charged a hidden fee after missing a payment with Sezzle.,True,False,False,False,False,False,False
Sezzle,Unauthorized charge on my account related to Sezzle.,False,False,False,False,True,False,False
Sezzle,I was charged a penalty after missing a payment with Sezzle. My credit score was affected.,False,True,False,True,False,False,False
Sezzle,Unauthorized charge on my account related to Sezzle. My credit score was affected.,False,False,False,True,True,False,False
Sezzle,Unauthorized charge on my account related to Sezzle. My credit score was affected.,False,False,False,True,True,False,False
Sezzle,Customer service at Sezzle would not resolve my billing dispute.,False,False,False,False,False,True,True
Sezzle,Customer service at Sezzle would not resolve my billing dispute.,False,False,False,False,False,True,True
Sezzle,Customer service at Sezzle would not resolve my billing dispute.,False,False,False,False,False,True,True
Sezzle,Misleading advertisement from Sezzle did not disclose interest.,False,False,True,False,False,False,False
Sezzle,Customer service at Sezzle would not resolve my billing dispute.,False,False,False,False,False,True,True
Sezzle,Customer service at Sezzle would not resolve my billing dispute. My credit score was affected.,False,False,False,True,False,True,True
Sezzle,Customer service at Sezzle would not resolve my billing dispute.,False,False,False,False,False,True,True
Sezzle,Unauthorized charge on my account related to Sezzle.,False,False,False,False,True,False,False
Sezzle,Unauthorized charge on my account related to Sezzle.,False,False,False,False,True,False,False
Sezzle,I was charged a hidden fee after missing a payment with Sezzle.,True,False,False,False,False,False,False
Sezzle,I was charged a interest after missing a payment with Sezzle.,False,False,False,False,False,False,False
Sezzle,I was charged a hidden fee after missing a payment with Sezzle.,True,False,False,False,False,False,False
Sezzle,I was charged a late fee after missing a payment with Sezzle.,False,True,False,False,False,False,False
Zip,Unauthorized charge on my account related to Zip.,False,False,False,False,True,False,False
Zip,Misleading advertisement from Zip did not disclose penalty. My credit score was affected.,False,True,True,True,False,False,False
Zip,Customer service at Zip would not resolve my billing dispute.,False,False,False,False,False,True,True
Zip,Unauthorized charge on my account related to Zip.,False,False,False,False,True,False,False
Zip,Customer service at Zip would not resolve my billing dispute.,False,False,False,False,False,True,True
Zip,Customer service at Zip would not resolve my billing dispute.,False,False,False,False,False,True,True
Zip,Unauthorized charge on my account related to Zip.,False,False,False,False,True,False,False
Zip,I was charged a late fee after missing a payment with Zip. My credit score was affected.,False,True,False,True,False,False,False
Zip,Customer service at Zip would not resolve my billing dispute.,False,False,False,False,False,True,True
Zip,Misleading advertisement from Zip did not disclose hidden fee.,True,False,True,False,False,False,False
Zip,I was charged a interest after missing a payment with Zip. My credit score was affected.,False,False,False,True,False,False,False
Zip,Customer service at Zip would not resolve my billing dispute.,False,False,False,False,False,True,True
Zip,I was charged a hidden fee after missing a payment with Zip.,True,False,False,False,False,False,False
Zip,Misleading advertisement from Zip did not disclose interest.,False,False,True,False,False,False,False
Zip,Customer service at Zip would not resolve my billing dispute.,False,False,False,False,False,True,True
Zip,Unauthorized charge on my account related to Zip.,False,False,False,False,True,False,False
Zip,Unauthorized charge on my account related to Zip.,False,False,False,False,True,False,False
Zip,I was charged a hidden fee after missing a payment with Zip.,True,False,False,False,False,False,False
Zip,Misleading advertisement from Zip did not disclose penalty.,False,True,True,False,False,False,False
Zip,I was charged a penalty after missing a payment with Zip.,False,True,False,False,False,False,False
Zip,I was charged a interest after missing a payment with Zip.,False,False,False,False,False,False,False
Zip,Customer service at Zip would not resolve my billing dispute.,False,False,False,False,False,True,True
Zip,Customer service at Zip would not resolve my billing dispute. My credit score was affected.,False,False,False,True,False,True,True
Zip,Unauthorized charge on my account related to Zip.,False,False,False,False,True,False,False
Zip,Unauthorized charge on my account related to Zip.,False,False,False,False,True,False,False
Zip,Misleading advertisement from Zip did not disclose penalty.,False,True,True,False,False,False,False
Zip,Customer service at Zip would not resolve my billing dispute.,False,False,False,False,False,True,True
Zip,Customer service at Zip would not resolve my billing dispute.,False,False,False,False,False,True,True
Zip,Unauthorized charge on my account related to Zip.,False,False,False,False,True,False,False
Zip,Unauthorized charge on my account related to Zip.,False,False,False,False,True,False,False
Zip,Unauthorized charge on my account related to Zip. My credit score was affected.,False,False,False,True,True,False,False
Zip,Unauthorized charge on my account related to Zip.,False,False,False,False,True,False,False
Zip,Customer service at Zip would not resolve my billing dispute. My credit score was affected.,False,False,False,True,False,True,True
Zip,I was charged a late fee after missing a payment with Zip.,False,True,False,False,False,False,False
Zip,I was charged a penalty after missing a payment with Zip.,False,True,False,False,False,False,False
Zip,Misleading advertisement from Zip did not disclose late fee.,False,True,True,False,False,False,False
Zip,I was charged a penalty after missing a payment with Zip.,False,True,False,False,False,False,False
Zip,Customer service at Zip would not resolve my billing dispute.,False,False,False,False,False,True,True
Zip,I was charged a penalty after missing a payment with Zip. My credit score was affected.,False,True,False,True,False,False,False
Zip,Customer service at Zip would not resolve my billing dispute.,False,False,False,False,False,True,True
Zip,I was charged a interest after missing a payment with Zip.,False,False,False,False,False,False,False
Zip,I was charged a hidden fee after missing a payment with Zip.,True,False,False,False,False,False,False
Zip,I was charged a penalty after missing a payment with Zip.,False,True,False,False,False,False,False
Zip,Customer service at Zip would not resolve my billing dispute. My credit score was affected.,False,False,False,True,False,True,True
Zip,Misleading advertisement from Zip did not disclose interest. My credit score was affected.,False,False,True,True,False,False,False
Zip,Misleading advertisement from Zip did not disclose late fee. My credit score was affected.,False,True,True,True,False,False,False
Zip,Misleading advertisement from Zip did not disclose late fee.,False,True,True,False,False,False,False
Zip,I was charged a hidden fee after missing a payment with Zip.,True,False,False,False,False,False,False
Zip,I was charged a hidden fee after missing a payment with Zip.,True,False,False,False,False,False,False
Zip,Misleading advertisement from Zip did not disclose hidden fee.,True,False,True,False,False,False,False
Zip,I was charged a penalty after missing a payment with Zip. My credit score was affected.,False,True,False,True,False,False,False
Zip,Unauthorized charge on my account related to Zip.,False,False,False,False,True,False,False
Zip,Unauthorized charge on my account related to Zip. My credit score was affected.,False,False,False,True,True,False,False
Zip,Misleading advertisement from Zip did not disclose penalty.,False,True,True,False,False,False,False
Zip,Unauthorized charge on my account related to Zip.,False,False,False,False,True,False,False
Zip,Misleading advertisement from Zip did not disclose interest. My credit score was affected.,False,False,True,True,False,False,False
Zip,Customer service at Zip would not resolve my billing dispute.,False,False,False,False,False,True,True
Zip,I was charged a penalty after missing a payment with Zip.,False,True,False,False,False,False,False
Zip,Unauthorized charge on my account related to Zip.,False,False,False,False,True,False,False
Zip,Misleading advertisement from Zip did not disclose late fee.,False,True,True,False,False,False,False
Zip,Misleading advertisement from Zip did not disclose hidden fee.,True,False,True,False,False,False,False
Zip,Unauthorized charge on my account related to Zip. My credit score was affected.,False,False,False,True,True,False,False
Zip,Customer service at Zip would not resolve my billing dispute.,False,False,False,False,False,True,True
Zip,Misleading advertisement from Zip did not disclose hidden fee.,True,False,True,False,False,False,False
Zip,Unauthorized charge on my account related to Zip.,False,False,False,False,True,False,False
Zip,Unauthorized charge on my account related to Zip.,False,False,False,False,True,False,False
Zip,Customer service at Zip would not resolve my billing dispute.,False,False,False,False,False,True,True
Zip,Misleading advertisement from Zip did not disclose penalty.,False,True,True,False,False,False,False
Zip,Unauthorized charge on my account related to Zip. My credit score was affected.,False,False,False,True,True,False,False
Zip,Customer service at Zip would not resolve my billing dispute.,False,False,False,False,False,True,True
Zip,Misleading advertisement from Zip did not disclose late fee. My credit score was affected.,False,True,True,True,False,False,False
Zip,Misleading advertisement from Zip did not disclose hidden fee.,True,False,True,False,False,False,False
Zip,Unauthorized charge on my account related to Zip.,False,False,False,False,True,False,False
Zip,Misleading advertisement from Zip did not disclose penalty. My credit score was affected.,False,True,True,True,False,False,False
Zip,Customer service at Zip would not resolve my billing dispute. My credit score was affected.,False,False,False,True,False,True,True
Zip,Unauthorized charge on my account related to Zip.,False,False,False,False,True,False,False
Zip,Unauthorized charge on my account related to Zip.,False,False,False,False,True,False,False
Zip,Unauthorized charge on my account related to Zip.,False,False,False,False,True,False,False
Zip,Customer service at Zip would not resolve my billing dispute. My credit score was affected.,False,False,False,True,False,True,True
Zip,I was charged a penalty after missing a payment with Zip.,False,True,False,False,False,False,False
Zip,Misleading advertisement from Zip did not disclose interest.,False,False,True,False,False,False,False
Zip,I was charged a late fee after missing a payment with Zip. My credit score was affected.,False,True,False,True,False,False,False
Zip,Misleading advertisement from Zip did not disclose penalty.,False,True,True,False,False,False,False
Zip,Unauthorized charge on my account related to Zip.,False,False,False,False,True,False,False
Zip,I was charged a penalty after missing a payment with Zip.,False,True,False,False,False,False,False
Zip,Customer service at Zip would not resolve my billing dispute.,False,False,False,False,False,True,True
Zip,Unauthorized charge on my account related to Zip.,False,False,False,False,True,False,False
Zip,I was charged a late fee after missing a payment with Zip.,False,True,False,False,False,False,False
Zip,Unauthorized charge on my account related to Zip.,False,False,False,False,True,False,False
Zip,Unauthorized charge on my account related to Zip.,False,False,False,False,True,False,False
Zip,Misleading advertisement from Zip did not disclose penalty.,False,True,True,False,False,False,False
Zip,Unauthorized charge on my account related to Zip. My credit score was affected.,False,False,False,True,True,False,False
Zip,Misleading advertisement from Zip did not disclose interest.,False,False,True,False,False,False,False
Zip,Misleading advertisement from Zip did not disclose penalty.,False,True,True,False,False,False,False
Zip,Unauthorized charge on my account related to Zip.,False,False,False,False,True,False,False
Zip,Unauthorized charge on my account related to Zip.,False,False,False,False,True,False,False
Zip,I was charged a late fee after missing a payment with Zip.,False,True,False,False,False,False,False
Zip,Customer service at Zip would not resolve my billing dispute.,False,False,False,False,False,True,True
Zip,Unauthorized charge on my account related to Zip. My credit score was affected.,False,False,False,True,True,False,False
Zip,Misleading advertisement from Zip did not disclose hidden fee. My credit score was affected.,True,False,True,True,False,False,False
Zip,I was charged a hidden fee after missing a payment with Zip.,True,False,False,False,False,False,False
Zip,Misleading advertisement from Zip did not disclose penalty.,False,True,True,False,False,False,False
Zip,Misleading advertisement from Zip did not disclose penalty.,False,True,True,False,False,False,False
Zip,Misleading advertisement from Zip did not disclose interest.,False,False,True,False,False,False,False
Zip,Unauthorized charge on my account related to Zip.,False,False,False,False,True,False,False
Zip,Misleading advertisement from Zip did not disclose interest.,False,False,True,False,False,False,False
Zip,Unauthorized charge on my account related to Zip.,False,False,False,False,True,False,False
Zip,I was charged a late fee after missing a payment with Zip. My credit score was affected.,False,True,False,True,False,False,False
Zip,Customer service at Zip would not resolve my billing dispute.,False,False,False,False,False,True,True
Zip,Misleading advertisement from Zip did not disclose late fee.,False,True,True,False,False,False,False
Zip,Misleading advertisement from Zip did not disclose penalty.,False,True,True,False,False,False,False
Zip,Misleading advertisement from Zip did not disclose hidden fee.,True,False,True,False,False,False,False
Zip,Misleading advertisement from Zip did not disclose late fee. My credit score was affected.,False,True,True,True,False,False,False
Zip,Unauthorized charge on my account related to Zip. My credit score was affected.,False,False,False,True,True,False,False
Zip,Customer service at Zip would not resolve my billing dispute.,False,False,False,False,False,True,True
Zip,I was charged a late fee after missing a payment with Zip. My credit score was affected.,False,True,False,True,False,False,False
Zip,Customer service at Zip would not resolve my billing dispute.,False,False,False,False,False,True,True
Zip,Customer service at Zip would not resolve my billing dispute. My credit score was affected.,False,False,False,True,False,True,True
Zip,Customer service at Zip would not resolve my billing dispute.,False,False,False,False,False,True,True
Zip,Unauthorized charge on my account related to Zip.,False,False,False,False,True,False,False
Zip,I was charged a penalty after missing a payment with Zip.,False,True,False,False,False,False,False
Zip,Customer service at Zip would not resolve my billing dispute.,False,False,False,False,False,True,True
Zip,Customer service at Zip would not resolve my billing dispute. My credit score was affected.,False,False,False,True,False,True,True
Zip,I was charged a hidden fee after missing a payment with Zip. My credit score was affected.,True,False,False,True,False,False,False
Zip,Misleading advertisement from Zip did not disclose hidden fee. My credit score was affected.,True,False,True,True,False,False,False
Zip,Misleading advertisement from Zip did not disclose interest. My credit score was affected.,False,False,True,True,False,False,False
Zip,Unauthorized charge on my account related to Zip.,False,False,False,False,True,False,False
Zip,Unauthorized charge on my account related to Zip. My credit score was affected.,False,False,False,True,True,False,False
Zip,Customer service at Zip would not resolve my billing dispute. My credit score was affected.,False,False,False,True,False,True,True
Zip,Customer service at Zip would not resolve my billing dispute.,False,False,False,False,False,True,True
Zip,Misleading advertisement from Zip did not disclose interest. My credit score was affected.,False,False,True,True,False,False,False
Zip,Customer service at Zip would not resolve my billing dispute.,False,False,False,False,False,True,True
Zip,Unauthorized charge on my account related to Zip.,False,False,False,False,True,False,False
Zip,Customer service at Zip would not resolve my billing dispute. My credit score was affected.,False,False,False,True,False,True,True
Zip,Unauthorized charge on my account related to Zip.,False,False,False,False,True,False,False
Zip,Misleading advertisement from Zip did not disclose penalty. My credit score was affected.,False,True,True,True,False,False,False
Zip,Customer service at Zip would not resolve my billing dispute.,False,False,False,False,False,True,True
Zip,Misleading advertisement from Zip did not disclose penalty.,False,True,True,False,False,False,False
Zip,Misleading advertisement from Zip did not disclose penalty.,False,True,True,False,False,False,False
Zip,Customer service at Zip would not resolve my billing dispute.,False,False,False,False,False,True,True
Zip,Misleading advertisement from Zip did not disclose interest.,False,False,True,False,False,False,False
Zip,Misleading advertisement from Zip did not disclose hidden fee.,True,False,True,False,False,False,False
Zip,I was charged a interest after missing a payment with Zip. My credit score was affected.,False,False,False,True,False,False,False
Zip,Misleading advertisement from Zip did not disclose late fee.,False,True,True,False,False,False,False
Zip,Misleading advertisement from Zip did not disclose late fee. My credit score was affected.,False,True,True,True,False,False,False
Zip,Unauthorized charge on my account related to Zip.,False,False,False,False,True,False,False
Zip,Misleading advertisement from Zip did not disclose late fee. My credit score was affected.,False,True,True,True,False,False,False
Zip,Unauthorized charge on my account related to Zip.,False,False,False,False,True,False,False
Zip,Unauthorized charge on my account related to Zip. My credit score was affected.,False,False,False,True,True,False,False
Zip,I was charged a penalty after missing a payment with Zip.,False,True,False,False,False,False,False
Zip,Unauthorized charge on my account related to Zip.,False,False,False,False,True,False,False
Zip,I was charged a penalty after missing a payment with Zip.,False,True,False,False,False,False,False
Zip,Customer service at Zip would not resolve my billing dispute. My credit score was affected.,False,False,False,True,False,True,True
Zip,Unauthorized charge on my account related to Zip.,False,False,False,False,True,False,False
Zip,Misleading advertisement from Zip did not disclose interest.,False,False,True,False,False,False,False
Zip,Customer service at Zip would not resolve my billing dispute.,False,False,False,False,False,True,True
Zip,I was charged a hidden fee after missing a payment with Zip.,True,False,False,False,False,False,False
Zip,I was charged a penalty after missing a payment with Zip.,False,True,False,False,False,False,False
Zip,Customer service at Zip would not resolve my billing dispute.,False,False,False,False,False,True,True
Zip,Misleading advertisement from Zip did not disclose interest.,False,False,True,False,False,False,False
Zip,I was charged a penalty after missing a payment with Zip.,False,True,False,False,False,False,False
Zip,I was charged a penalty after missing a payment with Zip.,False,True,False,False,False,False,False
Zip,Customer service at Zip would not resolve my billing dispute. My credit score was affected.,False,False,False,True,False,True,True
Zip,Unauthorized charge on my account related to Zip.,False,False,False,False,True,False,False
Zip,Customer service at Zip would not resolve my billing dispute.,False,False,False,False,False,True,True
Zip,I was charged a hidden fee after missing a payment with Zip.,True,False,False,False,False,False,False
Zip,I was charged a penalty after missing a payment with Zip.,False,True,False,False,False,False,False
Zip,I was charged a late fee after missing a payment with Zip.,False,True,False,False,False,False,False
Zip,Customer service at Zip would not resolve my billing dispute. My credit score was affected.,False,False,False,True,False,True,True
Zip,Misleading advertisement from Zip did not disclose late fee.,False,True,True,False,False,False,False
Zip,I was charged a hidden fee after missing a payment with Zip.,True,False,False,False,False,False,False
Zip,Unauthorized charge on my account related to Zip.,False,False,False,False,True,False,False
Zip,Customer service at Zip would not resolve my billing dispute.,False,False,False,False,False,True,True
Zip,Unauthorized charge on my account related to Zip. My credit score was affected.,False,False,False,True,True,False,False
Zip,I was charged a late fee after missing a payment with Zip. My credit score was affected.,False,True,False,True,False,False,False
Zip,Customer service at Zip would not resolve my billing dispute.,False,False,False,False,False,True,True
Zip,Customer service at Zip would not resolve my billing dispute. My credit score was affected.,False,False,False,True,False,True,True
Zip,Unauthorized charge on my account related to Zip.,False,False,False,False,True,False,False
Zip,Unauthorized charge on my account related to Zip. My credit score was affected.,False,False,False,True,True,False,False
Zip,Customer service at Zip would not resolve my billing dispute. My credit score was affected.,False,False,False,True,False,True,True
Zip,I was charged a penalty after missing a payment with Zip.,False,True,False,False,False,False,False
Zip,Misleading advertisement from Zip did not disclose hidden fee.,True,False,True,False,False,False,False
Zip,Unauthorized charge on my account related to Zip.,False,False,False,False,True,False,False
Zip,I was charged a penalty after missing a payment with Zip.,False,True,False,False,False,False,False
Zip,Misleading advertisement from Zip did not disclose interest. My credit score was affected.,False,False,True,True,False,False,False
Zip,Misleading advertisement from Zip did not disclose hidden fee.,True,False,True,False,False,False,False
Zip,I was charged a hidden fee after missing a payment with Zip.,True,False,False,False,False,False,False
Zip,Unauthorized charge on my account related to Zip.,False,False,False,False,True,False,False
Zip,Unauthorized charge on my account related to Zip.,False,False,False,False,True,False,False
Zip,Misleading advertisement from Zip did not disclose hidden fee.,True,False,True,False,False,False,False
Zip,Misleading advertisement from Zip did not disclose interest.,False,False,True,False,False,False,False
Zip,I was charged a hidden fee after missing a payment with Zip.,True,False,False,False,False,False,False
Zip,I was charged a interest after missing a payment with Zip.,False,False,False,False,False,False,False
Zip,Customer service at Zip would not resolve my billing dispute.,False,False,False,False,False,True,True
Zip,Misleading advertisement from Zip did not disclose interest.,False,False,True,False,False,False,False
Zip,Unauthorized charge on my account related to Zip.,False,False,False,False,True,False,False
Zip,Misleading advertisement from Zip did not disclose hidden fee.,True,False,True,False,False,False,False
Zip,I was charged a hidden fee after missing a payment with Zip.,True,False,False,False,False,False,False
Zip,Unauthorized charge on my account related to Zip.,False,False,False,False,True,False,False
Zip,Customer service at Zip would not resolve my billing dispute.,False,False,False,False,False,True,True
Zip,Unauthorized charge on my account related to Zip. My credit score was affected.,False,False,False,True,True,False,False
Zip,Unauthorized charge on my account related to Zip.,False,False,False,False,True,False,False
Zip,Customer service at Zip would not resolve my billing dispute.,False,False,False,False,False,True,True
Zip,I was charged a hidden fee after missing a payment with Zip.,True,False,False,False,False,False,False
Zip,Customer service at Zip would not resolve my billing dispute.,False,False,False,False,False,True,True
Zip,Unauthorized charge on my account related to Zip.,False,False,False,False,True,False,False
Zip,Unauthorized charge on my account related to Zip. My credit score was affected.,False,False,False,True,True,False,False
Zip,I was charged a hidden fee after missing a payment with Zip.,True,False,False,False,False,False,False
Zip,Customer service at Zip would not resolve my billing dispute.,False,False,False,False,False,True,True
Zip,Misleading advertisement from Zip did not disclose late fee. My credit score was affected.,False,True,True,True,False,False,False
Zip,Misleading advertisement from Zip did not disclose late fee.,False,True,True,False,False,False,False
Zip,Unauthorized charge on my account related to Zip.,False,False,False,False,True,False,False
Zip,Misleading advertisement from Zip did not disclose late fee.,False,True,True,False,False,False,False
Zip,Customer service at Zip would not resolve my billing dispute. My credit score was affected.,False,False,False,True,False,True,True
Zip,Customer service at Zip would not resolve my billing dispute.,False,False,False,False,False,True,True
Zip,I was charged a late fee after missing a payment with Zip. My credit score was affected.,False,True,False,True,False,False,False
Zip,Customer service at Zip would not resolve my billing dispute.,False,False,False,False,False,True,True
Zip,Customer service at Zip would not resolve my billing dispute.,False,False,False,False,False,True,True
Zip,Misleading advertisement from Zip did not disclose hidden fee.,True,False,True,False,False,False,False
Zip,Customer service at Zip would not resolve my billing dispute. My credit score was affected.,False,False,False,True,False,True,True
Zip,Customer service at Zip would not resolve my billing dispute.,False,False,False,False,False,True,True
Zip,Misleading advertisement from Zip did not disclose late fee.,False,True,True,False,False,False,False
Zip,Customer service at Zip would not resolve my billing dispute. My credit score was affected.,False,False,False,True,False,True,True
Zip,Misleading advertisement from Zip did not disclose late fee.,False,True,True,False,False,False,False
Zip,I was charged a hidden fee after missing a payment with Zip.,True,False,False,False,False,False,False
Zip,Customer service at Zip would not resolve my billing dispute. My credit score was affected.,False,False,False,True,False,True,True
Zip,I was charged a penalty after missing a payment with Zip.,False,True,False,False,False,False,False
Zip,I was charged a interest after missing a payment with Zip. My credit score was affected.,False,False,False,True,False,False,False
Zip,Customer service at Zip would not resolve my billing dispute.,False,False,False,False,False,True,True
Zip,Unauthorized charge on my account related to Zip.,False,False,False,False,True,False,False
Zip,Customer service at Zip would not resolve my billing dispute.,False,False,False,False,False,True,True
Zip,Unauthorized charge on my account related to Zip.,False,False,False,False,True,False,False
Zip,Unauthorized charge on my account related to Zip.,False,False,False,False,True,False,False
Zip,Misleading advertisement from Zip did not disclose late fee.,False,True,True,False,False,False,False
Zip,Unauthorized charge on my account related to Zip.,False,False,False,False,True,False,False
Zip,Misleading advertisement from Zip did not disclose hidden fee.,True,False,True,False,False,False,False
Zip,Misleading advertisement from Zip did not disclose penalty. My credit score was affected.,False,True,True,True,False,False,False
Zip,Misleading advertisement from Zip did not disclose late fee. My credit score was affected.,False,True,True,True,False,False,False
Zip,Customer service at Zip would not resolve my billing dispute.,False,False,False,False,False,True,True
Zip,Misleading advertisement from Zip did not disclose late fee.,False,True,True,False,False,False,False
Zip,I was charged a late fee after missing a payment with Zip. My credit score was affected.,False,True,False,True,False,False,False
Zip,Customer service at Zip would not resolve my billing dispute.,False,False,False,False,False,True,True
Zip,Customer service at Zip would not resolve my billing dispute.,False,False,False,False,False,True,True
Zip,Customer service at Zip would not resolve my billing dispute. My credit score was affected.,False,False,False,True,False,True,True
Zip,Customer service at Zip would not resolve my billing dispute.,False,False,False,False,False,True,True
Zip,I was charged a hidden fee after missing a payment with Zip.,True,False,False,False,False,False,False
Zip,Misleading advertisement from Zip did not disclose penalty.,False,True,True,False,False,False,False
Zip,Unauthorized charge on my account related to Zip.,False,False,False,False,True,False,False
Zip,I was charged a late fee after missing a payment with Zip.,False,True,False,False,False,False,False
Zip,Unauthorized charge on my account related to Zip. My credit score was affected.,False,False,False,True,True,False,False
Zip,I was charged a penalty after missing a payment with Zip.,False,True,False,False,False,False,False
Zip,I was charged a penalty after missing a payment with Zip.,False,True,False,False,False,False,False
Zip,Unauthorized charge on my account related to Zip. My credit score was affected.,False,False,False,True,True,False,False
Zip,Unauthorized charge on my account related to Zip. My credit score was affected.,False,False,False,True,True,False,False
Zip,Customer service at Zip would not resolve my billing dispute.,False,False,False,False,False,True,True
Zip,Misleading advertisement from Zip did not disclose hidden fee.,True,False,True,False,False,False,False
Zip,Unauthorized charge on my account related to Zip.,False,False,False,False,True,False,False
Zip,Misleading advertisement from Zip did not disclose interest.,False,False,True,False,False,False,False
Zip,Customer service at Zip would not resolve my billing dispute. My credit score was affected.,False,False,False,True,False,True,True
Zip,Unauthorized charge on my account related to Zip. My credit score was affected.,False,False,False,True,True,False,False
Zip,Unauthorized charge on my account related to Zip.,False,False,False,False,True,False,False
Zip,Customer service at Zip would not resolve my billing dispute.,False,False,False,False,False,True,True
Zip,I was charged a hidden fee after missing a payment with Zip.,True,False,False,False,False,False,False
Zip,Customer service at Zip would not resolve my billing dispute.,False,False,False,False,False,True,True
Zip,Unauthorized charge on my account related to Zip. My credit score was affected.,False,False,False,True,True,False,False
Zip,Unauthorized charge on my account related to Zip. My credit score was affected.,False,False,False,True,True,False,False
Zip,I was charged a penalty after missing a payment with Zip.,False,True,False,False,False,False,False
Zip,Unauthorized charge on my account related to Zip. My credit score was affected.,False,False,False,True,True,False,False
Zip,I was charged a penalty after missing a payment with Zip.,False,True,False,False,False,False,False
Zip,I was charged a interest after missing a payment with Zip. My credit score was affected.,False,False,False,True,False,False,False
Zip,I was charged a late fee after missing a payment with Zip. My credit score was affected.,False,True,False,True,False,False,False
Zip,Misleading advertisement from Zip did not disclose hidden fee.,True,False,True,False,False,False,False
Zip,Misleading advertisement from Zip did not disclose penalty.,False,True,True,False,False,False,False
Zip,Unauthorized charge on my account related to Zip.,False,False,False,False,True,False,False
Zip,Unauthorized charge on my account related to Zip.,False,False,False,False,True,False,False
Zip,Unauthorized charge on my account related to Zip.,False,False,False,False,True,False,False
Zip,Customer service at Zip would not resolve my billing dispute.,False,False,False,False,False,True,True
Zip,Customer service at Zip would not resolve my billing dispute. My credit score was affected.,False,False,False,True,False,True,True
Zip,Unauthorized charge on my account related to Zip.,False,False,False,False,True,False,False
Zip,Misleading advertisement from Zip did not disclose hidden fee.,True,False,True,False,False,False,False
Zip,Misleading advertisement from Zip did not disclose penalty. My credit score was affected.,False,True,True,True,False,False,False
Zip,Customer service at Zip would not resolve my billing dispute. My credit score was affected.,False,False,False,True,False,True,True
Zip,Misleading advertisement from Zip did not disclose interest.,False,False,True,False,False,False,False
Zip,Customer service at Zip would not resolve my billing dispute.,False,False,False,False,False,True,True
Zip,Unauthorized charge on my account related to Zip.,False,False,False,False,True,False,False
Zip,Unauthorized charge on my account related to Zip.,False,False,False,False,True,False,False
Zip,Customer service at Zip would not resolve my billing dispute.,False,False,False,False,False,True,True
Zip,Customer service at Zip would not resolve my billing dispute.,False,False,False,False,False,True,True
Zip,I was charged a interest after missing a payment with Zip. My credit score was affected.,False,False,False,True,False,False,False
Zip,Unauthorized charge on my account related to Zip. My credit score was affected.,False,False,False,True,True,False,False
Zip,Unauthorized charge on my account related to Zip.,False,False,False,False,True,False,False
Zip,Unauthorized charge on my account related to Zip. My credit score was affected.,False,False,False,True,True,False,False
Zip,Customer service at Zip would not resolve my billing dispute.,False,False,False,False,False,True,True
Zip,I was charged a hidden fee after missing a payment with Zip.,True,False,False,False,False,False,False
Zip,Misleading advertisement from Zip did not disclose interest.,False,False,True,False,False,False,False
Zip,Unauthorized charge on my account related to Zip. My credit score was affected.,False,False,False,True,True,False,False
Zip,Customer service at Zip would not resolve my billing dispute.,False,False,False,False,False,True,True
Zip,I was charged a late fee after missing a payment with Zip.,False,True,False,False,False,False,False
Zip,Unauthorized charge on my account related to Zip.,False,False,False,False,True,False,False
Zip,Misleading advertisement from Zip did not disclose interest.,False,False,True,False,False,False,False
Zip,Unauthorized charge on my account related to Zip. My credit score was affected.,False,False,False,True,True,False,False
Zip,Misleading advertisement from Zip did not disclose late fee.,False,True,True,False,False,False,False
Zip,Unauthorized charge on my account related to Zip.,False,False,False,False,True,False,False
Zip,I was charged a penalty after missing a payment with Zip.,False,True,False,False,False,False,False
Zip,Misleading advertisement from Zip did not disclose interest. My credit score was affected.,False,False,True,True,False,False,False
Zip,I was charged a hidden fee after missing a payment with Zip.,True,False,False,False,False,False,False
Zip,Unauthorized charge on my account related to Zip. My credit score was affected.,False,False,False,True,True,False,False
Zip,I was charged a interest after missing a payment with Zip.,False,False,False,False,False,False,False
Zip,Unauthorized charge on my account related to Zip.,False,False,False,False,True,False,False
Zip,I was charged a penalty after missing a payment with Zip.,False,True,False,False,False,False,False
Zip,Customer service at Zip would not resolve my billing dispute.,False,False,False,False,False,True,True
Zip,I was charged a late fee after missing a payment with Zip.,False,True,False,False,False,False,False
Zip,Misleading advertisement from Zip did not disclose interest. My credit score was affected.,False,False,True,True,False,False,False
Zip,Misleading advertisement from Zip did not disclose penalty.,False,True,True,False,False,False,False
Zip,Misleading advertisement from Zip did not disclose hidden fee.,True,False,True,False,False,False,False
Zip,Unauthorized charge on my account related to Zip.,False,False,False,False,True,False,False
Zip,I was charged a hidden fee after missing a payment with Zip.,True,False,False,False,False,False,False
Zip,I was charged a hidden fee after missing a payment with Zip.,True,False,False,False,False,False,False
Zip,Misleading advertisement from Zip did not disclose interest.,False,False,True,False,False,False,False
Zip,Unauthorized charge on my account related to Zip. My credit score was affected.,False,False,False,True,True,False,False
Zip,Misleading advertisement from Zip did not disclose late fee.,False,True,True,False,False,False,False
Zip,I was charged a late fee after missing a payment with Zip.,False,True,False,False,False,False,False
Zip,Misleading advertisement from Zip did not disclose late fee.,False,True,True,False,False,False,False
Zip,Unauthorized charge on my account related to Zip. My credit score was affected.,False,False,False,True,True,False,False
Zip,Misleading advertisement from Zip did not disclose hidden fee.,True,False,True,False,False,False,False
Zip,Misleading advertisement from Zip did not disclose hidden fee.,True,False,True,False,False,False,False
Zip,Customer service at Zip would not resolve my billing dispute. My credit score was affected.,False,False,False,True,False,True,True
Zip,Misleading advertisement from Zip did not disclose late fee. My credit score was affected.,False,True,True,True,False,False,False
Zip,I was charged a late fee after missing a payment with Zip.,False,True,False,False,False,False,False
Zip,Unauthorized charge on my account related to Zip.,False,False,False,False,True,False,False
Zip,Misleading advertisement from Zip did not disclose hidden fee. My credit score was affected.,True,False,True,True,False,False,False
Zip,Customer service at Zip would not resolve my billing dispute.,False,False,False,False,False,True,True
Zip,I was charged a penalty after missing a payment with Zip.,False,True,False,False,False,False,False
Zip,Misleading advertisement from Zip did not disclose hidden fee.,True,False,True,False,False,False,False
Zip,Unauthorized charge on my account related to Zip.,False,False,False,False,True,False,False
Zip,I was charged a late fee after missing a payment with Zip.,False,True,False,False,False,False,False
Zip,Customer service at Zip would not resolve my billing dispute. My credit score was affected.,False,False,False,True,False,True,True
Zip,I was charged a hidden fee after missing a payment with Zip.,True,False,False,False,False,False,False
Zip,Customer service at Zip would not resolve my billing dispute.,False,False,False,False,False,True,True
Zip,Customer service at Zip would not resolve my billing dispute.,False,False,False,False,False,True,True
Zip,I was charged a late fee after missing a payment with Zip.,False,True,False,False,False,False,False
Zip,Customer service at Zip would not resolve my billing dispute.,False,False,False,False,False,True,True
Zip,I was charged a hidden fee after missing a payment with Zip. My credit score was affected.,True,False,False,True,False,False,False
Zip,Customer service at Zip would not resolve my billing dispute. My credit score was affected.,False,False,False,True,False,True,True
Zip,I was charged a late fee after missing a payment with Zip.,False,True,False,False,False,False,False
Zip,Unauthorized charge on my account related to Zip.,False,False,False,False,True,False,False
Zip,I was charged a late fee after missing a payment with Zip. My credit score was affected.,False,True,False,True,False,False,False
Zip,Customer service at Zip would not resolve my billing dispute.,False,False,False,False,False,True,True
Zip,I was charged a late fee after missing a payment with Zip.,False,True,False,False,False,False,False
Zip,I was charged a interest after missing a payment with Zip. My credit score was affected.,False,False,False,True,False,False,False
Zip,Misleading advertisement from Zip did not disclose hidden fee.,True,False,True,False,False,False,False
Zip,I was charged a hidden fee after missing a payment with Zip.,True,False,False,False,False,False,False
Zip,Misleading advertisement from Zip did not disclose hidden fee.,True,False,True,False,False,False,False
Zip,I was charged a interest after missing a payment with Zip. My credit score was affected.,False,False,False,True,False,False,False
Zip,I was charged a interest after missing a payment with Zip.,False,False,False,False,False,False,False
Zip,Unauthorized charge on my account related to Zip. My credit score was affected.,False,False,False,True,True,False,False
Zip,Customer service at Zip would not resolve my billing dispute.,False,False,False,False,False,True,True
Zip,I was charged a hidden fee after missing a payment with Zip. My credit score was affected.,True,False,False,True,False,False,False
Zip,I was charged a hidden fee after missing a payment with Zip. My credit score was affected.,True,False,False,True,False,False,False
Zip,Unauthorized charge on my account related to Zip. My credit score was affected.,False,False,False,True,True,False,False
Zip,Customer service at Zip would not resolve my billing dispute.,False,False,False,False,False,True,True
Zip,Unauthorized charge on my account related to Zip.,False,False,False,False,True,False,False
Zip,Unauthorized charge on my account related to Zip.,False,False,False,False,True,False,False
Zip,Customer service at Zip would not resolve my billing dispute.,False,False,False,False,False,True,True
Zip,I was charged a late fee after missing a payment with Zip.,False,True,False,False,False,False,False
Zip,I was charged a late fee after missing a payment with Zip.,False,True,False,False,False,False,False
Zip,Misleading advertisement from Zip did not disclose interest.,False,False,True,False,False,False,False
Zip,Customer service at Zip would not resolve my billing dispute. My credit score was affected.,False,False,False,True,False,True,True
Zip,Unauthorized charge on my account related to Zip.,False,False,False,False,True,False,False
Zip,Customer service at Zip would not resolve my billing dispute.,False,False,False,False,False,True,True
Zip,I was charged a hidden fee after missing a payment with Zip.,True,False,False,False,False,False,False
Zip,I was charged a interest after missing a payment with Zip.,False,False,False,False,False,False,False
Zip,Unauthorized charge on my account related to Zip.,False,False,False,False,True,False,False
Zip,Unauthorized charge on my account related to Zip.,False,False,False,False,True,False,False
Zip,Customer service at Zip would not resolve my billing dispute.,False,False,False,False,False,True,True
Zip,Unauthorized charge on my account related to Zip.,False,False,False,False,True,False,False
Zip,Customer service at Zip would not resolve my billing dispute.,False,False,False,False,False,True,True
Zip,I was charged a hidden fee after missing a payment with Zip. My credit score was affected.,True,False,False,True,False,False,False
Zip,Misleading advertisement from Zip did not disclose late fee. My credit score was affected.,False,True,True,True,False,False,False
Zip,Misleading advertisement from Zip did not disclose late fee. My credit score was affected.,False,True,True,True,False,False,False
Zip,Unauthorized charge on my account related to Zip. My credit score was affected.,False,False,False,True,True,False,False
Zip,Misleading advertisement from Zip did not disclose penalty.,False,True,True,False,False,False,False
Zip,Misleading advertisement from Zip did not disclose penalty.,False,True,True,False,False,False,False
Zip,Customer service at Zip would not resolve my billing dispute.,False,False,False,False,False,True,True
Zip,Unauthorized charge on my account related to Zip. My credit score was affected.,False,False,False,True,True,False,False
Zip,I was charged a penalty after missing a payment with Zip.,False,True,False,False,False,False,False
Zip,Unauthorized charge on my account related to Zip.,False,False,False,False,True,False,False
Zip,Unauthorized charge on my account related to Zip. My credit score was affected.,False,False,False,True,True,False,False
Zip,Misleading advertisement from Zip did not disclose interest.,False,False,True,False,False,False,False
Zip,Customer service at Zip would not resolve my billing dispute. My credit score was affected.,False,False,False,True,False,True,True
Zip,Unauthorized charge on my account related to Zip. My credit score was affected.,False,False,False,True,True,False,False
Zip,Customer service at Zip would not resolve my billing dispute. My credit score was affected.,False,False,False,True,False,True,True
Zip,Unauthorized charge on my account related to Zip. My credit score was affected.,False,False,False,True,True,False,False
Zip,Unauthorized charge on my account related to Zip.,False,False,False,False,True,False,False
Zip,Misleading advertisement from Zip did not disclose hidden fee.,True,False,True,False,False,False,False
Zip,Customer service at Zip would not resolve my billing dispute.,False,False,False,False,False,True,True
Zip,Misleading advertisement from Zip did not disclose late fee.,False,True,True,False,False,False,False
Zip,Unauthorized charge on my account related to Zip.,False,False,False,False,True,False,False
Zip,Misleading advertisement from Zip did not disclose hidden fee.,True,False,True,False,False,False,False
Zip,I was charged a hidden fee after missing a payment with Zip.,True,False,False,False,False,False,False
Zip,I was charged a late fee after missing a payment with Zip. My credit score was affected.,False,True,False,True,False,False,False
Zip,I was charged a interest after missing a payment with Zip. My credit score was affected.,False,False,False,True,False,False,False
Zip,Customer service at Zip would not resolve my billing dispute.,False,False,False,False,False,True,True
Zip,I was charged a penalty after missing a payment with Zip.,False,True,False,False,False,False,False
Zip,Customer service at Zip would not resolve my billing dispute.,False,False,False,False,False,True,True
Zip,Customer service at Zip would not resolve my billing dispute.,False,False,False,False,False,True,True
Zip,Unauthorized charge on my account related to Zip.,False,False,False,False,True,False,False
Zip,Customer service at Zip would not resolve my billing dispute.,False,False,False,False,False,True,True
Zip,Customer service at Zip would not resolve my billing dispute.,False,False,False,False,False,True,True
Zip,Customer service at Zip would not resolve my billing dispute.,False,False,False,False,False,True,True
Zip,Misleading advertisement from Zip did not disclose late fee.,False,True,True,False,False,False,False
Zip,Unauthorized charge on my account related to Zip.,False,False,False,False,True,False,False
Zip,Customer service at Zip would not resolve my billing dispute.,False,False,False,False,False,True,True
Zip,Unauthorized charge on my account related to Zip.,False,False,False,False,True,False,False
Zip,I was charged a interest after missing a payment with Zip.,False,False,False,False,False,False,False
Zip,I was charged a late fee after missing a payment with Zip.,False,True,False,False,False,False,False
Zip,I was charged a interest after missing a payment with Zip.,False,False,False,False,False,False,False
Zip,Misleading advertisement from Zip did not disclose penalty. My credit score was affected.,False,True,True,True,False,False,False
Zip,Unauthorized charge on my account related to Zip.,False,False,False,False,True,False,False
Zip,I was charged a penalty after missing a payment with Zip.,False,True,False,False,False,False,False
Zip,I was charged a late fee after missing a payment with Zip. My credit score was affected.,False,True,False,True,False,False,False
Zip,I was charged a hidden fee after missing a payment with Zip.,True,False,False,False,False,False,False
Zip,Customer service at Zip would not resolve my billing dispute.,False,False,False,False,False,True,True
Zip,Customer service at Zip would not resolve my billing dispute.,False,False,False,False,False,True,True
Zip,Customer service at Zip would not resolve my billing dispute.,False,False,False,False,False,True,True
Zip,Misleading advertisement from Zip did not disclose hidden fee. My credit score was affected.,True,False,True,True,False,False,False
Zip,I was charged a hidden fee after missing a payment with Zip.,True,False,False,False,False,False,False
Zip,Unauthorized charge on my account related to Zip. My credit score was affected.,False,False,False,True,True,False,False
Zip,Customer service at Zip would not resolve my billing dispute.,False,False,False,False,False,True,True
Zip,Misleading advertisement from Zip did not disclose penalty. My credit score was affected.,False,True,True,True,False,False,False
Zip,I was charged a interest after missing a payment with Zip.,False,False,False,False,False,False,False
Zip,Customer service at Zip would not resolve my billing dispute.,False,False,False,False,False,True,True
Zip,I was charged a late fee after missing a payment with Zip.,False,True,False,False,False,False,False
Zip,I was charged a hidden fee after missing a payment with Zip.,True,False,False,False,False,False,False
Zip,Misleading advertisement from Zip did not disclose hidden fee.,True,False,True,False,False,False,False
Zip,Unauthorized charge on my account related to Zip.,False,False,False,False,True,False,False
Zip,I was charged a hidden fee after missing a payment with Zip.,True,False,False,False,False,False,False
Zip,I was charged a hidden fee after missing a payment with Zip.,True,False,False,False,False,False,False
Zip,Customer service at Zip would not resolve my billing dispute.,False,False,False,False,False,True,True
Zip,I was charged a interest after missing a payment with Zip.,False,False,False,False,False,False,False
Zip,Unauthorized charge on my account related to Zip.,False,False,False,False,True,False,False
Zip,Unauthorized charge on my account related to Zip. My credit score was affected.,False,False,False,True,True,False,False
Zip,Misleading advertisement from Zip did not disclose late fee. My credit score was affected.,False,True,True,True,False,False,False
Zip,I was charged a interest after missing a payment with Zip.,False,False,False,False,False,False,False
Zip,Customer service at Zip would not resolve my billing dispute. My credit score was affected.,False,False,False,True,False,True,True
Zip,Customer service at Zip would not resolve my billing dispute.,False,False,False,False,False,True,True
Zip,Customer service at Zip would not resolve my billing dispute. My credit score was affected.,False,False,False,True,False,True,True
Zip,Misleading advertisement from Zip did not disclose late fee. My credit score was affected.,False,True,True,True,False,False,False
Zip,I was charged a interest after missing a payment with Zip.,False,False,False,False,False,False,False
Zip,Misleading advertisement from Zip did not disclose penalty. My credit score was affected.,False,True,True,True,False,False,False
Zip,I was charged a late fee after missing a payment with Zip.,False,True,False,False,False,False,False
Zip,Customer service at Zip would not resolve my billing dispute.,False,False,False,False,False,True,True
Zip,Customer service at Zip would not resolve my billing dispute. My credit score was affected.,False,False,False,True,False,True,True
Zip,Misleading advertisement from Zip did not disclose penalty.,False,True,True,False,False,False,False
Zip,Misleading advertisement from Zip did not disclose penalty. My credit score was affected.,False,True,True,True,False,False,False
Zip,Misleading advertisement from Zip did not disclose penalty.,False,True,True,False,False,False,False
Zip,Unauthorized charge on my account related to Zip.,False,False,False,False,True,False,False
Zip,Misleading advertisement from Zip did not disclose penalty. My credit score was affected.,False,True,True,True,False,False,False
Zip,Unauthorized charge on my account related to Zip. My credit score was affected.,False,False,False,True,True,False,False
Zip,Customer service at Zip would not resolve my billing dispute.,False,False,False,False,False,True,True
Zip,Misleading advertisement from Zip did not disclose hidden fee.,True,False,True,False,False,False,False
Zip,I was charged a hidden fee after missing a payment with Zip.,True,False,False,False,False,False,False
Zip,Misleading advertisement from Zip did not disclose interest.,False,False,True,False,False,False,False
Zip,Unauthorized charge on my account related to Zip.,False,False,False,False,True,False,False
Zip,Misleading advertisement from Zip did not disclose penalty.,False,True,True,False,False,False,False
Zip,Unauthorized charge on my account related to Zip. My credit score was affected.,False,False,False,True,True,False,False
Zip,I was charged a late fee after missing a payment with Zip.,False,True,False,False,False,False,False
Zip,Customer service at Zip would not resolve my billing dispute.,False,False,False,False,False,True,True
Zip,I was charged a penalty after missing a payment with Zip. My credit score was affected.,False,True,False,True,False,False,False
Zip,Misleading advertisement from Zip did not disclose interest.,False,False,True,False,False,False,False
Zip,I was charged a interest after missing a payment with Zip. My credit score was affected.,False,False,False,True,False,False,False
Zip,I was charged a hidden fee after missing a payment with Zip.,True,False,False,False,False,False,False
Zip,Customer service at Zip would not resolve my billing dispute.,False,False,False,False,False,True,True
Zip,I was charged a penalty after missing a payment with Zip.,False,True,False,False,False,False,False
Zip,Misleading advertisement from Zip did not disclose hidden fee. My credit score was affected.,True,False,True,True,False,False,False
Zip,Misleading advertisement from Zip did not disclose late fee.,False,True,True,False,False,False,False
Zip,Misleading advertisement from Zip did not disclose hidden fee.,True,False,True,False,False,False,False
Zip,Misleading advertisement from Zip did not disclose interest.,False,False,True,False,False,False,False
Zip,Unauthorized charge on my account related to Zip.,False,False,False,False,True,False,False
Zip,I was charged a interest after missing a payment with Zip.,False,False,False,False,False,False,False
Zip,I was charged a hidden fee after missing a payment with Zip.,True,False,False,False,False,False,False
Zip,Unauthorized charge on my account related to Zip.,False,False,False,False,True,False,False
Zip,Misleading advertisement from Zip did not disclose interest. My credit score was affected.,False,False,True,True,False,False,False
Zip,Unauthorized charge on my account related to Zip.,False,False,False,False,True,False,False
Zip,Customer service at Zip would not resolve my billing dispute.,False,False,False,False,False,True,True
Zip,Customer service at Zip would not resolve my billing dispute.,False,False,False,False,False,True,True
Zip,Customer service at Zip would not resolve my billing dispute. My credit score was affected.,False,False,False,True,False,True,True
Zip,Misleading advertisement from Zip did not disclose late fee. My credit score was affected.,False,True,True,True,False,False,False
Zip,I was charged a late fee after missing a payment with Zip.,False,True,False,False,False,False,False
Zip,Unauthorized charge on my account related to Zip.,False,False,False,False,True,False,False
Zip,Unauthorized charge on my account related to Zip.,False,False,False,False,True,False,False
Zip,Unauthorized charge on my account related to Zip.,False,False,False,False,True,False,False
Zip,Unauthorized charge on my account related to Zip.,False,False,False,False,True,False,False
Zip,Misleading advertisement from Zip did not disclose interest.,False,False,True,False,False,False,False
Zip,I was charged a late fee after missing a payment with Zip.,False,True,False,False,False,False,False
Zip,Customer service at Zip would not resolve my billing dispute. My credit score was affected.,False,False,False,True,False,True,True
Zip,I was charged a penalty after missing a payment with Zip.,False,True,False,False,False,False,False
Zip,Misleading advertisement from Zip did not disclose late fee.,False,True,True,False,False,False,False
Zip,Customer service at Zip would not resolve my billing dispute.,False,False,False,False,False,True,True
Zip,Customer service at Zip would not resolve my billing dispute.,False,False,False,False,False,True,True
Zip,Customer service at Zip would not resolve my billing dispute. My credit score was affected.,False,False,False,True,False,True,True
Zip,Misleading advertisement from Zip did not disclose late fee. My credit score was affected.,False,True,True,True,False,False,False
Zip,I was charged a interest after missing a payment with Zip.,False,False,False,False,False,False,False
Zip,I was charged a penalty after missing a payment with Zip.,False,True,False,False,False,False,False
Zip,Unauthorized charge on my account related to Zip. My credit score was affected.,False,False,False,True,True,False,False
Zip,Misleading advertisement from Zip did not disclose interest.,False,False,True,False,False,False,False
Zip,Customer service at Zip would not resolve my billing dispute. My credit score was affected.,False,False,False,True,False,True,True
Zip,Customer service at Zip would not resolve my billing dispute.,False,False,False,False,False,True,True
Zip,Unauthorized charge on my account related to Zip.,False,False,False,False,True,False,False
Zip,Unauthorized charge on my account related to Zip.,False,False,False,False,True,False,False
Zip,Misleading advertisement from Zip did not disclose interest.,False,False,True,False,False,False,False
Zip,Customer service at Zip would not resolve my billing dispute.,False,False,False,False,False,True,True
Zip,Unauthorized charge on my account related to Zip.,False,False,False,False,True,False,False
Zip,Customer service at Zip would not resolve my billing dispute.,False,False,False,False,False,True,True
Zip,I was charged a penalty after missing a payment with Zip. My credit score was affected.,False,True,False,True,False,False,False
Zip,Misleading advertisement from Zip did not disclose hidden fee.,True,False,True,False,False,False,False
Zip,Misleading advertisement from Zip did not disclose hidden fee.,True,False,True,False,False,False,False
Zip,Misleading advertisement from Zip did not disclose hidden fee. My credit score was affected.,True,False,True,True,False,False,False
Zip,Customer service at Zip would not resolve my billing dispute.,False,False,False,False,False,True,True
Zip,Misleading advertisement from Zip did not disclose penalty. My credit score was affected.,False,True,True,True,False,False,False
Zip,I was charged a penalty after missing a payment with Zip. My credit score was affected.,False,True,False,True,False,False,False
Zip,Misleading advertisement from Zip did not disclose interest.,False,False,True,False,False,False,False
Zip,Misleading advertisement from Zip did not disclose late fee. My credit score was affected.,False,True,True,True,False,False,False
Zip,Misleading advertisement from Zip did not disclose hidden fee.,True,False,True,False,False,False,False
Zip,Customer service at Zip would not resolve my billing dispute.,False,False,False,False,False,True,True
Zip,I was charged a hidden fee after missing a payment with Zip.,True,False,False,False,False,False,False
Zip,Customer service at Zip would not resolve my billing dispute.,False,False,False,False,False,True,True
Zip,Customer service at Zip would not resolve my billing dispute.,False,False,False,False,False,True,True
Zip,Unauthorized charge on my account related to Zip.,False,False,False,False,True,False,False
Zip,I was charged a late fee after missing a payment with Zip.,False,True,False,False,False,False,False
Zip,Customer service at Zip would not resolve my billing dispute.,False,False,False,False,False,True,True
Zip,Misleading advertisement from Zip did not disclose hidden fee.,True,False,True,False,False,False,False
Zip,I was charged a hidden fee after missing a payment with Zip.,True,False,False,False,False,False,False
Zip,Misleading advertisement from Zip did not disclose hidden fee.,True,False,True,False,False,False,False
Zip,Unauthorized charge on my account related to Zip.,False,False,False,False,True,False,False
Zip,I was charged a interest after missing a payment with Zip.,False,False,False,False,False,False,False
Zip,Unauthorized charge on my account related to Zip.,False,False,False,False,True,False,False
Zip,Unauthorized charge on my account related to Zip. My credit score was affected.,False,False,False,True,True,False,False
Zip,Customer service at Zip would not resolve my billing dispute.,False,False,False,False,False,True,True
Zip,I was charged a interest after missing a payment with Zip.,False,False,False,False,False,False,False
Zip,Misleading advertisement from Zip did not disclose penalty.,False,True,True,False,False,False,False
Zip,I was charged a penalty after missing a payment with Zip. My credit score was affected.,False,True,False,True,False,False,False
Zip,I was charged a penalty after missing a payment with Zip. My credit score was affected.,False,True,False,True,False,False,False
Zip,Misleading advertisement from Zip did not disclose interest.,False,False,True,False,False,False,False
Zip,Unauthorized charge on my account related to Zip.,False,False,False,False,True,False,False
Zip,Unauthorized charge on my account related to Zip.,False,False,False,False,True,False,False
Zip,I was charged a hidden fee after missing a payment with Zip. My credit score was affected.,True,False,False,True,False,False,False
Zip,I was charged a late fee after missing a payment with Zip.,False,True,False,False,False,False,False
Zip,Misleading advertisement from Zip did not disclose penalty.,False,True,True,False,False,False,False
Zip,Unauthorized charge on my account related to Zip.,False,False,False,False,True,False,False
Zip,Misleading advertisement from Zip did not disclose hidden fee.,True,False,True,False,False,False,False
Zip,Misleading advertisement from Zip did not disclose late fee.,False,True,True,False,False,False,False
Zip,Unauthorized charge on my account related to Zip.,False,False,False,False,True,False,False
Zip,I was charged a hidden fee after missing a payment with Zip.,True,False,False,False,False,False,False
Zip,Customer service at Zip would not resolve my billing dispute.,False,False,False,False,False,True,True
Zip,Customer service at Zip would not resolve my billing dispute.,False,False,False,False,False,True,True
Zip,Misleading advertisement from Zip did not disclose interest.,False,False,True,False,False,False,False
Zip,Misleading advertisement from Zip did not disclose late fee.,False,True,True,False,False,False,False
Zip,I was charged a late fee after missing a payment with Zip.,False,True,False,False,False,False,False
Zip,Unauthorized charge on my account related to Zip.,False,False,False,False,True,False,False
Zip,Unauthorized charge on my account related to Zip.,False,False,False,False,True,False,False
Zip,Customer service at Zip would not resolve my billing dispute.,False,False,False,False,False,True,True
Zip,Customer service at Zip would not resolve my billing dispute.,False,False,False,False,False,True,True
Zip,Misleading advertisement from Zip did not disclose interest.,False,False,True,False,False,False,False
Zip,Misleading advertisement from Zip did not disclose hidden fee.,True,False,True,False,False,False,False
Zip,I was charged a late fee after missing a payment with Zip.,False,True,False,False,False,False,False
Zip,Misleading advertisement from Zip did not disclose late fee.,False,True,True,False,False,False,False
Zip,I was charged a late fee after missing a payment with Zip.,False,True,False,False,False,False,False
Zip,Misleading advertisement from Zip did not disclose late fee.,False,True,True,False,False,False,False
Zip,Misleading advertisement from Zip did not disclose penalty. My credit score was affected.,False,True,True,True,False,False,False
Zip,Misleading advertisement from Zip did not disclose interest.,False,False,True,False,False,False,False
Zip,I was charged a interest after missing a payment with Zip.,False,False,False,False,False,False,False
Zip,I was charged a interest after missing a payment with Zip.,False,False,False,False,False,False,False
Zip,I was charged a hidden fee after missing a payment with Zip.,True,False,False,False,False,False,False
Zip,Misleading advertisement from Zip did not disclose late fee. My credit score was affected.,False,True,True,True,False,False,False
Zip,Misleading advertisement from Zip did not disclose late fee.,False,True,True,False,False,False,False
Zip,Unauthorized charge on my account related to Zip.,False,False,False,False,True,False,False
Zip,Misleading advertisement from Zip did not disclose interest.,False,False,True,False,False,False,False
Zip,Misleading advertisement from Zip did not disclose interest. My credit score was affected.,False,False,True,True,False,False,False
Zip,I was charged a hidden fee after missing a payment with Zip.,True,False,False,False,False,False,False
Zip,Misleading advertisement from Zip did not disclose late fee.,False,True,True,False,False,False,False
Zip,Unauthorized charge on my account related to Zip.,False,False,False,False,True,False,False
Zip,Misleading advertisement from Zip did not disclose hidden fee.,True,False,True,False,False,False,False
Zip,Unauthorized charge on my account related to Zip. My credit score was affected.,False,False,False,True,True,False,False
Zip,I was charged a penalty after missing a payment with Zip.,False,True,False,False,False,False,False
Zip,I was charged a hidden fee after missing a payment with Zip.,True,False,False,False,False,False,False
Zip,I was charged a hidden fee after missing a payment with Zip. My credit score was affected.,True,False,False,True,False,False,False
Zip,Customer service at Zip would not resolve my billing dispute.,False,False,False,False,False,True,True
Zip,Misleading advertisement from Zip did not disclose late fee.,False,True,True,False,False,False,False
Zip,Customer service at Zip would not resolve my billing dispute. My credit score was affected.,False,False,False,True,False,True,True
Zip,Misleading advertisement from Zip did not disclose hidden fee. My credit score was affected.,True,False,True,True,False,False,False
Zip,Misleading advertisement from Zip did not disclose interest.,False,False,True,False,False,False,False
Zip,Customer service at Zip would not resolve my billing dispute.,False,False,False,False,False,True,True
Zip,Unauthorized charge on my account related to Zip.,False,False,False,False,True,False,False
Zip,Customer service at Zip would not resolve my billing dispute.,False,False,False,False,False,True,True
Zip,Misleading advertisement from Zip did not disclose interest. My credit score was affected.,False,False,True,True,False,False,False
Zip,Unauthorized charge on my account related to Zip. My credit score was affected.,False,False,False,True,True,False,False
Zip,Misleading advertisement from Zip did not disclose interest. My credit score was affected.,False,False,True,True,False,False,False
Zip,Unauthorized charge on my account related to Zip. My credit score was affected.,False,False,False,True,True,False,False
Zip,Misleading advertisement from Zip did not disclose hidden fee.,True,False,True,False,False,False,False
Zip,I was charged a hidden fee after missing a payment with Zip.,True,False,False,False,False,False,False
Zip,Misleading advertisement from Zip did not disclose interest.,False,False,True,False,False,False,False
Zip,I was charged a late fee after missing a payment with Zip.,False,True,False,False,False,False,False
Zip,Unauthorized charge on my account related to Zip.,False,False,False,False,True,False,False
Zip,I was charged a hidden fee after missing a payment with Zip.,True,False,False,False,False,False,False
Zip,Customer service at Zip would not resolve my billing dispute.,False,False,False,False,False,True,True
Zip,I was charged a interest after missing a payment with Zip. My credit score was affected.,False,False,False,True,False,False,False
Zip,I was charged a late fee after missing a payment with Zip.,False,True,False,False,False,False,False
Zip,Customer service at Zip would not resolve my billing dispute.,False,False,False,False,False,True,True
Zip,Customer service at Zip would not resolve my billing dispute. My credit score was affected.,False,False,False,True,False,True,True
Zip,Customer service at Zip would not resolve my billing dispute.,False,False,False,False,False,True,True
Zip,Misleading advertisement from Zip did not disclose late fee.,False,True,True,False,False,False,False
Zip,I was charged a hidden fee after missing a payment with Zip.,True,False,False,False,False,False,False
Zip,Customer service at Zip would not resolve my billing dispute.,False,False,False,False,False,True,True
Zip,Customer service at Zip would not resolve my billing dispute.,False,False,False,False,False,True,True
Zip,I was charged a penalty after missing a payment with Zip.,False,True,False,False,False,False,False
Zip,Unauthorized charge on my account related to Zip.,False,False,False,False,True,False,False
Zip,I was charged a penalty after missing a payment with Zip.,False,True,False,False,False,False,False
Zip,Misleading advertisement from Zip did not disclose hidden fee.,True,False,True,False,False,False,False
Zip,Customer service at Zip would not resolve my billing dispute.,False,False,False,False,False,True,True
Zip,Misleading advertisement from Zip did not disclose late fee.,False,True,True,False,False,False,False
Zip,I was charged a interest after missing a payment with Zip. My credit score was affected.,False,False,False,True,False,False,False
Zip,Misleading advertisement from Zip did not disclose penalty.,False,True,True,False,False,False,False
Zip,Misleading advertisement from Zip did not disclose hidden fee.,True,False,True,False,False,False,False
Zip,Unauthorized charge on my account related to Zip.,False,False,False,False,True,False,False
Zip,I was charged a late fee after missing a payment with Zip.,False,True,False,False,False,False,False
Zip,Unauthorized charge on my account related to Zip.,False,False,False,False,True,False,False
Zip,Customer service at Zip would not resolve my billing dispute. My credit score was affected.,False,False,False,True,False,True,True
Zip,Unauthorized charge on my account related to Zip.,False,False,False,False,True,False,False
Zip,Misleading advertisement from Zip did not disclose hidden fee.,True,False,True,False,False,False,False
Zip,Customer service at Zip would not resolve my billing dispute. My credit score was affected.,False,False,False,True,False,True,True
Zip,Unauthorized charge on my account related to Zip.,False,False,False,False,True,False,False
Zip,I was charged a hidden fee after missing a payment with Zip.,True,False,False,False,False,False,False
Zip,Misleading advertisement from Zip did not disclose late fee.,False,True,True,False,False,False,False
Zip,Customer service at Zip would not resolve my billing dispute.,False,False,False,False,False,True,True
Zip,I was charged a hidden fee after missing a payment with Zip.,True,False,False,False,False,False,False
Zip,Customer service at Zip would not resolve my billing dispute.,False,False,False,False,False,True,True
Zip,Unauthorized charge on my account related to Zip. My credit score was affected.,False,False,False,True,True,False,False
Zip,Customer service at Zip would not resolve my billing dispute. My credit score was affected.,False,False,False,True,False,True,True
Zip,Misleading advertisement from Zip did not disclose hidden fee.,True,False,True,False,False,False,False
Zip,Customer service at Zip would not resolve my billing dispute.,False,False,False,False,False,True,True
Zip,Misleading advertisement from Zip did not disclose hidden fee. My credit score was affected.,True,False,True,True,False,False,False
Zip,Misleading advertisement from Zip did not disclose late fee. My credit score was affected.,False,True,True,True,False,False,False
Zip,Customer service at Zip would not resolve my billing dispute.,False,False,False,False,False,True,True
Zip,Misleading advertisement from Zip did not disclose penalty. My credit score was affected.,False,True,True,True,False,False,False
Zip,Misleading advertisement from Zip did not disclose penalty.,False,True,True,False,False,False,False
Zip,Unauthorized charge on my account related to Zip. My credit score was affected.,False,False,False,True,True,False,False
Zip,I was charged a late fee after missing a payment with Zip.,False,True,False,False,False,False,False
Zip,I was charged a penalty after missing a payment with Zip.,False,True,False,False,False,False,False
Zip,Unauthorized charge on my account related to Zip. My credit score was affected.,False,False,False,True,True,False,False
Zip,Customer service at Zip would not resolve my billing dispute.,False,False,False,False,False,True,True
Zip,I was charged a late fee after missing a payment with Zip.,False,True,False,False,False,False,False
Zip,I was charged a hidden fee after missing a payment with Zip.,True,False,False,False,False,False,False
Zip,Customer service at Zip would not resolve my billing dispute.,False,False,False,False,False,True,True
Zip,Misleading advertisement from Zip did not disclose interest.,False,False,True,False,False,False,False
Zip,I was charged a penalty after missing a payment with Zip.,False,True,False,False,False,False,False
Zip,Misleading advertisement from Zip did not disclose late fee.,False,True,True,False,False,False,False
Zip,I was charged a penalty after missing a payment with Zip.,False,True,False,False,False,False,False
Zip,Customer service at Zip would not resolve my billing dispute.,False,False,False,False,False,True,True
Zip,Customer service at Zip would not resolve my billing dispute. My credit score was affected.,False,False,False,True,False,True,True
Zip,Unauthorized charge on my account related to Zip. My credit score was affected.,False,False,False,True,True,False,False
Zip,I was charged a hidden fee after missing a payment with Zip.,True,False,False,False,False,False,False
Zip,Misleading advertisement from Zip did not disclose penalty.,False,True,True,False,False,False,False
Zip,Unauthorized charge on my account related to Zip. My credit score was affected.,False,False,False,True,True,False,False
Zip,I was charged a interest after missing a payment with Zip.,False,False,False,False,False,False,False
Zip,Unauthorized charge on my account related to Zip. My credit score was affected.,False,False,False,True,True,False,False
Zip,Misleading advertisement from Zip did not disclose penalty.,False,True,True,False,False,False,False
Zip,Unauthorized charge on my account related to Zip.,False,False,False,False,True,False,False
Zip,Misleading advertisement from Zip did not disclose hidden fee.,True,False,True,False,False,False,False
Zip,Unauthorized charge on my account related to Zip.,False,False,False,False,True,False,False
Zip,I was charged a late fee after missing a payment with Zip. My credit score was affected.,False,True,False,True,False,False,False
Zip,Customer service at Zip would not resolve my billing dispute. My credit score was affected.,False,False,False,True,False,True,True
Zip,Unauthorized charge on my account related to Zip.,False,False,False,False,True,False,False
Zip,Misleading advertisement from Zip did not disclose late fee.,False,True,True,False,False,False,False
Zip,Unauthorized charge on my account related to Zip. My credit score was affected.,False,False,False,True,True,False,False
Zip,Customer service at Zip would not resolve my billing dispute.,False,False,False,False,False,True,True
Zip,Misleading advertisement from Zip did not disclose interest.,False,False,True,False,False,False,False
Zip,Unauthorized charge on my account related to Zip.,False,False,False,False,True,False,False
Zip,Customer service at Zip would not resolve my billing dispute.,False,False,False,False,False,True,True
Zip,Unauthorized charge on my account related to Zip. My credit score was affected.,False,False,False,True,True,False,False
Zip,Misleading advertisement from Zip did not disclose interest.,False,False,True,False,False,False,False
Zip,Unauthorized charge on my account related to Zip.,False,False,False,False,True,False,False
Zip,Customer service at Zip would not resolve my billing dispute. My credit score was affected.,False,False,False,True,False,True,True
Zip,Unauthorized charge on my account related to Zip.,False,False,False,False,True,False,False
Zip,Customer service at Zip would not resolve my billing dispute.,False,False,False,False,False,True,True
Zip,Customer service at Zip would not resolve my billing dispute. My credit score was affected.,False,False,False,True,False,True,True
Zip,Unauthorized charge on my account related to Zip.,False,False,False,False,True,False,False
Zip,Unauthorized charge on my account related to Zip. My credit score was affected.,False,False,False,True,True,False,False
Zip,Customer service at Zip would not resolve my billing dispute. My credit score was affected.,False,False,False,True,False,True,True
Zip,Misleading advertisement from Zip did not disclose late fee. My credit score was affected.,False,True,True,True,False,False,False
Zip,Misleading advertisement from Zip did not disclose penalty.,False,True,True,False,False,False,False
Zip,Misleading advertisement from Zip did not disclose penalty.,False,True,True,False,False,False,False
Zip,Misleading advertisement from Zip did not disclose late fee.,False,True,True,False,False,False,False
Zip,Customer service at Zip would not resolve my billing dispute.,False,False,False,False,False,True,True
Zip,I was charged a late fee after missing a payment with Zip. My credit score was affected.,False,True,False,True,False,False,False
Zip,Unauthorized charge on my account related to Zip.,False,False,False,False,True,False,False
Zip,Unauthorized charge on my account related to Zip. My credit score was affected.,False,False,False,True,True,False,False
Zip,Unauthorized charge on my account related to Zip.,False,False,False,False,True,False,False
Zip,Unauthorized charge on my account related to Zip.,False,False,False,False,True,False,False
Zip,Customer service at Zip would not resolve my billing dispute.,False,False,False,False,False,True,True
Zip,Unauthorized charge on my account related to Zip.,False,False,False,False,True,False,False
Zip,Unauthorized charge on my account related to Zip.,False,False,False,False,True,False,False
Zip,Unauthorized charge on my account related to Zip.,False,False,False,False,True,False,False
Zip,Misleading advertisement from Zip did not disclose penalty. My credit score was affected.,False,True,True,True,False,False,False
Zip,Unauthorized charge on my account related to Zip.,False,False,False,False,True,False,False
Zip,Misleading advertisement from Zip did not disclose interest.,False,False,True,False,False,False,False
Zip,I was charged a late fee after missing a payment with Zip.,False,True,False,False,False,False,False
Zip,Customer service at Zip would not resolve my billing dispute.,False,False,False,False,False,True,True
Zip,Misleading advertisement from Zip did not disclose penalty.,False,True,True,False,False,False,False
Zip,Unauthorized charge on my account related to Zip.,False,False,False,False,True,False,False
Zip,I was charged a late fee after missing a payment with Zip. My credit score was affected.,False,True,False,True,False,False,False
Zip,Unauthorized charge on my account related to Zip. My credit score was affected.,False,False,False,True,True,False,False
Zip,Unauthorized charge on my account related to Zip.,False,False,False,False,True,False,False
Zip,I was charged a interest after missing a payment with Zip.,False,False,False,False,False,False,False
Zip,Unauthorized charge on my account related to Zip.,False,False,False,False,True,False,False
Zip,Misleading advertisement from Zip did not disclose hidden fee. My credit score was affected.,True,False,True,True,False,False,False
Zip,Unauthorized charge on my account related to Zip.,False,False,False,False,True,False,False
Zip,Customer service at Zip would not resolve my billing dispute.,False,False,False,False,False,True,True
Zip,Misleading advertisement from Zip did not disclose penalty.,False,True,True,False,False,False,False
Zip,Unauthorized charge on my account related to Zip. My credit score was affected.,False,False,False,True,True,False,False
Zip,Unauthorized charge on my account related to Zip.,False,False,False,False,True,False,False
Zip,Unauthorized charge on my account related to Zip. My credit score was affected.,False,False,False,True,True,False,False
Zip,Unauthorized charge on my account related to Zip. My credit score was affected.,False,False,False,True,True,False,False
Zip,Unauthorized charge on my account related to Zip.,False,False,False,False,True,False,False
Zip,I was charged a hidden fee after missing a payment with Zip.,True,False,False,False,False,False,False
Zip,Customer service at Zip would not resolve my billing dispute. My credit score was affected.,False,False,False,True,False,True,True
Zip,Customer service at Zip would not resolve my billing dispute.,False,False,False,False,False,True,True
Zip,Unauthorized charge on my account related to Zip. My credit score was affected.,False,False,False,True,True,False,False
Zip,I was charged a interest after missing a payment with Zip. My credit score was affected.,False,False,False,True,False,False,False
Zip,Unauthorized charge on my account related to Zip.,False,False,False,False,True,False,False
Zip,Customer service at Zip would not resolve my billing dispute. My credit score was affected.,False,False,False,True,False,True,True
Zip,Misleading advertisement from Zip did not disclose late fee. My credit score was affected.,False,True,True,True,False,False,False
Zip,Customer service at Zip would not resolve my billing dispute. My credit score was affected.,False,False,False,True,False,True,True
Zip,I was charged a penalty after missing a payment with Zip.,False,True,False,False,False,False,False
Zip,Unauthorized charge on my account related to Zip. My credit score was affected.,False,False,False,True,True,False,False
Zip,Unauthorized charge on my account related to Zip. My credit score was affected.,False,False,False,True,True,False,False
Zip,I was charged a late fee after missing a payment with Zip. My credit score was affected.,False,True,False,True,False,False,False
Zip,Misleading advertisement from Zip did not disclose penalty.,False,True,True,False,False,False,False
Zip,Unauthorized charge on my account related to Zip.,False,False,False,False,True,False,False
Zip,Misleading advertisement from Zip did not disclose interest.,False,False,True,False,False,False,False
Zip,Customer service at Zip would not resolve my billing dispute.,False,False,False,False,False,True,True
Zip,Customer service at Zip would not resolve my billing dispute.,False,False,False,False,False,True,True
Zip,Unauthorized charge on my account related to Zip. My credit score was affected.,False,False,False,True,True,False,False
Zip,Unauthorized charge on my account related to Zip.,False,False,False,False,True,False,False
Zip,Customer service at Zip would not resolve my billing dispute.,False,False,False,False,False,True,True
Zip,Misleading advertisement from Zip did not disclose interest.,False,False,True,False,False,False,False
Zip,Customer service at Zip would not resolve my billing dispute.,False,False,False,False,False,True,True
Zip,I was charged a interest after missing a payment with Zip. My credit score was affected.,False,False,False,True,False,False,False
Zip,I was charged a penalty after missing a payment with Zip. My credit score was affected.,False,True,False,True,False,False,False
Zip,Customer service at Zip would not resolve my billing dispute. My credit score was affected.,False,False,False,True,False,True,True
Zip,Unauthorized charge on my account related to Zip.,False,False,False,False,True,False,False
Zip,Unauthorized charge on my account related to Zip. My credit score was affected.,False,False,False,True,True,False,False
Zip,Unauthorized charge on my account related to Zip.,False,False,False,False,True,False,False
Zip,Unauthorized charge on my account related to Zip. My credit score was affected.,False,False,False,True,True,False,False
Zip,Unauthorized charge on my account related to Zip. My credit score was affected.,False,False,False,True,True,False,False
Zip,Unauthorized charge on my account related to Zip.,False,False,False,False,True,False,False
Zip,Misleading advertisement from Zip did not disclose late fee.,False,True,True,False,False,False,False
Zip,I was charged a hidden fee after missing a payment with Zip.,True,False,False,False,False,False,False
Zip,Customer service at Zip would not resolve my billing dispute.,False,False,False,False,False,True,True
Zip,Misleading advertisement from Zip did not disclose hidden fee. My credit score was affected.,True,False,True,True,False,False,False
Zip,Customer service at Zip would not resolve my billing dispute.,False,False,False,False,False,True,True
Zip,I was charged a penalty after missing a payment with Zip.,False,True,False,False,False,False,False
Zip,I was charged a penalty after missing a payment with Zip.,False,True,False,False,False,False,False
Zip,Unauthorized charge on my account related to Zip. My credit score was affected.,False,False,False,True,True,False,False
Zip,Customer service at Zip would not resolve my billing dispute. My credit score was affected.,False,False,False,True,False,True,True
Zip,Unauthorized charge on my account related to Zip.,False,False,False,False,True,False,False
Zip,Customer service at Zip would not resolve my billing dispute.,False,False,False,False,False,True,True
Zip,Customer service at Zip would not resolve my billing dispute.,False,False,False,False,False,True,True
Zip,Customer service at Zip would not resolve my billing dispute. My credit score was affected.,False,False,False,True,False,True,True
Zip,Unauthorized charge on my account related to Zip. My credit score was affected.,False,False,False,True,True,False,False
Zip,Customer service at Zip would not resolve my billing dispute.,False,False,False,False,False,True,True
Zip,Misleading advertisement from Zip did not disclose hidden fee.,True,False,True,False,False,False,False
Zip,Unauthorized charge on my account related to Zip. My credit score was affected.,False,False,False,True,True,False,False
Zip,Unauthorized charge on my account related to Zip.,False,False,False,False,True,False,False
Zip,Unauthorized charge on my account related to Zip. My credit score was affected.,False,False,False,True,True,False,False
Zip,Customer service at Zip would not resolve my billing dispute. My credit score was affected.,False,False,False,True,False,True,True
Zip,Unauthorized charge on my account related to Zip. My credit score was affected.,False,False,False,True,True,False,False
Zip,I was charged a interest after missing a payment with Zip. My credit score was affected.,False,False,False,True,False,False,False
Zip,Misleading advertisement from Zip did not disclose interest.,False,False,True,False,False,False,False
Zip,Unauthorized charge on my account related to Zip.,False,False,False,False,True,False,False
Zip,Unauthorized charge on my account related to Zip. My credit score was affected.,False,False,False,True,True,False,False
Zip,I was charged a interest after missing a payment with Zip.,False,False,False,False,False,False,False
Zip,Unauthorized charge on my account related to Zip.,False,False,False,False,True,False,False
Zip,I was charged a hidden fee after missing a payment with Zip.,True,False,False,False,False,False,False
Zip,I was charged a hidden fee after missing a payment with Zip.,True,False,False,False,False,False,False
Zip,I was charged a interest after missing a payment with Zip.,False,False,False,False,False,False,False
Zip,Misleading advertisement from Zip did not disclose hidden fee.,True,False,True,False,False,False,False
Zip,I was charged a interest after missing a payment with Zip.,False,False,False,False,False,False,False
Zip,I was charged a interest after missing a payment with Zip.,False,False,False,False,False,False,False
Zip,I was charged a hidden fee after missing a payment with Zip. My credit score was affected.,True,False,False,True,False,False,False
Zip,Unauthorized charge on my account related to Zip. My credit score was affected.,False,False,False,True,True,False,False
Zip,I was charged a penalty after missing a payment with Zip.,False,True,False,False,False,False,False
Zip,Customer service at Zip would not resolve my billing dispute.,False,False,False,False,False,True,True
Zip,Misleading advertisement from Zip did not disclose late fee.,False,True,True,False,False,False,False
Zip,Customer service at Zip would not resolve my billing dispute. My credit score was affected.,False,False,False,True,False,True,True
Zip,Unauthorized charge on my account related to Zip. My credit score was affected.,False,False,False,True,True,False,False
Zip,Customer service at Zip would not resolve my billing dispute.,False,False,False,False,False,True,True
Zip,Misleading advertisement from Zip did not disclose penalty.,False,True,True,False,False,False,False
Zip,I was charged a late fee after missing a payment with Zip.,False,True,False,False,False,False,False
Zip,Unauthorized charge on my account related to Zip.,False,False,False,False,True,False,False
