ad_id,provider,target_age,impressions,spend,headline,body
ad_0,Zip,55-64,5696,822.29,Split your purchase into 4 easy payments.,"Manage your cash flow better. Buy the essentials today and pay in small, manageable installments."
ad_1,Afterpay,45-54,13670,3025.52,Split your purchase into 4 easy payments.,Don't let tight budgets hold you back. Flexible payment options available now! Smart budgeting for your family. No interest fees.
ad_2,Sezzle,55-64,1864,950.03,Unlock your purchasing power.,"Why wait until payday? Get the things you want now and split your payments. It's fast, easy, and risk-free. Smart budgeting for your family. No interest fees."
ad_3,Zip,25-34,5128,84.98,"Buy Now, Pay Later with no hidden fees!","Why wait until payday? Get the things you want now and split your payments. It's fast, easy, and risk-free. No credit impact! Treat yourself now. Instant decision."
ad_4,Afterpay,25-34,1942,1863.49,Zero interest when you pay in 4.,Don't let tight budgets hold you back. Flexible payment options available now!
ad_5,PayPal Pay Later,18-24,1418,2595.46,"Buy Now, Pay Later with no hidden fees!","Manage your cash flow better. Buy the essentials today and pay in small, manageable installments. No credit impact! Treat yourself now. Instant decision."
ad_6,Sezzle,25-34,1635,533.48,Don't wait! Buy today and pay later.,Instant approval! Just select our payment option at checkout.
ad_7,Zip,18-24,7688,2501.13,Split your purchase into 4 easy payments.,Don't let tight budgets hold you back. Flexible payment options available now! No credit impact! Treat yourself now. Instant decision.
ad_8,Klarna,18-24,841,2624.34,"Get it now, pay over time.",Instant approval! Just select our payment option at checkout. No credit impact! Treat yourself now. Instant decision.
ad_9,PayPal Pay Later,18-24,8883,4219.31,Don't wait! Buy today and pay later.,"Shop your favorite brands and pay over 6 weeks. No interest, no hard credit check. No credit impact! Treat yourself now. Instant decision."
ad_10,Affirm,45-54,6238,488.04,Don't wait! Buy today and pay later.,"Why wait until payday? Get the things you want now and split your payments. It's fast, easy, and risk-free. Smart budgeting for your family. No interest fees."
ad_11,PayPal Pay Later,18-24,3538,1973.95,"Get it now, pay over time.","We help you buy what you want, when you want it. Download the app today. No credit impact! Treat yourself now. Instant decision."
ad_12,Affirm,55-64,658,1516.55,Unlock your purchasing power.,"Why wait until payday? Get the things you want now and split your payments. It's fast, easy, and risk-free. Smart budgeting for your family. No interest fees."
ad_13,Klarna,65+,6133,3872.61,Don't wait! Buy today and pay later.,"Manage your cash flow better. Buy the essentials today and pay in small, manageable installments. Smart budgeting for your family. No interest fees."
ad_14,Afterpay,25-34,7290,416.52,"Get it now, pay over time.","Why wait until payday? Get the things you want now and split your payments. It's fast, easy, and risk-free. No credit impact! Treat yourself now. Instant decision."
ad_15,Zip,45-54,6342,3135.33,"Get it now, pay over time.","Why wait until payday? Get the things you want now and split your payments. It's fast, easy, and risk-free."
ad_16,PayPal Pay Later,18-24,6717,4441.7,"Buy Now, Pay Later with no hidden fees!","Manage your cash flow better. Buy the essentials today and pay in small, manageable installments. No credit impact! Treat yourself now. Instant decision."
ad_17,Sezzle,65+,11570,4252.12,Unlock your purchasing power.,"Shop your favorite brands and pay over 6 weeks. No interest, no hard credit check."
ad_18,PayPal Pay Later,25-34,217,175.82,Unlock your purchasing power.,"Manage your cash flow better. Buy the essentials today and pay in small, manageable installments."
ad_19,Klarna,18-24,6781,2567.42,Zero interest when you pay in 4.,"We help you buy what you want, when you want it. Download the app today. No credit impact! Treat yourself now. Instant decision."
ad_20,Sezzle,25-34,15107,4408.32,"Get it now, pay over time.","We help you buy what you want, when you want it. Download the app today."
ad_21,PayPal Pay Later,25-34,6793,4363.73,Don't wait! Buy today and pay later.,Instant approval! Just select our payment option at checkout. No credit impact! Treat yourself now. Instant decision.
ad_22,Zip,25-34,2113,654.34,"Buy Now, Pay Later with no hidden fees!",Don't let tight budgets hold you back. Flexible payment options available now! No credit impact! Treat yourself now. Instant decision.
ad_23,Klarna,18-24,6315,3256.07,"Buy Now, Pay Later with no hidden fees!",Instant approval! Just select our payment option at checkout. No credit impact! Treat yourself now. Instant decision.
ad_24,Sezzle,45-54,2996,2116.18,Unlock your purchasing power.,"Why wait until payday? Get the things you want now and split your payments. It's fast, easy, and risk-free."
ad_25,Afterpay,18-24,2357,1258.42,Split your purchase into 4 easy payments.,Don't let tight budgets hold you back. Flexible payment options available now! No credit impact! Treat yourself now. Instant decision.
ad_26,Klarna,25-34,2935,1272.04,"Get it now, pay over time.","Manage your cash flow better. Buy the essentials today and pay in small, manageable installments. No credit impact! Treat yourself now. Instant decision."
ad_27,Klarna,18-24,2900,4988.82,Split your purchase into 4 easy payments.,"Why wait until payday? Get the things you want now and split your payments. It's fast, easy, and risk-free. No credit impact! Treat yourself now. Instant decision."
ad_28,Affirm,25-34,2459,767.23,Don't wait! Buy today and pay later.,"Shop your favorite brands and pay over 6 weeks. No interest, no hard credit check."
ad_29,PayPal Pay Later,18-24,4030,3377.07,Split your purchase into 4 easy payments.,"Manage your cash flow better. Buy the essentials today and pay in small, manageable installments. No credit impact! Treat yourself now. Instant decision."
ad_30,Klarna,25-34,12122,3185.97,Split your purchase into 4 easy payments.,"Why wait until payday? Get the things you want now and split your payments. It's fast, easy, and risk-free."
ad_31,Klarna,18-24,733,973.27,Unlock your purchasing power.,"Manage your cash flow better. Buy the essentials today and pay in small, manageable installments."
ad_32,Zip,18-24,6112,4057.03,Don't wait! Buy today and pay later.,Instant approval! Just select our payment option at checkout. No credit impact! Treat yourself now. Instant decision.
ad_33,Klarna,25-34,1151,1964.34,"Get it now, pay over time.","Why wait until payday? Get the things you want now and split your payments. It's fast, easy, and risk-free."
ad_34,Afterpay,18-24,2086,3316.92,"Get it now, pay over time.","Why wait until payday? Get the things you want now and split your payments. It's fast, easy, and risk-free. No credit impact! Treat yourself now. Instant decision."
ad_35,Zip,25-34,5198,1247.17,Zero interest when you pay in 4.,Instant approval! Just select our payment option at checkout. No credit impact! Treat yourself now. Instant decision.
ad_36,Sezzle,45-54,706,1778.59,Split your purchase into 4 easy payments.,Instant approval! Just select our payment option at checkout.
ad_37,PayPal Pay Later,35-44,9805,3228.06,Split your purchase into 4 easy payments.,"Why wait until payday? Get the things you want now and split your payments. It's fast, easy, and risk-free."
ad_38,Zip,45-54,3996,75.05,Zero interest when you pay in 4.,"Shop your favorite brands and pay over 6 weeks. No interest, no hard credit check."
ad_39,Affirm,25-34,1459,3277.21,"Buy Now, Pay Later with no hidden fees!",Instant approval! Just select our payment option at checkout. No credit impact! Treat yourself now. Instant decision.
ad_40,Klarna,18-24,788,1864.02,Split your purchase into 4 easy payments.,"Why wait until payday? Get the things you want now and split your payments. It's fast, easy, and risk-free."
ad_41,Klarna,25-34,2906,2568.63,Zero interest when you pay in 4.,Don't let tight budgets hold you back. Flexible payment options available now! No credit impact! Treat yourself now. Instant decision.
ad_42,PayPal Pay Later,25-34,2947,4535.19,Split your purchase into 4 easy payments.,"Shop your favorite brands and pay over 6 weeks. No interest, no hard credit check. No credit impact! Treat yourself now. Instant decision."
ad_43,Sezzle,25-34,4506,2905.67,"Buy Now, Pay Later with no hidden fees!","We help you buy what you want, when you want it. Download the app today. No credit impact! Treat yourself now. Instant decision."
ad_44,Zip,25-34,1021,4705.27,Unlock your purchasing power.,Don't let tight budgets hold you back. Flexible payment options available now! No credit impact! Treat yourself now. Instant decision.
ad_45,Sezzle,45-54,4829,3751.21,Unlock your purchasing power.,"We help you buy what you want, when you want it. Download the app today. Smart budgeting for your family. No interest fees."
ad_46,Klarna,25-34,4173,422.96,Unlock your purchasing power.,"We help you buy what you want, when you want it. Download the app today. No credit impact! Treat yourself now. Instant decision."
ad_47,Klarna,18-24,3135,888.99,"Buy Now, Pay Later with no hidden fees!","Shop your favorite brands and pay over 6 weeks. No interest, no hard credit check. No credit impact! Treat yourself now. Instant decision."
ad_48,PayPal Pay Later,25-34,1231,3094.29,Zero interest when you pay in 4.,"Shop your favorite brands and pay over 6 weeks. No interest, no hard credit check. No credit impact! Treat yourself now. Instant decision."
ad_49,Afterpay,18-24,3476,1646.63,"Buy Now, Pay Later with no hidden fees!","Why wait until payday? Get the things you want now and split your payments. It's fast, easy, and risk-free. No credit impact! Treat yourself now. Instant decision."
ad_50,Afterpay,25-34,491,2127.92,"Get it now, pay over time.","Why wait until payday? Get the things you want now and split your payments. It's fast, easy, and risk-free. No credit impact! Treat yourself now. Instant decision."
ad_51,Sezzle,18-24,4758,75.67,Don't wait! Buy today and pay later.,"We help you buy what you want, when you want it. Download the app today. No credit impact! Treat yourself now. Instant decision."
ad_52,Zip,25-34,7738,4455.53,Don't wait! Buy today and pay later.,"Shop your favorite brands and pay over 6 weeks. No interest, no hard credit check. No credit impact! Treat yourself now. Instant decision."
ad_53,Affirm,25-34,5718,3376.53,Split your purchase into 4 easy payments.,"Why wait until payday? Get the things you want now and split your payments. It's fast, easy, and risk-free."
ad_54,Affirm,25-34,5920,200.98,Don't wait! Buy today and pay later.,"Shop your favorite brands and pay over 6 weeks. No interest, no hard credit check. No credit impact! Treat yourself now. Instant decision."
ad_55,PayPal Pay Later,18-24,594,2708.56,Unlock your purchasing power.,"Why wait until payday? Get the things you want now and split your payments. It's fast, easy, and risk-free. No credit impact! Treat yourself now. Instant decision."
ad_56,Sezzle,18-24,2842,4218.01,Don't wait! Buy today and pay later.,Don't let tight budgets hold you back. Flexible payment options available now! No credit impact! Treat yourself now. Instant decision.
ad_57,Afterpay,25-34,5007,3644.15,Unlock your purchasing power.,"Shop your favorite brands and pay over 6 weeks. No interest, no hard credit check."
ad_58,Zip,25-34,2677,2195.93,"Get it now, pay over time.","Shop your favorite brands and pay over 6 weeks. No interest, no hard credit check. No credit impact! Treat yourself now. Instant decision."
ad_59,Sezzle,18-24,1833,450.32,"Buy Now, Pay Later with no hidden fees!",Instant approval! Just select our payment option at checkout. No credit impact! Treat yourself now. Instant decision.
ad_60,Sezzle,18-24,2655,1236.95,Zero interest when you pay in 4.,"Why wait until payday? Get the things you want now and split your payments. It's fast, easy, and risk-free."
ad_61,Sezzle,18-24,6847,4776.58,Unlock your purchasing power.,Don't let tight budgets hold you back. Flexible payment options available now! No credit impact! Treat yourself now. Instant decision.
ad_62,Sezzle,25-34,1435,3801.34,"Buy Now, Pay Later with no hidden fees!","We help you buy what you want, when you want it. Download the app today. No credit impact! Treat yourself now. Instant decision."
ad_63,PayPal Pay Later,18-24,828,516.08,Zero interest when you pay in 4.,Don't let tight budgets hold you back. Flexible payment options available now! No credit impact! Treat yourself now. Instant decision.
ad_64,PayPal Pay Later,25-34,1179,2483.5,Don't wait! Buy today and pay later.,"Why wait until payday? Get the things you want now and split your payments. It's fast, easy, and risk-free."
ad_65,PayPal Pay Later,25-34,2808,2022.6,"Get it now, pay over time.",Don't let tight budgets hold you back. Flexible payment options available now!
ad_66,Sezzle,45-54,2986,2719.92,Unlock your purchasing power.,Instant approval! Just select our payment option at checkout. Smart budgeting for your family. No interest fees.
ad_67,Affirm,18-24,6348,2949.59,Split your purchase into 4 easy payments.,Instant approval! Just select our payment option at checkout. No credit impact! Treat yourself now. Instant decision.
ad_68,Zip,18-24,1611,2750.8,Unlock your purchasing power.,Instant approval! Just select our payment option at checkout. No credit impact! Treat yourself now. Instant decision.
ad_69,Afterpay,35-44,24620,3274.85,Split your purchase into 4 easy payments.,Instant approval! Just select our payment option at checkout. Smart budgeting for your family. No interest fees.
ad_70,Sezzle,18-24,3948,402.38,Unlock your purchasing power.,"Shop your favorite brands and pay over 6 weeks. No interest, no hard credit check. No credit impact! Treat yourself now. Instant decision."
ad_71,Affirm,18-24,1599,4081.62,"Buy Now, Pay Later with no hidden fees!",Instant approval! Just select our payment option at checkout.
ad_72,Affirm,25-34,7329,3688.6,Unlock your purchasing power.,"We help you buy what you want, when you want it. Download the app today."
ad_73,Klarna,25-34,4053,2146.18,Split your purchase into 4 easy payments.,"Why wait until payday? Get the things you want now and split your payments. It's fast, easy, and risk-free. No credit impact! Treat yourself now. Instant decision."
ad_74,Afterpay,25-34,10696,1736.98,Zero interest when you pay in 4.,"We help you buy what you want, when you want it. Download the app today. No credit impact! Treat yourself now. Instant decision."
ad_75,Zip,25-34,1649,3766.81,"Buy Now, Pay Later with no hidden fees!","Manage your cash flow better. Buy the essentials today and pay in small, manageable installments. No credit impact! Treat yourself now. Instant decision."
ad_76,Klarna,18-24,2151,1978.61,Unlock your purchasing power.,"Manage your cash flow better. Buy the essentials today and pay in small, manageable installments."
ad_77,Afterpay,18-24,77186,103.65,"Buy Now, Pay Later with no hidden fees!","Manage your cash flow better. Buy the essentials today and pay in small, manageable installments. No credit impact! Treat yourself now. Instant decision."
ad_78,Zip,18-24,3306,2438.48,"Get it now, pay over time.","We help you buy what you want, when you want it. Download the app today. No credit impact! Treat yourself now. Instant decision."
ad_79,Sezzle,18-24,3895,1676.89,Split your purchase into 4 easy payments.,"We help you buy what you want, when you want it. Download the app today. No credit impact! Treat yourself now. Instant decision."
ad_80,Zip,55-64,2116,4658.1,"Get it now, pay over time.",Don't let tight budgets hold you back. Flexible payment options available now!
ad_81,Affirm,25-34,3825,4444.14,Split your purchase into 4 easy payments.,"Manage your cash flow better. Buy the essentials today and pay in small, manageable installments. No credit impact! Treat yourself now. Instant decision."
ad_82,Affirm,55-64,7251,4341.0,Zero interest when you pay in 4.,Don't let tight budgets hold you back. Flexible payment options available now!
ad_83,Sezzle,18-24,4895,2013.43,Split your purchase into 4 easy payments.,"Shop your favorite brands and pay over 6 weeks. No interest, no hard credit check."
ad_84,Affirm,18-24,700,4073.36,"Buy Now, Pay Later with no hidden fees!","We help you buy what you want, when you want it. Download the app today. No credit impact! Treat yourself now. Instant decision."
ad_85,Zip,18-24,729,3555.5,Split your purchase into 4 easy payments.,"We help you buy what you want, when you want it. Download the app today. No credit impact! Treat yourself now. Instant decision."
ad_86,Zip,25-34,7028,600.43,Split your purchase into 4 easy payments.,"We help you buy what you want, when you want it. Download the app today."
ad_87,Sezzle,25-34,2540,2878.79,Don't wait! Buy today and pay later.,Instant approval! Just select our payment option at checkout. No credit impact! Treat yourself now. Instant decision.
ad_88,Sezzle,35-44,6906,1225.66,"Buy Now, Pay Later with no hidden fees!",Instant approval! Just select our payment option at checkout. Smart budgeting for your family. No interest fees.
ad_89,Klarna,18-24,9258,2665.43,Unlock your purchasing power.,Don't let tight budgets hold you back. Flexible payment options available now! No credit impact! Treat yourself now. Instant decision.
ad_90,Affirm,18-24,3195,4965.18,Unlock your purchasing power.,Instant approval! Just select our payment option at checkout. No credit impact! Treat yourself now. Instant decision.
ad_91,Afterpay,25-34,7970,423.4,"Buy Now, Pay Later with no hidden fees!","Why wait until payday? Get the things you want now and split your payments. It's fast, easy, and risk-free. No credit impact! Treat yourself now. Instant decision."
ad_92,PayPal Pay Later,18-24,12540,4580.51,"Get it now, pay over time.",Don't let tight budgets hold you back. Flexible payment options available now!
ad_93,Zip,18-24,1477,1711.52,"Get it now, pay over time.",Instant approval! Just select our payment option at checkout. No credit impact! Treat yourself now. Instant decision.
ad_94,Zip,25-34,8371,434.79,"Buy Now, Pay Later with no hidden fees!",Instant approval! Just select our payment option at checkout. No credit impact! Treat yourself now. Instant decision.
ad_95,Afterpay,25-34,487,2703.68,"Buy Now, Pay Later with no hidden fees!","We help you buy what you want, when you want it. Download the app today. No credit impact! Treat yourself now. Instant decision."
ad_96,Zip,25-34,1561,427.19,Zero interest when you pay in 4.,"Shop your favorite brands and pay over 6 weeks. No interest, no hard credit check."
ad_97,Afterpay,25-34,1991,3086.41,"Get it now, pay over time.","Shop your favorite brands and pay over 6 weeks. No interest, no hard credit check. No credit impact! Treat yourself now. Instant decision."
ad_98,PayPal Pay Later,45-54,9695,4937.02,"Buy Now, Pay Later with no hidden fees!","Manage your cash flow better. Buy the essentials today and pay in small, manageable installments."
ad_99,Sezzle,25-34,1864,1995.3,Split your purchase into 4 easy payments.,"Manage your cash flow better. Buy the essentials today and pay in small, manageable installments."
ad_100,Klarna,35-44,256,1403.37,Zero interest when you pay in 4.,Instant approval! Just select our payment option at checkout. Smart budgeting for your family. No interest fees.
ad_101,Klarna,25-34,1210,3762.06,Split your purchase into 4 easy payments.,"We help you buy what you want, when you want it. Download the app today."
ad_102,Sezzle,25-34,1565,1243.37,"Buy Now, Pay Later with no hidden fees!",Don't let tight budgets hold you back. Flexible payment options available now! No credit impact! Treat yourself now. Instant decision.
ad_103,Klarna,55-64,11567,3050.56,Zero interest when you pay in 4.,"Why wait until payday? Get the things you want now and split your payments. It's fast, easy, and risk-free."
ad_104,Klarna,35-44,2976,2407.24,Split your purchase into 4 easy payments.,"Manage your cash flow better. Buy the essentials today and pay in small, manageable installments. Smart budgeting for your family. No interest fees."
ad_105,Affirm,45-54,1946,2781.94,Unlock your purchasing power.,Don't let tight budgets hold you back. Flexible payment options available now!
ad_106,PayPal Pay Later,35-44,1697,2131.65,Unlock your purchasing power.,"We help you buy what you want, when you want it. Download the app today. Smart budgeting for your family. No interest fees."
ad_107,PayPal Pay Later,25-34,37769,1104.17,Zero interest when you pay in 4.,Instant approval! Just select our payment option at checkout. No credit impact! Treat yourself now. Instant decision.
ad_108,Affirm,18-24,528,2215.5,"Get it now, pay over time.",Instant approval! Just select our payment option at checkout. No credit impact! Treat yourself now. Instant decision.
ad_109,Klarna,25-34,12636,3929.08,Don't wait! Buy today and pay later.,Don't let tight budgets hold you back. Flexible payment options available now!
ad_110,Affirm,45-54,2937,1328.31,Unlock your purchasing power.,"Shop your favorite brands and pay over 6 weeks. No interest, no hard credit check."
ad_111,PayPal Pay Later,25-34,6610,1677.32,Split your purchase into 4 easy payments.,"Manage your cash flow better. Buy the essentials today and pay in small, manageable installments. No credit impact! Treat yourself now. Instant decision."
ad_112,Afterpay,18-24,991,1761.05,Split your purchase into 4 easy payments.,"Manage your cash flow better. Buy the essentials today and pay in small, manageable installments. No credit impact! Treat yourself now. Instant decision."
ad_113,Afterpay,25-34,4854,902.98,"Get it now, pay over time.","Manage your cash flow better. Buy the essentials today and pay in small, manageable installments. No credit impact! Treat yourself now. Instant decision."
ad_114,Afterpay,35-44,828,207.43,Zero interest when you pay in 4.,"Why wait until payday? Get the things you want now and split your payments. It's fast, easy, and risk-free."
ad_115,Sezzle,25-34,811,1071.35,"Get it now, pay over time.","Why wait until payday? Get the things you want now and split your payments. It's fast, easy, and risk-free."
ad_116,PayPal Pay Later,18-24,1595,2431.67,Zero interest when you pay in 4.,Don't let tight budgets hold you back. Flexible payment options available now! No credit impact! Treat yourself now. Instant decision.
ad_117,Afterpay,45-54,2267,352.34,"Get it now, pay over time.",Instant approval! Just select our payment option at checkout.
ad_118,Klarna,18-24,3562,2706.12,Zero interest when you pay in 4.,Don't let tight budgets hold you back. Flexible payment options available now! No credit impact! Treat yourself now. Instant decision.
ad_119,Affirm,35-44,3089,2679.77,"Get it now, pay over time.","We help you buy what you want, when you want it. Download the app today. Smart budgeting for your family. No interest fees."
ad_120,Affirm,18-24,6984,4481.27,Zero interest when you pay in 4.,"Manage your cash flow better. Buy the essentials today and pay in small, manageable installments."
ad_121,Zip,18-24,1109,2264.69,Split your purchase into 4 easy payments.,"Manage your cash flow better. Buy the essentials today and pay in small, manageable installments. No credit impact! Treat yourself now. Instant decision."
ad_122,Klarna,25-34,3865,4211.51,Zero interest when you pay in 4.,"Shop your favorite brands and pay over 6 weeks. No interest, no hard credit check."
ad_123,PayPal Pay Later,18-24,819,4458.11,Don't wait! Buy today and pay later.,"Why wait until payday? Get the things you want now and split your payments. It's fast, easy, and risk-free. No credit impact! Treat yourself now. Instant decision."
ad_124,Zip,18-24,2212,2941.79,Zero interest when you pay in 4.,"Shop your favorite brands and pay over 6 weeks. No interest, no hard credit check. No credit impact! Treat yourself now. Instant decision."
ad_125,Klarna,25-34,26182,1924.92,Unlock your purchasing power.,Don't let tight budgets hold you back. Flexible payment options available now! No credit impact! Treat yourself now. Instant decision.
ad_126,Zip,25-34,439,4933.25,Unlock your purchasing power.,"Why wait until payday? Get the things you want now and split your payments. It's fast, easy, and risk-free. No credit impact! Treat yourself now. Instant decision."
ad_127,Klarna,18-24,7641,1165.4,Zero interest when you pay in 4.,Instant approval! Just select our payment option at checkout.
ad_128,PayPal Pay Later,18-24,1301,4488.99,Split your purchase into 4 easy payments.,"Manage your cash flow better. Buy the essentials today and pay in small, manageable installments."
ad_129,Sezzle,65+,1728,604.59,"Get it now, pay over time.",Instant approval! Just select our payment option at checkout.
ad_130,Zip,45-54,17946,4113.26,"Get it now, pay over time.","Manage your cash flow better. Buy the essentials today and pay in small, manageable installments. Smart budgeting for your family. No interest fees."
ad_131,Affirm,18-24,2766,3858.99,Zero interest when you pay in 4.,"Shop your favorite brands and pay over 6 weeks. No interest, no hard credit check. No credit impact! Treat yourself now. Instant decision."
ad_132,PayPal Pay Later,25-34,5656,2672.71,"Buy Now, Pay Later with no hidden fees!","Shop your favorite brands and pay over 6 weeks. No interest, no hard credit check."
ad_133,PayPal Pay Later,18-24,1319,2927.13,Split your purchase into 4 easy payments.,Instant approval! Just select our payment option at checkout.
ad_134,Sezzle,25-34,2569,715.35,"Get it now, pay over time.",Instant approval! Just select our payment option at checkout. No credit impact! Treat yourself now. Instant decision.
ad_135,Affirm,18-24,1983,4058.88,"Buy Now, Pay Later with no hidden fees!","We help you buy what you want, when you want it. Download the app today. No credit impact! Treat yourself now. Instant decision."
ad_136,Klarna,35-44,1446,2088.61,Zero interest when you pay in 4.,"Why wait until payday? Get the things you want now and split your payments. It's fast, easy, and risk-free. Smart budgeting for your family. No interest fees."
ad_137,Sezzle,35-44,33990,4826.88,Zero interest when you pay in 4.,"We help you buy what you want, when you want it. Download the app today."
ad_138,Afterpay,55-64,4856,4217.05,Split your purchase into 4 easy payments.,"Why wait until payday? Get the things you want now and split your payments. It's fast, easy, and risk-free."
ad_139,Sezzle,18-24,14474,860.1,Unlock your purchasing power.,"We help you buy what you want, when you want it. Download the app today. No credit impact! Treat yourself now. Instant decision."
ad_140,Sezzle,18-24,6262,1615.17,"Get it now, pay over time.","Why wait until payday? Get the things you want now and split your payments. It's fast, easy, and risk-free. No credit impact! Treat yourself now. Instant decision."
ad_141,Affirm,35-44,3802,2223.72,Zero interest when you pay in 4.,"Manage your cash flow better. Buy the essentials today and pay in small, manageable installments."
ad_142,Sezzle,18-24,3036,1199.45,"Buy Now, Pay Later with no hidden fees!","Shop your favorite brands and pay over 6 weeks. No interest, no hard credit check. No credit impact! Treat yourself now. Instant decision."
ad_143,PayPal Pay Later,18-24,15937,1183.68,Split your purchase into 4 easy payments.,Don't let tight budgets hold you back. Flexible payment options available now!
ad_144,PayPal Pay Later,18-24,7451,875.32,Unlock your purchasing power.,"Why wait until payday? Get the things you want now and split your payments. It's fast, easy, and risk-free. No credit impact! Treat yourself now. Instant decision."
ad_145,Zip,25-34,8869,2887.1,Unlock your purchasing power.,Don't let tight budgets hold you back. Flexible payment options available now! No credit impact! Treat yourself now. Instant decision.
ad_146,Klarna,18-24,6838,215.99,Zero interest when you pay in 4.,"Shop your favorite brands and pay over 6 weeks. No interest, no hard credit check. No credit impact! Treat yourself now. Instant decision."
ad_147,Affirm,25-34,1266,3785.44,Zero interest when you pay in 4.,Don't let tight budgets hold you back. Flexible payment options available now!
ad_148,Sezzle,18-24,10796,792.09,Don't wait! Buy today and pay later.,Instant approval! Just select our payment option at checkout. No credit impact! Treat yourself now. Instant decision.
ad_149,Sezzle,25-34,1910,3223.68,Split your purchase into 4 easy payments.,Instant approval! Just select our payment option at checkout. No credit impact! Treat yourself now. Instant decision.
ad_150,Zip,25-34,9720,4797.42,Zero interest when you pay in 4.,Don't let tight budgets hold you back. Flexible payment options available now!
ad_151,Affirm,55-64,4264,809.09,Unlock your purchasing power.,Don't let tight budgets hold you back. Flexible payment options available now!
ad_152,Affirm,25-34,3325,3498.42,Unlock your purchasing power.,"Shop your favorite brands and pay over 6 weeks. No interest, no hard credit check. No credit impact! Treat yourself now. Instant decision."
ad_153,Klarna,25-34,6159,3053.24,Zero interest when you pay in 4.,"Manage your cash flow better. Buy the essentials today and pay in small, manageable installments. No credit impact! Treat yourself now. Instant decision."
ad_154,Sezzle,18-24,2144,869.33,Don't wait! Buy today and pay later.,Don't let tight budgets hold you back. Flexible payment options available now! No credit impact! Treat yourself now. Instant decision.
ad_155,Klarna,18-24,1862,1591.65,Split your purchase into 4 easy payments.,"We help you buy what you want, when you want it. Download the app today. No credit impact! Treat yourself now. Instant decision."
ad_156,Klarna,25-34,5520,3038.42,Split your purchase into 4 easy payments.,Instant approval! Just select our payment option at checkout. No credit impact! Treat yourself now. Instant decision.
ad_157,Klarna,45-54,1586,4618.65,"Get it now, pay over time.","Manage your cash flow better. Buy the essentials today and pay in small, manageable installments."
ad_158,Affirm,45-54,1913,4568.11,Zero interest when you pay in 4.,"Why wait until payday? Get the things you want now and split your payments. It's fast, easy, and risk-free. Smart budgeting for your family. No interest fees."
ad_159,Zip,25-34,3237,4578.49,"Buy Now, Pay Later with no hidden fees!","We help you buy what you want, when you want it. Download the app today. No credit impact! Treat yourself now. Instant decision."
ad_160,Afterpay,25-34,2278,472.48,Unlock your purchasing power.,"Why wait until payday? Get the things you want now and split your payments. It's fast, easy, and risk-free. No credit impact! Treat yourself now. Instant decision."
ad_161,Klarna,18-24,985,2016.72,Split your purchase into 4 easy payments.,"Manage your cash flow better. Buy the essentials today and pay in small, manageable installments. No credit impact! Treat yourself now. Instant decision."
ad_162,Afterpay,18-24,28466,1919.74,Split your purchase into 4 easy payments.,"Shop your favorite brands and pay over 6 weeks. No interest, no hard credit check. No credit impact! Treat yourself now. Instant decision."
ad_163,Klarna,35-44,1679,2293.78,"Get it now, pay over time.",Don't let tight budgets hold you back. Flexible payment options available now!
ad_164,Zip,25-34,14642,559.76,Unlock your purchasing power.,"Manage your cash flow better. Buy the essentials today and pay in small, manageable installments."
ad_165,Affirm,18-24,2928,3237.8,Don't wait! Buy today and pay later.,"Why wait until payday? Get the things you want now and split your payments. It's fast, easy, and risk-free. No credit impact! Treat yourself now. Instant decision."
ad_166,Zip,35-44,2305,2781.03,Split your purchase into 4 easy payments.,"Manage your cash flow better. Buy the essentials today and pay in small, manageable installments. Smart budgeting for your family. No interest fees."
ad_167,Sezzle,25-34,8302,1729.39,Unlock your purchasing power.,"Manage your cash flow better. Buy the essentials today and pay in small, manageable installments. No credit impact! Treat yourself now. Instant decision."
ad_168,Afterpay,25-34,2099,1253.7,Zero interest when you pay in 4.,Don't let tight budgets hold you back. Flexible payment options available now! No credit impact! Treat yourself now. Instant decision.
ad_169,Afterpay,55-64,2370,4724.83,Zero interest when you pay in 4.,"We help you buy what you want, when you want it. Download the app today. Smart budgeting for your family. No interest fees."
ad_170,PayPal Pay Later,18-24,561,4468.72,Unlock your purchasing power.,Instant approval! Just select our payment option at checkout.
ad_171,Afterpay,18-24,17408,1929.48,Don't wait! Buy today and pay later.,Instant approval! Just select our payment option at checkout. No credit impact! Treat yourself now. Instant decision.
ad_172,Sezzle,18-24,1591,4312.29,Split your purchase into 4 easy payments.,Instant approval! Just select our payment option at checkout. No credit impact! Treat yourself now. Instant decision.
ad_173,Affirm,35-44,10421,743.56,"Get it now, pay over time.",Don't let tight budgets hold you back. Flexible payment options available now!
ad_174,Afterpay,45-54,2130,161.22,Zero interest when you pay in 4.,"Why wait until payday? Get the things you want now and split your payments. It's fast, easy, and risk-free."
ad_175,Affirm,25-34,11453,1326.54,Zero interest when you pay in 4.,Don't let tight budgets hold you back. Flexible payment options available now! No credit impact! Treat yourself now. Instant decision.
ad_176,Afterpay,25-34,8982,4121.79,Unlock your purchasing power.,"Shop your favorite brands and pay over 6 weeks. No interest, no hard credit check. No credit impact! Treat yourself now. Instant decision."
ad_177,Zip,25-34,9427,382.52,Unlock your purchasing power.,"Why wait until payday? Get the things you want now and split your payments. It's fast, easy, and risk-free. No credit impact! Treat yourself now. Instant decision."
ad_178,PayPal Pay Later,35-44,3850,3022.56,"Buy Now, Pay Later with no hidden fees!","We help you buy what you want, when you want it. Download the app today. Smart budgeting for your family. No interest fees."
ad_179,Affirm,45-54,7964,2122.91,Don't wait! Buy today and pay later.,Don't let tight budgets hold you back. Flexible payment options available now! Smart budgeting for your family. No interest fees.
ad_180,Affirm,25-34,4322,962.64,Unlock your purchasing power.,Instant approval! Just select our payment option at checkout.
ad_181,Afterpay,18-24,2648,1977.01,Split your purchase into 4 easy payments.,Instant approval! Just select our payment option at checkout. No credit impact! Treat yourself now. Instant decision.
ad_182,Klarna,25-34,5120,2013.41,Zero interest when you pay in 4.,Don't let tight budgets hold you back. Flexible payment options available now!
ad_183,Sezzle,25-34,3404,1386.06,Don't wait! Buy today and pay later.,"Manage your cash flow better. Buy the essentials today and pay in small, manageable installments. No credit impact! Treat yourself now. Instant decision."
ad_184,Afterpay,35-44,4335,2397.47,"Buy Now, Pay Later with no hidden fees!","Why wait until payday? Get the things you want now and split your payments. It's fast, easy, and risk-free. Smart budgeting for your family. No interest fees."
ad_185,Klarna,25-34,1044,3539.38,"Get it now, pay over time.","Why wait until payday? Get the things you want now and split your payments. It's fast, easy, and risk-free. No credit impact! Treat yourself now. Instant decision."
ad_186,Afterpay,35-44,5610,1397.12,"Get it now, pay over time.",Instant approval! Just select our payment option at checkout.
ad_187,Afterpay,18-24,7883,4046.78,"Buy Now, Pay Later with no hidden fees!","We help you buy what you want, when you want it. Download the app today. No credit impact! Treat yourself now. Instant decision."
ad_188,Klarna,55-64,796,2732.41,Split your purchase into 4 easy payments.,"We help you buy what you want, when you want it. Download the app today. Smart budgeting for your family. No interest fees."
ad_189,Klarna,25-34,2377,3476.77,Zero interest when you pay in 4.,"Why wait until payday? Get the things you want now and split your payments. It's fast, easy, and risk-free. No credit impact! Treat yourself now. Instant decision."
ad_190,Affirm,25-34,4580,943.85,Unlock your purchasing power.,Don't let tight budgets hold you back. Flexible payment options available now! No credit impact! Treat yourself now. Instant decision.
ad_191,Affirm,18-24,3669,646.59,"Buy Now, Pay Later with no hidden fees!","Manage your cash flow better. Buy the essentials today and pay in small, manageable installments. No credit impact! Treat yourself now. Instant decision."
ad_192,Affirm,25-34,5749,321.67,Split your purchase into 4 easy payments.,"Shop your favorite brands and pay over 6 weeks. No interest, no hard credit check. No credit impact! Treat yourself now. Instant decision."
ad_193,Afterpay,35-44,6579,233.19,Split your purchase into 4 easy payments.,Instant approval! Just select our payment option at checkout.
ad_194,Zip,25-34,3228,2233.11,Don't wait! Buy today and pay later.,"Why wait until payday? Get the things you want now and split your payments. It's fast, easy, and risk-free. No credit impact! Treat yourself now. Instant decision."
ad_195,Zip,35-44,8211,1627.82,"Get it now, pay over time.","Why wait until payday? Get the things you want now and split your payments. It's fast, easy, and risk-free."
ad_196,Sezzle,25-34,3236,4698.39,Split your purchase into 4 easy payments.,"Manage your cash flow better. Buy the essentials today and pay in small, manageable installments. No credit impact! Treat yourself now. Instant decision."
ad_197,PayPal Pay Later,18-24,8651,3847.58,Unlock your purchasing power.,Don't let tight budgets hold you back. Flexible payment options available now! No credit impact! Treat yourself now. Instant decision.
ad_198,Sezzle,25-34,598,2021.52,Zero interest when you pay in 4.,"Why wait until payday? Get the things you want now and split your payments. It's fast, easy, and risk-free."
ad_199,Zip,25-34,5259,1231.95,Split your purchase into 4 easy payments.,"We help you buy what you want, when you want it. Download the app today."
ad_200,PayPal Pay Later,18-24,4696,2966.09,"Buy Now, Pay Later with no hidden fees!","We help you buy what you want, when you want it. Download the app today."
ad_201,PayPal Pay Later,18-24,6273,591.86,"Buy Now, Pay Later with no hidden fees!",Instant approval! Just select our payment option at checkout.
ad_202,Zip,55-64,1558,2963.34,Zero interest when you pay in 4.,"Manage your cash flow better. Buy the essentials today and pay in small, manageable installments."
ad_203,PayPal Pay Later,25-34,6646,876.82,Don't wait! Buy today and pay later.,Instant approval! Just select our payment option at checkout. No credit impact! Treat yourself now. Instant decision.
ad_204,Afterpay,25-34,1851,4161.68,Zero interest when you pay in 4.,"Shop your favorite brands and pay over 6 weeks. No interest, no hard credit check. No credit impact! Treat yourself now. Instant decision."
ad_205,Afterpay,18-24,5417,1141.41,"Buy Now, Pay Later with no hidden fees!","Shop your favorite brands and pay over 6 weeks. No interest, no hard credit check. No credit impact! Treat yourself now. Instant decision."
ad_206,Afterpay,35-44,4990,1120.8,"Buy Now, Pay Later with no hidden fees!","Manage your cash flow better. Buy the essentials today and pay in small, manageable installments. Smart budgeting for your family. No interest fees."
ad_207,Zip,65+,9839,910.78,"Get it now, pay over time.","Manage your cash flow better. Buy the essentials today and pay in small, manageable installments. Smart budgeting for your family. No interest fees."
ad_208,Affirm,25-34,27880,3751.96,"Buy Now, Pay Later with no hidden fees!","Why wait until payday? Get the things you want now and split your payments. It's fast, easy, and risk-free. No credit impact! Treat yourself now. Instant decision."
ad_209,Zip,25-34,1531,502.86,"Buy Now, Pay Later with no hidden fees!","Manage your cash flow better. Buy the essentials today and pay in small, manageable installments."
ad_210,Afterpay,18-24,3967,3293.45,Unlock your purchasing power.,"Manage your cash flow better. Buy the essentials today and pay in small, manageable installments. No credit impact! Treat yourself now. Instant decision."
ad_211,Afterpay,18-24,4164,1300.61,Zero interest when you pay in 4.,"Manage your cash flow better. Buy the essentials today and pay in small, manageable installments."
ad_212,Sezzle,18-24,5172,591.87,Don't wait! Buy today and pay later.,"We help you buy what you want, when you want it. Download the app today. No credit impact! Treat yourself now. Instant decision."
ad_213,Sezzle,45-54,3099,2500.98,Zero interest when you pay in 4.,"We help you buy what you want, when you want it. Download the app today. Smart budgeting for your family. No interest fees."
ad_214,Afterpay,35-44,11202,2850.37,Unlock your purchasing power.,"Why wait until payday? Get the things you want now and split your payments. It's fast, easy, and risk-free."
ad_215,PayPal Pay Later,25-34,961,4347.4,Don't wait! Buy today and pay later.,"Why wait until payday? Get the things you want now and split your payments. It's fast, easy, and risk-free."
ad_216,Afterpay,45-54,6771,3502.48,"Get it now, pay over time.",Instant approval! Just select our payment option at checkout.
ad_217,Afterpay,35-44,4950,835.1,Split your purchase into 4 easy payments.,"We help you buy what you want, when you want it. Download the app today."
ad_218,Affirm,25-34,1733,4548.07,"Get it now, pay over time.",Instant approval! Just select our payment option at checkout. No credit impact! Treat yourself now. Instant decision.
ad_219,Affirm,35-44,5647,2561.97,"Get it now, pay over time.","We help you buy what you want, when you want it. Download the app today. Smart budgeting for your family. No interest fees."
ad_220,PayPal Pay Later,18-24,1106,1914.64,Unlock your purchasing power.,"Manage your cash flow better. Buy the essentials today and pay in small, manageable installments."
ad_221,PayPal Pay Later,18-24,3478,141.22,"Buy Now, Pay Later with no hidden fees!","Shop your favorite brands and pay over 6 weeks. No interest, no hard credit check. No credit impact! Treat yourself now. Instant decision."
ad_222,Zip,25-34,3552,385.79,Split your purchase into 4 easy payments.,"Why wait until payday? Get the things you want now and split your payments. It's fast, easy, and risk-free. No credit impact! Treat yourself now. Instant decision."
ad_223,Zip,18-24,4485,2931.74,"Buy Now, Pay Later with no hidden fees!",Don't let tight budgets hold you back. Flexible payment options available now!
ad_224,Affirm,18-24,1658,3255.49,Don't wait! Buy today and pay later.,"We help you buy what you want, when you want it. Download the app today. No credit impact! Treat yourself now. Instant decision."
ad_225,Zip,18-24,20146,159.51,Zero interest when you pay in 4.,"Manage your cash flow better. Buy the essentials today and pay in small, manageable installments. No credit impact! Treat yourself now. Instant decision."
ad_226,Afterpay,25-34,544,4985.77,"Buy Now, Pay Later with no hidden fees!","Manage your cash flow better. Buy the essentials today and pay in small, manageable installments. No credit impact! Treat yourself now. Instant decision."
ad_227,Sezzle,45-54,1985,2658.77,Unlock your purchasing power.,"We help you buy what you want, when you want it. Download the app today."
ad_228,Afterpay,18-24,3803,3289.83,Split your purchase into 4 easy payments.,"Manage your cash flow better. Buy the essentials today and pay in small, manageable installments. No credit impact! Treat yourself now. Instant decision."
ad_229,Klarna,55-64,1695,204.95,Unlock your purchasing power.,"We help you buy what you want, when you want it. Download the app today."
ad_230,Sezzle,25-34,648,4920.69,"Buy Now, Pay Later with no hidden fees!","Shop your favorite brands and pay over 6 weeks. No interest, no hard credit check. No credit impact! Treat yourself now. Instant decision."
ad_231,Zip,25-34,1492,3741.89,Split your purchase into 4 easy payments.,"Why wait until payday? Get the things you want now and split your payments. It's fast, easy, and risk-free. No credit impact! Treat yourself now. Instant decision."
ad_232,Klarna,25-34,931,2739.0,Don't wait! Buy today and pay later.,Don't let tight budgets hold you back. Flexible payment options available now! No credit impact! Treat yourself now. Instant decision.
ad_233,Klarna,45-54,38717,3894.15,Split your purchase into 4 easy payments.,Don't let tight budgets hold you back. Flexible payment options available now!
ad_234,Affirm,35-44,1159,211.0,Don't wait! Buy today and pay later.,"Shop your favorite brands and pay over 6 weeks. No interest, no hard credit check. Smart budgeting for your family. No interest fees."
ad_235,Afterpay,18-24,4118,2337.38,Zero interest when you pay in 4.,Don't let tight budgets hold you back. Flexible payment options available now! No credit impact! Treat yourself now. Instant decision.
ad_236,Klarna,25-34,4296,1166.42,Don't wait! Buy today and pay later.,Don't let tight budgets hold you back. Flexible payment options available now!
ad_237,PayPal Pay Later,18-24,614,2971.81,Split your purchase into 4 easy payments.,"We help you buy what you want, when you want it. Download the app today. No credit impact! Treat yourself now. Instant decision."
ad_238,Klarna,18-24,2507,2425.7,Zero interest when you pay in 4.,"Manage your cash flow better. Buy the essentials today and pay in small, manageable installments. No credit impact! Treat yourself now. Instant decision."
ad_239,Sezzle,35-44,1497,4765.61,"Buy Now, Pay Later with no hidden fees!","Manage your cash flow better. Buy the essentials today and pay in small, manageable installments."
ad_240,PayPal Pay Later,25-34,2157,2437.66,Don't wait! Buy today and pay later.,Instant approval! Just select our payment option at checkout. No credit impact! Treat yourself now. Instant decision.
ad_241,Klarna,25-34,3126,98.37,Don't wait! Buy today and pay later.,"Why wait until payday? Get the things you want now and split your payments. It's fast, easy, and risk-free. No credit impact! Treat yourself now. Instant decision."
ad_242,Affirm,25-34,1861,1644.37,Zero interest when you pay in 4.,"Shop your favorite brands and pay over 6 weeks. No interest, no hard credit check. No credit impact! Treat yourself now. Instant decision."
ad_243,PayPal Pay Later,25-34,8735,4116.13,"Get it now, pay over time.",Instant approval! Just select our payment option at checkout.
ad_244,Klarna,55-64,16345,3084.07,"Buy Now, Pay Later with no hidden fees!","Shop your favorite brands and pay over 6 weeks. No interest, no hard credit check. Smart budgeting for your family. No interest fees."
ad_245,Zip,45-54,11886,3584.73,Zero interest when you pay in 4.,Instant approval! Just select our payment option at checkout.
ad_246,PayPal Pay Later,25-34,24729,2787.36,Zero interest when you pay in 4.,"Shop your favorite brands and pay over 6 weeks. No interest, no hard credit check. No credit impact! Treat yourself now. Instant decision."
ad_247,PayPal Pay Later,25-34,2427,3235.71,"Buy Now, Pay Later with no hidden fees!",Instant approval! Just select our payment option at checkout. No credit impact! Treat yourself now. Instant decision.
ad_248,Affirm,25-34,5711,3268.96,"Buy Now, Pay Later with no hidden fees!","We help you buy what you want, when you want it. Download the app today. No credit impact! Treat yourself now. Instant decision."
ad_249,Afterpay,18-24,14290,4880.53,Don't wait! Buy today and pay later.,"We help you buy what you want, when you want it. Download the app today. No credit impact! Treat yourself now. Instant decision."
ad_250,Sezzle,35-44,2909,2799.05,"Get it now, pay over time.","Manage your cash flow better. Buy the essentials today and pay in small, manageable installments. Smart budgeting for your family. No interest fees."
ad_251,PayPal Pay Later,18-24,25394,2735.27,Split your purchase into 4 easy payments.,"Manage your cash flow better. Buy the essentials today and pay in small, manageable installments."
ad_252,Zip,18-24,1803,201.73,"Buy Now, Pay Later with no hidden fees!",Instant approval! Just select our payment option at checkout. No credit impact! Treat yourself now. Instant decision.
ad_253,Klarna,45-54,3683,3649.49,Unlock your purchasing power.,Instant approval! Just select our payment option at checkout. Smart budgeting for your family. No interest fees.
ad_254,Sezzle,18-24,625,3640.03,Don't wait! Buy today and pay later.,"Shop your favorite brands and pay over 6 weeks. No interest, no hard credit check."
ad_255,Affirm,35-44,22064,3292.3,Split your purchase into 4 easy payments.,"Manage your cash flow better. Buy the essentials today and pay in small, manageable installments."
ad_256,Affirm,45-54,5078,3176.22,"Buy Now, Pay Later with no hidden fees!","Manage your cash flow better. Buy the essentials today and pay in small, manageable installments. Smart budgeting for your family. No interest fees."
ad_257,Affirm,25-34,850,4549.71,"Get it now, pay over time.",Instant approval! Just select our payment option at checkout. No credit impact! Treat yourself now. Instant decision.
ad_258,PayPal Pay Later,65+,4120,2486.78,Zero interest when you pay in 4.,Don't let tight budgets hold you back. Flexible payment options available now! Smart budgeting for your family. No interest fees.
ad_259,Zip,25-34,2227,2984.95,"Buy Now, Pay Later with no hidden fees!",Instant approval! Just select our payment option at checkout.
ad_260,Affirm,18-24,792,2025.28,Split your purchase into 4 easy payments.,"We help you buy what you want, when you want it. Download the app today."
ad_261,Sezzle,18-24,8717,3878.69,Don't wait! Buy today and pay later.,"We help you buy what you want, when you want it. Download the app today."
ad_262,Afterpay,45-54,437,2271.45,Don't wait! Buy today and pay later.,Don't let tight budgets hold you back. Flexible payment options available now! Smart budgeting for your family. No interest fees.
ad_263,Klarna,25-34,1544,1281.14,Split your purchase into 4 easy payments.,Instant approval! Just select our payment option at checkout. No credit impact! Treat yourself now. Instant decision.
ad_264,Klarna,18-24,815,3047.41,Unlock your purchasing power.,Instant approval! Just select our payment option at checkout.
ad_265,Sezzle,35-44,656,3541.66,Don't wait! Buy today and pay later.,Don't let tight budgets hold you back. Flexible payment options available now!
ad_266,Zip,25-34,2161,305.9,"Buy Now, Pay Later with no hidden fees!","Manage your cash flow better. Buy the essentials today and pay in small, manageable installments. No credit impact! Treat yourself now. Instant decision."
ad_267,PayPal Pay Later,18-24,1898,488.35,"Buy Now, Pay Later with no hidden fees!","Why wait until payday? Get the things you want now and split your payments. It's fast, easy, and risk-free."
ad_268,Afterpay,18-24,3426,4346.2,Split your purchase into 4 easy payments.,"Shop your favorite brands and pay over 6 weeks. No interest, no hard credit check. No credit impact! Treat yourself now. Instant decision."
ad_269,Zip,25-34,4686,672.42,Zero interest when you pay in 4.,"We help you buy what you want, when you want it. Download the app today. No credit impact! Treat yourself now. Instant decision."
ad_270,Zip,25-34,5501,4851.06,"Buy Now, Pay Later with no hidden fees!","We help you buy what you want, when you want it. Download the app today."
ad_271,PayPal Pay Later,45-54,1039,926.89,"Get it now, pay over time.","Why wait until payday? Get the things you want now and split your payments. It's fast, easy, and risk-free. Smart budgeting for your family. No interest fees."
ad_272,Affirm,18-24,3582,3854.17,Split your purchase into 4 easy payments.,"Why wait until payday? Get the things you want now and split your payments. It's fast, easy, and risk-free. No credit impact! Treat yourself now. Instant decision."
ad_273,PayPal Pay Later,45-54,3521,3023.02,Zero interest when you pay in 4.,"We help you buy what you want, when you want it. Download the app today."
ad_274,Sezzle,25-34,1107,3044.52,"Buy Now, Pay Later with no hidden fees!","Why wait until payday? Get the things you want now and split your payments. It's fast, easy, and risk-free. No credit impact! Treat yourself now. Instant decision."
ad_275,Klarna,65+,1919,3774.52,Unlock your purchasing power.,"We help you buy what you want, when you want it. Download the app today. Smart budgeting for your family. No interest fees."
ad_276,Klarna,18-24,10129,4632.09,Split your purchase into 4 easy payments.,Don't let tight budgets hold you back. Flexible payment options available now! No credit impact! Treat yourself now. Instant decision.
ad_277,Affirm,35-44,5968,3999.18,Split your purchase into 4 easy payments.,"We help you buy what you want, when you want it. Download the app today."
ad_278,Afterpay,18-24,7939,1675.49,"Buy Now, Pay Later with no hidden fees!",Instant approval! Just select our payment option at checkout. No credit impact! Treat yourself now. Instant decision.
ad_279,Affirm,18-24,784,3492.56,Don't wait! Buy today and pay later.,"We help you buy what you want, when you want it. Download the app today. No credit impact! Treat yourself now. Instant decision."
ad_280,Klarna,25-34,346,122.6,Split your purchase into 4 easy payments.,"Manage your cash flow better. Buy the essentials today and pay in small, manageable installments."
ad_281,PayPal Pay Later,25-34,17471,3808.75,"Buy Now, Pay Later with no hidden fees!","Manage your cash flow better. Buy the essentials today and pay in small, manageable installments. No credit impact! Treat yourself now. Instant decision."
ad_282,Sezzle,45-54,244,176.93,"Get it now, pay over time.","Why wait until payday? Get the things you want now and split your payments. It's fast, easy, and risk-free."
ad_283,Zip,18-24,29464,2656.79,Don't wait! Buy today and pay later.,Instant approval! Just select our payment option at checkout. No credit impact! Treat yourself now. Instant decision.
ad_284,Afterpay,35-44,5403,4779.84,Unlock your purchasing power.,"We help you buy what you want, when you want it. Download the app today. Smart budgeting for your family. No interest fees."
ad_285,Afterpay,18-24,6998,3255.0,Don't wait! Buy today and pay later.,"Why wait until payday? Get the things you want now and split your payments. It's fast, easy, and risk-free."
ad_286,Zip,45-54,1402,2455.07,Unlock your purchasing power.,Instant approval! Just select our payment option at checkout.
ad_287,PayPal Pay Later,18-24,2251,4024.98,Split your purchase into 4 easy payments.,"Shop your favorite brands and pay over 6 weeks. No interest, no hard credit check. No credit impact! Treat yourself now. Instant decision."
ad_288,Zip,25-34,4089,4124.71,Zero interest when you pay in 4.,"Manage your cash flow better. Buy the essentials today and pay in small, manageable installments. No credit impact! Treat yourself now. Instant decision."
ad_289,Zip,18-24,2789,2649.56,"Buy Now, Pay Later with no hidden fees!","Shop your favorite brands and pay over 6 weeks. No interest, no hard credit check. No credit impact! Treat yourself now. Instant decision."
ad_290,Sezzle,18-24,2922,4039.66,"Buy Now, Pay Later with no hidden fees!",Instant approval! Just select our payment option at checkout. No credit impact! Treat yourself now. Instant decision.
ad_291,Sezzle,25-34,5179,4759.45,Zero interest when you pay in 4.,Don't let tight budgets hold you back. Flexible payment options available now!
ad_292,Sezzle,45-54,1477,3074.36,"Get it now, pay over time.","Why wait until payday? Get the things you want now and split your payments. It's fast, easy, and risk-free."
ad_293,Sezzle,45-54,1536,3861.23,"Buy Now, Pay Later with no hidden fees!","Shop your favorite brands and pay over 6 weeks. No interest, no hard credit check. Smart budgeting for your family. No interest fees."
ad_294,Afterpay,35-44,6653,2147.5,"Get it now, pay over time.","Why wait until payday? Get the things you want now and split your payments. It's fast, easy, and risk-free."
ad_295,Affirm,35-44,1701,791.03,"Get it now, pay over time.","We help you buy what you want, when you want it. Download the app today."
ad_296,Klarna,25-34,2092,523.79,Unlock your purchasing power.,"Manage your cash flow better. Buy the essentials today and pay in small, manageable installments. No credit impact! Treat yourself now. Instant decision."
ad_297,Zip,18-24,4691,3207.91,"Buy Now, Pay Later with no hidden fees!",Don't let tight budgets hold you back. Flexible payment options available now! No credit impact! Treat yourself now. Instant decision.
ad_298,Sezzle,25-34,4082,725.38,Unlock your purchasing power.,"Shop your favorite brands and pay over 6 weeks. No interest, no hard credit check. No credit impact! Treat yourself now. Instant decision."
ad_299,Afterpay,25-34,2974,2256.67,"Buy Now, Pay Later with no hidden fees!","Why wait until payday? Get the things you want now and split your payments. It's fast, easy, and risk-free."
ad_300,Afterpay,65+,5265,1407.1,Zero interest when you pay in 4.,Instant approval! Just select our payment option at checkout.
ad_301,Sezzle,45-54,15190,999.74,"Buy Now, Pay Later with no hidden fees!","Manage your cash flow better. Buy the essentials today and pay in small, manageable installments."
ad_302,PayPal Pay Later,18-24,3084,384.68,Unlock your purchasing power.,Instant approval! Just select our payment option at checkout.
ad_303,Afterpay,25-34,1380,1392.18,"Get it now, pay over time.","Manage your cash flow better. Buy the essentials today and pay in small, manageable installments. No credit impact! Treat yourself now. Instant decision."
ad_304,PayPal Pay Later,18-24,767,309.08,Don't wait! Buy today and pay later.,"Shop your favorite brands and pay over 6 weeks. No interest, no hard credit check. No credit impact! Treat yourself now. Instant decision."
ad_305,PayPal Pay Later,25-34,2467,3666.72,Zero interest when you pay in 4.,Instant approval! Just select our payment option at checkout. No credit impact! Treat yourself now. Instant decision.
ad_306,PayPal Pay Later,25-34,1106,2702.35,Zero interest when you pay in 4.,Don't let tight budgets hold you back. Flexible payment options available now! No credit impact! Treat yourself now. Instant decision.
ad_307,Klarna,35-44,5593,56.12,Don't wait! Buy today and pay later.,Instant approval! Just select our payment option at checkout.
ad_308,Afterpay,45-54,1747,804.46,Unlock your purchasing power.,Instant approval! Just select our payment option at checkout.
ad_309,Zip,18-24,729,3374.21,Don't wait! Buy today and pay later.,Don't let tight budgets hold you back. Flexible payment options available now!
ad_310,PayPal Pay Later,18-24,1759,4139.03,Zero interest when you pay in 4.,Instant approval! Just select our payment option at checkout.
ad_311,Affirm,18-24,4279,632.36,"Get it now, pay over time.","We help you buy what you want, when you want it. Download the app today. No credit impact! Treat yourself now. Instant decision."
ad_312,Affirm,18-24,879,2573.14,Split your purchase into 4 easy payments.,Instant approval! Just select our payment option at checkout. No credit impact! Treat yourself now. Instant decision.
ad_313,PayPal Pay Later,25-34,1452,3022.94,Zero interest when you pay in 4.,"Manage your cash flow better. Buy the essentials today and pay in small, manageable installments. No credit impact! Treat yourself now. Instant decision."
ad_314,PayPal Pay Later,25-34,3235,1934.09,"Get it now, pay over time.",Don't let tight budgets hold you back. Flexible payment options available now!
ad_315,PayPal Pay Later,35-44,2700,3960.65,Don't wait! Buy today and pay later.,Don't let tight budgets hold you back. Flexible payment options available now!
ad_316,Klarna,18-24,6077,2897.06,Unlock your purchasing power.,Don't let tight budgets hold you back. Flexible payment options available now! No credit impact! Treat yourself now. Instant decision.
ad_317,Klarna,45-54,3361,2460.96,Zero interest when you pay in 4.,Don't let tight budgets hold you back. Flexible payment options available now!
ad_318,PayPal Pay Later,18-24,238,774.55,Unlock your purchasing power.,"Shop your favorite brands and pay over 6 weeks. No interest, no hard credit check. No credit impact! Treat yourself now. Instant decision."
ad_319,Sezzle,18-24,3177,719.07,Don't wait! Buy today and pay later.,"We help you buy what you want, when you want it. Download the app today."
ad_320,Zip,35-44,3796,4685.42,Don't wait! Buy today and pay later.,"Shop your favorite brands and pay over 6 weeks. No interest, no hard credit check."
ad_321,Sezzle,18-24,1130,3222.09,Unlock your purchasing power.,"Manage your cash flow better. Buy the essentials today and pay in small, manageable installments."
ad_322,PayPal Pay Later,25-34,802,2843.98,"Get it now, pay over time.","Shop your favorite brands and pay over 6 weeks. No interest, no hard credit check."
ad_323,Klarna,18-24,624,4974.59,Unlock your purchasing power.,"Why wait until payday? Get the things you want now and split your payments. It's fast, easy, and risk-free."
ad_324,Afterpay,18-24,1380,3473.51,"Buy Now, Pay Later with no hidden fees!",Instant approval! Just select our payment option at checkout. No credit impact! Treat yourself now. Instant decision.
ad_325,Zip,65+,1701,4079.15,Don't wait! Buy today and pay later.,Instant approval! Just select our payment option at checkout.
ad_326,Sezzle,25-34,231,697.02,Don't wait! Buy today and pay later.,Don't let tight budgets hold you back. Flexible payment options available now! No credit impact! Treat yourself now. Instant decision.
ad_327,Sezzle,18-24,7587,2651.25,Zero interest when you pay in 4.,Don't let tight budgets hold you back. Flexible payment options available now!
ad_328,Sezzle,18-24,2362,3962.17,Unlock your purchasing power.,"Shop your favorite brands and pay over 6 weeks. No interest, no hard credit check."
ad_329,Affirm,18-24,1046,3113.79,Unlock your purchasing power.,"We help you buy what you want, when you want it. Download the app today."
ad_330,Affirm,18-24,2935,593.19,Don't wait! Buy today and pay later.,"Manage your cash flow better. Buy the essentials today and pay in small, manageable installments."
ad_331,Sezzle,35-44,5320,535.51,"Get it now, pay over time.",Don't let tight budgets hold you back. Flexible payment options available now! Smart budgeting for your family. No interest fees.
ad_332,Zip,45-54,6200,4062.9,Unlock your purchasing power.,Instant approval! Just select our payment option at checkout.
ad_333,Sezzle,25-34,864,3935.83,Unlock your purchasing power.,"Why wait until payday? Get the things you want now and split your payments. It's fast, easy, and risk-free. No credit impact! Treat yourself now. Instant decision."
ad_334,Klarna,18-24,4745,4053.97,Unlock your purchasing power.,"Why wait until payday? Get the things you want now and split your payments. It's fast, easy, and risk-free."
ad_335,Affirm,55-64,3521,1302.64,Unlock your purchasing power.,Instant approval! Just select our payment option at checkout.
ad_336,Afterpay,25-34,1154,1173.48,"Buy Now, Pay Later with no hidden fees!",Instant approval! Just select our payment option at checkout. No credit impact! Treat yourself now. Instant decision.
ad_337,Sezzle,18-24,343,3700.3,"Buy Now, Pay Later with no hidden fees!","We help you buy what you want, when you want it. Download the app today."
ad_338,Sezzle,18-24,6588,4020.55,Split your purchase into 4 easy payments.,"Why wait until payday? Get the things you want now and split your payments. It's fast, easy, and risk-free. No credit impact! Treat yourself now. Instant decision."
ad_339,Sezzle,25-34,10175,1968.6,Zero interest when you pay in 4.,Instant approval! Just select our payment option at checkout. No credit impact! Treat yourself now. Instant decision.
ad_340,Afterpay,65+,1015,2770.6,Zero interest when you pay in 4.,"Shop your favorite brands and pay over 6 weeks. No interest, no hard credit check."
ad_341,PayPal Pay Later,18-24,503,2597.56,"Buy Now, Pay Later with no hidden fees!","Why wait until payday? Get the things you want now and split your payments. It's fast, easy, and risk-free. No credit impact! Treat yourself now. Instant decision."
ad_342,Klarna,18-24,2158,3094.31,Zero interest when you pay in 4.,"Why wait until payday? Get the things you want now and split your payments. It's fast, easy, and risk-free. No credit impact! Treat yourself now. Instant decision."
ad_343,Klarna,55-64,2319,2417.36,"Get it now, pay over time.","Shop your favorite brands and pay over 6 weeks. No interest, no hard credit check. Smart budgeting for your family. No interest fees."
ad_344,Sezzle,18-24,1085,2455.78,Don't wait! Buy today and pay later.,"Shop your favorite brands and pay over 6 weeks. No interest, no hard credit check. No credit impact! Treat yourself now. Instant decision."
ad_345,Afterpay,18-24,2787,598.5,"Get it now, pay over time.","Why wait until payday? Get the things you want now and split your payments. It's fast, easy, and risk-free."
ad_346,Klarna,18-24,341,860.23,Don't wait! Buy today and pay later.,Don't let tight budgets hold you back. Flexible payment options available now!
ad_347,Zip,18-24,7897,1027.48,Zero interest when you pay in 4.,"Why wait until payday? Get the things you want now and split your payments. It's fast, easy, and risk-free. No credit impact! Treat yourself now. Instant decision."
ad_348,Sezzle,18-24,4040,4240.25,"Buy Now, Pay Later with no hidden fees!","Shop your favorite brands and pay over 6 weeks. No interest, no hard credit check. No credit impact! Treat yourself now. Instant decision."
ad_349,Sezzle,35-44,3888,2329.67,Zero interest when you pay in 4.,Don't let tight budgets hold you back. Flexible payment options available now! Smart budgeting for your family. No interest fees.
ad_350,Zip,18-24,9180,1383.19,Don't wait! Buy today and pay later.,"We help you buy what you want, when you want it. Download the app today."
ad_351,Sezzle,18-24,1340,702.06,Don't wait! Buy today and pay later.,"Manage your cash flow better. Buy the essentials today and pay in small, manageable installments. No credit impact! Treat yourself now. Instant decision."
ad_352,Affirm,18-24,10283,3677.37,Split your purchase into 4 easy payments.,"We help you buy what you want, when you want it. Download the app today."
ad_353,Sezzle,25-34,3045,3079.11,Zero interest when you pay in 4.,"Manage your cash flow better. Buy the essentials today and pay in small, manageable installments. No credit impact! Treat yourself now. Instant decision."
ad_354,Sezzle,18-24,8118,2197.31,"Get it now, pay over time.","Shop your favorite brands and pay over 6 weeks. No interest, no hard credit check."
ad_355,Klarna,25-34,3659,4413.18,Don't wait! Buy today and pay later.,"Manage your cash flow better. Buy the essentials today and pay in small, manageable installments. No credit impact! Treat yourself now. Instant decision."
ad_356,Affirm,25-34,8954,4084.84,Split your purchase into 4 easy payments.,"Manage your cash flow better. Buy the essentials today and pay in small, manageable installments."
ad_357,Affirm,18-24,1263,3929.77,Don't wait! Buy today and pay later.,Instant approval! Just select our payment option at checkout. No credit impact! Treat yourself now. Instant decision.
ad_358,PayPal Pay Later,35-44,4074,104.61,"Buy Now, Pay Later with no hidden fees!","Shop your favorite brands and pay over 6 weeks. No interest, no hard credit check. Smart budgeting for your family. No interest fees."
ad_359,Sezzle,18-24,4102,1668.31,Split your purchase into 4 easy payments.,Don't let tight budgets hold you back. Flexible payment options available now! No credit impact! Treat yourself now. Instant decision.
ad_360,Afterpay,65+,1316,3624.25,Zero interest when you pay in 4.,"Manage your cash flow better. Buy the essentials today and pay in small, manageable installments."
ad_361,Affirm,18-24,367,2092.48,Unlock your purchasing power.,"Shop your favorite brands and pay over 6 weeks. No interest, no hard credit check. No credit impact! Treat yourself now. Instant decision."
ad_362,PayPal Pay Later,18-24,1966,2041.52,Don't wait! Buy today and pay later.,"We help you buy what you want, when you want it. Download the app today. No credit impact! Treat yourself now. Instant decision."
ad_363,PayPal Pay Later,25-34,915,565.48,"Get it now, pay over time.",Instant approval! Just select our payment option at checkout. No credit impact! Treat yourself now. Instant decision.
ad_364,Zip,18-24,36768,3030.62,Don't wait! Buy today and pay later.,Instant approval! Just select our payment option at checkout. No credit impact! Treat yourself now. Instant decision.
ad_365,Afterpay,25-34,2124,431.44,Zero interest when you pay in 4.,"We help you buy what you want, when you want it. Download the app today. No credit impact! Treat yourself now. Instant decision."
ad_366,Zip,35-44,7691,2610.48,Unlock your purchasing power.,Instant approval! Just select our payment option at checkout. Smart budgeting for your family. No interest fees.
ad_367,PayPal Pay Later,18-24,5896,2198.4,"Get it now, pay over time.",Instant approval! Just select our payment option at checkout.
ad_368,Klarna,25-34,3604,2135.18,Don't wait! Buy today and pay later.,Instant approval! Just select our payment option at checkout. No credit impact! Treat yourself now. Instant decision.
ad_369,Afterpay,25-34,5306,4956.08,Don't wait! Buy today and pay later.,"Manage your cash flow better. Buy the essentials today and pay in small, manageable installments."
ad_370,Klarna,55-64,4039,4899.25,Split your purchase into 4 easy payments.,"We help you buy what you want, when you want it. Download the app today."
ad_371,Afterpay,18-24,752,4166.9,Unlock your purchasing power.,Don't let tight budgets hold you back. Flexible payment options available now!
ad_372,Klarna,45-54,1975,1915.73,Unlock your purchasing power.,Instant approval! Just select our payment option at checkout.
ad_373,Klarna,25-34,5058,4689.9,Don't wait! Buy today and pay later.,Don't let tight budgets hold you back. Flexible payment options available now! No credit impact! Treat yourself now. Instant decision.
ad_374,Affirm,18-24,2900,2212.41,"Buy Now, Pay Later with no hidden fees!",Instant approval! Just select our payment option at checkout. No credit impact! Treat yourself now. Instant decision.
ad_375,PayPal Pay Later,18-24,17540,1164.86,Don't wait! Buy today and pay later.,Instant approval! Just select our payment option at checkout. No credit impact! Treat yourself now. Instant decision.
ad_376,Klarna,35-44,4244,391.34,Don't wait! Buy today and pay later.,"Shop your favorite brands and pay over 6 weeks. No interest, no hard credit check."
ad_377,PayPal Pay Later,18-24,3366,1414.81,Don't wait! Buy today and pay later.,Don't let tight budgets hold you back. Flexible payment options available now! No credit impact! Treat yourself now. Instant decision.
ad_378,Affirm,18-24,2199,3894.72,Don't wait! Buy today and pay later.,"Why wait until payday? Get the things you want now and split your payments. It's fast, easy, and risk-free. No credit impact! Treat yourself now. Instant decision."
ad_379,Sezzle,45-54,14301,280.18,"Get it now, pay over time.","Shop your favorite brands and pay over 6 weeks. No interest, no hard credit check."
ad_380,Afterpay,18-24,263,1769.35,"Get it now, pay over time.","Manage your cash flow better. Buy the essentials today and pay in small, manageable installments."
ad_381,Zip,18-24,7215,4416.57,Unlock your purchasing power.,"Shop your favorite brands and pay over 6 weeks. No interest, no hard credit check. No credit impact! Treat yourself now. Instant decision."
ad_382,Affirm,25-34,7219,4907.42,"Get it now, pay over time.","We help you buy what you want, when you want it. Download the app today. No credit impact! Treat yourself now. Instant decision."
ad_383,Afterpay,25-34,1188,996.39,"Buy Now, Pay Later with no hidden fees!","Manage your cash flow better. Buy the essentials today and pay in small, manageable installments. No credit impact! Treat yourself now. Instant decision."
ad_384,Afterpay,65+,592,614.77,"Get it now, pay over time.","We help you buy what you want, when you want it. Download the app today. Smart budgeting for your family. No interest fees."
ad_385,Zip,25-34,9554,489.76,Zero interest when you pay in 4.,"Why wait until payday? Get the things you want now and split your payments. It's fast, easy, and risk-free. No credit impact! Treat yourself now. Instant decision."
ad_386,Klarna,65+,1822,2735.6,Zero interest when you pay in 4.,"Why wait until payday? Get the things you want now and split your payments. It's fast, easy, and risk-free. Smart budgeting for your family. No interest fees."
ad_387,Klarna,25-34,737,1169.43,"Get it now, pay over time.","Why wait until payday? Get the things you want now and split your payments. It's fast, easy, and risk-free. No credit impact! Treat yourself now. Instant decision."
ad_388,Affirm,18-24,1903,2088.24,Unlock your purchasing power.,Don't let tight budgets hold you back. Flexible payment options available now!
ad_389,Zip,18-24,22248,2586.89,Don't wait! Buy today and pay later.,"Manage your cash flow better. Buy the essentials today and pay in small, manageable installments. No credit impact! Treat yourself now. Instant decision."
ad_390,Affirm,65+,2940,1731.9,Unlock your purchasing power.,Instant approval! Just select our payment option at checkout.
ad_391,Affirm,18-24,12802,3795.92,Zero interest when you pay in 4.,"We help you buy what you want, when you want it. Download the app today. No credit impact! Treat yourself now. Instant decision."
ad_392,PayPal Pay Later,18-24,14510,2812.0,"Get it now, pay over time.","Why wait until payday? Get the things you want now and split your payments. It's fast, easy, and risk-free. No credit impact! Treat yourself now. Instant decision."
ad_393,PayPal Pay Later,18-24,4358,1448.03,"Get it now, pay over time.",Instant approval! Just select our payment option at checkout. No credit impact! Treat yourself now. Instant decision.
ad_394,Afterpay,18-24,8420,1933.08,Split your purchase into 4 easy payments.,"We help you buy what you want, when you want it. Download the app today. No credit impact! Treat yourself now. Instant decision."
ad_395,Afterpay,18-24,4941,974.28,Don't wait! Buy today and pay later.,Instant approval! Just select our payment option at checkout. No credit impact! Treat yourself now. Instant decision.
ad_396,Klarna,25-34,9780,2010.05,Zero interest when you pay in 4.,"Shop your favorite brands and pay over 6 weeks. No interest, no hard credit check. No credit impact! Treat yourself now. Instant decision."
ad_397,Affirm,25-34,5098,2811.21,"Get it now, pay over time.","Manage your cash flow better. Buy the essentials today and pay in small, manageable installments. No credit impact! Treat yourself now. Instant decision."
ad_398,Sezzle,45-54,2132,961.91,Unlock your purchasing power.,Instant approval! Just select our payment option at checkout.
ad_399,Afterpay,18-24,1990,4003.04,Zero interest when you pay in 4.,Don't let tight budgets hold you back. Flexible payment options available now! No credit impact! Treat yourself now. Instant decision.
ad_400,Afterpay,45-54,3054,4837.28,Unlock your purchasing power.,"We help you buy what you want, when you want it. Download the app today. Smart budgeting for your family. No interest fees."
ad_401,Sezzle,25-34,12237,1648.91,Don't wait! Buy today and pay later.,Don't let tight budgets hold you back. Flexible payment options available now! No credit impact! Treat yourself now. Instant decision.
ad_402,Affirm,25-34,9773,3610.8,"Get it now, pay over time.","Shop your favorite brands and pay over 6 weeks. No interest, no hard credit check. No credit impact! Treat yourself now. Instant decision."
ad_403,PayPal Pay Later,18-24,39718,4868.61,Don't wait! Buy today and pay later.,"We help you buy what you want, when you want it. Download the app today."
ad_404,Klarna,35-44,18176,1606.03,Split your purchase into 4 easy payments.,"Shop your favorite brands and pay over 6 weeks. No interest, no hard credit check."
ad_405,Zip,25-34,4233,1821.1,"Get it now, pay over time.",Don't let tight budgets hold you back. Flexible payment options available now! No credit impact! Treat yourself now. Instant decision.
ad_406,Afterpay,45-54,587,609.07,"Get it now, pay over time.",Don't let tight budgets hold you back. Flexible payment options available now! Smart budgeting for your family. No interest fees.
ad_407,Klarna,18-24,3503,752.76,"Buy Now, Pay Later with no hidden fees!","Manage your cash flow better. Buy the essentials today and pay in small, manageable installments. No credit impact! Treat yourself now. Instant decision."
ad_408,Affirm,25-34,10068,1794.26,Unlock your purchasing power.,Instant approval! Just select our payment option at checkout. No credit impact! Treat yourself now. Instant decision.
ad_409,Afterpay,35-44,13647,1307.18,"Buy Now, Pay Later with no hidden fees!",Instant approval! Just select our payment option at checkout. Smart budgeting for your family. No interest fees.
ad_410,Sezzle,25-34,9844,394.72,Zero interest when you pay in 4.,"Why wait until payday? Get the things you want now and split your payments. It's fast, easy, and risk-free."
ad_411,Zip,18-24,971,4193.35,Split your purchase into 4 easy payments.,Instant approval! Just select our payment option at checkout.
ad_412,Affirm,25-34,1096,214.29,Unlock your purchasing power.,"We help you buy what you want, when you want it. Download the app today. No credit impact! Treat yourself now. Instant decision."
ad_413,PayPal Pay Later,35-44,1513,4522.86,"Buy Now, Pay Later with no hidden fees!","Why wait until payday? Get the things you want now and split your payments. It's fast, easy, and risk-free. Smart budgeting for your family. No interest fees."
ad_414,Afterpay,18-24,3952,4377.42,Split your purchase into 4 easy payments.,"Manage your cash flow better. Buy the essentials today and pay in small, manageable installments. No credit impact! Treat yourself now. Instant decision."
ad_415,Afterpay,18-24,6289,1928.54,Zero interest when you pay in 4.,Instant approval! Just select our payment option at checkout. No credit impact! Treat yourself now. Instant decision.
ad_416,Sezzle,25-34,3838,598.07,Don't wait! Buy today and pay later.,"Why wait until payday? Get the things you want now and split your payments. It's fast, easy, and risk-free. No credit impact! Treat yourself now. Instant decision."
ad_417,Klarna,25-34,2797,184.52,Zero interest when you pay in 4.,Don't let tight budgets hold you back. Flexible payment options available now! No credit impact! Treat yourself now. Instant decision.
ad_418,Klarna,18-24,3626,4034.29,Don't wait! Buy today and pay later.,"We help you buy what you want, when you want it. Download the app today."
ad_419,PayPal Pay Later,25-34,4092,1558.52,"Buy Now, Pay Later with no hidden fees!",Instant approval! Just select our payment option at checkout. No credit impact! Treat yourself now. Instant decision.
ad_420,Afterpay,45-54,4186,2726.46,"Buy Now, Pay Later with no hidden fees!",Don't let tight budgets hold you back. Flexible payment options available now! Smart budgeting for your family. No interest fees.
ad_421,Klarna,18-24,1562,2370.4,"Buy Now, Pay Later with no hidden fees!",Don't let tight budgets hold you back. Flexible payment options available now! No credit impact! Treat yourself now. Instant decision.
ad_422,Afterpay,18-24,6281,3014.1,Split your purchase into 4 easy payments.,Instant approval! Just select our payment option at checkout. No credit impact! Treat yourself now. Instant decision.
ad_423,Zip,45-54,1229,3355.63,Zero interest when you pay in 4.,Don't let tight budgets hold you back. Flexible payment options available now!
ad_424,Klarna,65+,5214,4198.85,Zero interest when you pay in 4.,Instant approval! Just select our payment option at checkout. Smart budgeting for your family. No interest fees.
ad_425,Afterpay,18-24,28364,3956.35,Unlock your purchasing power.,"We help you buy what you want, when you want it. Download the app today. No credit impact! Treat yourself now. Instant decision."
ad_426,Sezzle,18-24,2798,3700.95,"Buy Now, Pay Later with no hidden fees!","We help you buy what you want, when you want it. Download the app today. No credit impact! Treat yourself now. Instant decision."
ad_427,Klarna,25-34,650,4154.97,"Buy Now, Pay Later with no hidden fees!","We help you buy what you want, when you want it. Download the app today. No credit impact! Treat yourself now. Instant decision."
ad_428,Zip,45-54,972,1737.04,Don't wait! Buy today and pay later.,"We help you buy what you want, when you want it. Download the app today."
ad_429,PayPal Pay Later,25-34,2670,3174.97,Don't wait! Buy today and pay later.,"Why wait until payday? Get the things you want now and split your payments. It's fast, easy, and risk-free."
ad_430,Sezzle,25-34,1324,1209.21,Don't wait! Buy today and pay later.,"We help you buy what you want, when you want it. Download the app today. No credit impact! Treat yourself now. Instant decision."
ad_431,Afterpay,25-34,4397,4755.13,"Get it now, pay over time.","Manage your cash flow better. Buy the essentials today and pay in small, manageable installments. No credit impact! Treat yourself now. Instant decision."
ad_432,Klarna,25-34,1599,1309.24,"Buy Now, Pay Later with no hidden fees!","We help you buy what you want, when you want it. Download the app today. No credit impact! Treat yourself now. Instant decision."
ad_433,Zip,25-34,3621,4541.53,Split your purchase into 4 easy payments.,Instant approval! Just select our payment option at checkout.
ad_434,Affirm,65+,2391,1020.68,Split your purchase into 4 easy payments.,"We help you buy what you want, when you want it. Download the app today."
ad_435,Zip,18-24,376,2607.03,Zero interest when you pay in 4.,"Why wait until payday? Get the things you want now and split your payments. It's fast, easy, and risk-free. No credit impact! Treat yourself now. Instant decision."
ad_436,PayPal Pay Later,18-24,4015,1460.29,Unlock your purchasing power.,"We help you buy what you want, when you want it. Download the app today. No credit impact! Treat yourself now. Instant decision."
ad_437,Klarna,18-24,3978,2014.14,Zero interest when you pay in 4.,Don't let tight budgets hold you back. Flexible payment options available now!
ad_438,Klarna,18-24,3689,613.5,Split your purchase into 4 easy payments.,"Manage your cash flow better. Buy the essentials today and pay in small, manageable installments. No credit impact! Treat yourself now. Instant decision."
ad_439,Klarna,18-24,1405,3393.33,Zero interest when you pay in 4.,"Manage your cash flow better. Buy the essentials today and pay in small, manageable installments."
ad_440,Afterpay,18-24,1467,2138.05,Don't wait! Buy today and pay later.,"We help you buy what you want, when you want it. Download the app today. No credit impact! Treat yourself now. Instant decision."
ad_441,Sezzle,18-24,656,3389.31,"Buy Now, Pay Later with no hidden fees!","We help you buy what you want, when you want it. Download the app today."
ad_442,Affirm,55-64,1838,1325.16,"Buy Now, Pay Later with no hidden fees!",Instant approval! Just select our payment option at checkout.
ad_443,Affirm,18-24,3452,3343.2,"Buy Now, Pay Later with no hidden fees!",Instant approval! Just select our payment option at checkout.
ad_444,Affirm,18-24,9246,4506.59,Don't wait! Buy today and pay later.,"Shop your favorite brands and pay over 6 weeks. No interest, no hard credit check."
ad_445,Afterpay,18-24,26878,4711.54,Unlock your purchasing power.,"Why wait until payday? Get the things you want now and split your payments. It's fast, easy, and risk-free. No credit impact! Treat yourself now. Instant decision."
ad_446,Affirm,18-24,2701,3198.68,Zero interest when you pay in 4.,"Why wait until payday? Get the things you want now and split your payments. It's fast, easy, and risk-free."
ad_447,Klarna,18-24,3037,900.65,Zero interest when you pay in 4.,"Manage your cash flow better. Buy the essentials today and pay in small, manageable installments. No credit impact! Treat yourself now. Instant decision."
ad_448,Sezzle,45-54,3160,753.58,"Buy Now, Pay Later with no hidden fees!","Why wait until payday? Get the things you want now and split your payments. It's fast, easy, and risk-free."
ad_449,PayPal Pay Later,25-34,1415,2271.82,Unlock your purchasing power.,"Shop your favorite brands and pay over 6 weeks. No interest, no hard credit check. No credit impact! Treat yourself now. Instant decision."
ad_450,Sezzle,18-24,420,3659.41,"Buy Now, Pay Later with no hidden fees!",Don't let tight budgets hold you back. Flexible payment options available now!
ad_451,Zip,18-24,6202,4266.61,Don't wait! Buy today and pay later.,"Manage your cash flow better. Buy the essentials today and pay in small, manageable installments."
ad_452,Sezzle,18-24,8107,2259.78,"Get it now, pay over time.","Manage your cash flow better. Buy the essentials today and pay in small, manageable installments. No credit impact! Treat yourself now. Instant decision."
ad_453,Afterpay,45-54,1524,4587.34,Split your purchase into 4 easy payments.,"Shop your favorite brands and pay over 6 weeks. No interest, no hard credit check. Smart budgeting for your family. No interest fees."
ad_454,Afterpay,25-34,8371,1904.04,Don't wait! Buy today and pay later.,"We help you buy what you want, when you want it. Download the app today. No credit impact! Treat yourself now. Instant decision."
ad_455,Zip,18-24,9197,3821.44,Don't wait! Buy today and pay later.,"Manage your cash flow better. Buy the essentials today and pay in small, manageable installments. No credit impact! Treat yourself now. Instant decision."
ad_456,Sezzle,25-34,10653,3000.14,"Buy Now, Pay Later with no hidden fees!",Don't let tight budgets hold you back. Flexible payment options available now!
ad_457,Sezzle,25-34,1811,4216.53,Don't wait! Buy today and pay later.,Don't let tight budgets hold you back. Flexible payment options available now! No credit impact! Treat yourself now. Instant decision.
ad_458,Klarna,18-24,977,541.55,Zero interest when you pay in 4.,Don't let tight budgets hold you back. Flexible payment options available now! No credit impact! Treat yourself now. Instant decision.
ad_459,Afterpay,18-24,3286,842.12,"Get it now, pay over time.",Don't let tight budgets hold you back. Flexible payment options available now! No credit impact! Treat yourself now. Instant decision.
ad_460,Afterpay,18-24,996,4185.63,Unlock your purchasing power.,"Shop your favorite brands and pay over 6 weeks. No interest, no hard credit check. No credit impact! Treat yourself now. Instant decision."
ad_461,Zip,18-24,2875,4447.6,Don't wait! Buy today and pay later.,"Shop your favorite brands and pay over 6 weeks. No interest, no hard credit check. No credit impact! Treat yourself now. Instant decision."
ad_462,Zip,25-34,3647,800.34,"Buy Now, Pay Later with no hidden fees!","We help you buy what you want, when you want it. Download the app today. No credit impact! Treat yourself now. Instant decision."
ad_463,PayPal Pay Later,25-34,1369,813.02,"Buy Now, Pay Later with no hidden fees!","We help you buy what you want, when you want it. Download the app today. No credit impact! Treat yourself now. Instant decision."
ad_464,Affirm,18-24,5747,1813.12,"Get it now, pay over time.","We help you buy what you want, when you want it. Download the app today. No credit impact! Treat yourself now. Instant decision."
ad_465,Afterpay,18-24,1824,2561.86,Don't wait! Buy today and pay later.,"We help you buy what you want, when you want it. Download the app today. No credit impact! Treat yourself now. Instant decision."
ad_466,Zip,35-44,861,2935.77,Unlock your purchasing power.,"Manage your cash flow better. Buy the essentials today and pay in small, manageable installments. Smart budgeting for your family. No interest fees."
ad_467,Sezzle,25-34,3520,2470.04,Split your purchase into 4 easy payments.,"We help you buy what you want, when you want it. Download the app today. No credit impact! Treat yourself now. Instant decision."
ad_468,Klarna,25-34,1044,3972.98,Split your purchase into 4 easy payments.,"We help you buy what you want, when you want it. Download the app today."
ad_469,Sezzle,18-24,896,4270.16,Unlock your purchasing power.,Instant approval! Just select our payment option at checkout. No credit impact! Treat yourself now. Instant decision.
ad_470,PayPal Pay Later,18-24,3888,4356.35,Unlock your purchasing power.,Don't let tight budgets hold you back. Flexible payment options available now! No credit impact! Treat yourself now. Instant decision.
ad_471,Afterpay,25-34,17485,335.82,Don't wait! Buy today and pay later.,"Why wait until payday? Get the things you want now and split your payments. It's fast, easy, and risk-free. No credit impact! Treat yourself now. Instant decision."
ad_472,PayPal Pay Later,18-24,1200,3785.38,Zero interest when you pay in 4.,"Shop your favorite brands and pay over 6 weeks. No interest, no hard credit check. No credit impact! Treat yourself now. Instant decision."
ad_473,Zip,18-24,3068,1055.95,Split your purchase into 4 easy payments.,"Manage your cash flow better. Buy the essentials today and pay in small, manageable installments. No credit impact! Treat yourself now. Instant decision."
ad_474,Klarna,18-24,5096,2307.1,Don't wait! Buy today and pay later.,"Manage your cash flow better. Buy the essentials today and pay in small, manageable installments. No credit impact! Treat yourself now. Instant decision."
ad_475,Zip,35-44,4051,2408.59,"Buy Now, Pay Later with no hidden fees!",Instant approval! Just select our payment option at checkout.
ad_476,Sezzle,25-34,5396,3151.63,"Get it now, pay over time.",Don't let tight budgets hold you back. Flexible payment options available now! No credit impact! Treat yourself now. Instant decision.
ad_477,Sezzle,18-24,157,4366.64,"Get it now, pay over time.","Shop your favorite brands and pay over 6 weeks. No interest, no hard credit check. No credit impact! Treat yourself now. Instant decision."
ad_478,PayPal Pay Later,25-34,1757,3678.6,Zero interest when you pay in 4.,"Why wait until payday? Get the things you want now and split your payments. It's fast, easy, and risk-free."
ad_479,PayPal Pay Later,18-24,8218,4989.21,"Get it now, pay over time.","Why wait until payday? Get the things you want now and split your payments. It's fast, easy, and risk-free."
ad_480,PayPal Pay Later,18-24,6155,3715.36,Unlock your purchasing power.,"We help you buy what you want, when you want it. Download the app today. No credit impact! Treat yourself now. Instant decision."
ad_481,Sezzle,35-44,4994,4055.46,"Buy Now, Pay Later with no hidden fees!",Instant approval! Just select our payment option at checkout. Smart budgeting for your family. No interest fees.
ad_482,Afterpay,25-34,2902,434.36,Don't wait! Buy today and pay later.,Don't let tight budgets hold you back. Flexible payment options available now! No credit impact! Treat yourself now. Instant decision.
ad_483,PayPal Pay Later,18-24,1234,2768.2,Zero interest when you pay in 4.,Instant approval! Just select our payment option at checkout.
ad_484,Sezzle,55-64,448,430.47,"Get it now, pay over time.","Shop your favorite brands and pay over 6 weeks. No interest, no hard credit check."
ad_485,Zip,25-34,3689,298.62,"Get it now, pay over time.","Shop your favorite brands and pay over 6 weeks. No interest, no hard credit check."
ad_486,Sezzle,25-34,4566,2036.46,Zero interest when you pay in 4.,Don't let tight budgets hold you back. Flexible payment options available now! No credit impact! Treat yourself now. Instant decision.
ad_487,Afterpay,18-24,2123,2937.12,"Buy Now, Pay Later with no hidden fees!","Why wait until payday? Get the things you want now and split your payments. It's fast, easy, and risk-free."
ad_488,Klarna,18-24,13111,979.82,Zero interest when you pay in 4.,"Shop your favorite brands and pay over 6 weeks. No interest, no hard credit check. No credit impact! Treat yourself now. Instant decision."
ad_489,Affirm,35-44,1847,2795.55,Don't wait! Buy today and pay later.,"Shop your favorite brands and pay over 6 weeks. No interest, no hard credit check."
ad_490,PayPal Pay Later,25-34,1384,1485.35,Zero interest when you pay in 4.,Instant approval! Just select our payment option at checkout. No credit impact! Treat yourself now. Instant decision.
ad_491,Sezzle,45-54,1059,3617.24,Don't wait! Buy today and pay later.,Don't let tight budgets hold you back. Flexible payment options available now! Smart budgeting for your family. No interest fees.
ad_492,Affirm,18-24,1765,3755.79,"Buy Now, Pay Later with no hidden fees!","Why wait until payday? Get the things you want now and split your payments. It's fast, easy, and risk-free. No credit impact! Treat yourself now. Instant decision."
ad_493,Affirm,35-44,3471,3589.44,Zero interest when you pay in 4.,Don't let tight budgets hold you back. Flexible payment options available now! Smart budgeting for your family. No interest fees.
ad_494,Klarna,18-24,6802,1615.54,Split your purchase into 4 easy payments.,"Why wait until payday? Get the things you want now and split your payments. It's fast, easy, and risk-free. No credit impact! Treat yourself now. Instant decision."
ad_495,Klarna,18-24,1252,2846.67,"Get it now, pay over time.",Instant approval! Just select our payment option at checkout. No credit impact! Treat yourself now. Instant decision.
ad_496,Zip,35-44,2541,4554.22,Don't wait! Buy today and pay later.,"Manage your cash flow better. Buy the essentials today and pay in small, manageable installments. Smart budgeting for your family. No interest fees."
ad_497,Sezzle,18-24,7669,259.34,Unlock your purchasing power.,"Why wait until payday? Get the things you want now and split your payments. It's fast, easy, and risk-free. No credit impact! Treat yourself now. Instant decision."
ad_498,Zip,25-34,5025,3348.61,"Buy Now, Pay Later with no hidden fees!",Instant approval! Just select our payment option at checkout. No credit impact! Treat yourself now. Instant decision.
ad_499,Afterpay,55-64,1317,3527.58,Zero interest when you pay in 4.,"Why wait until payday? Get the things you want now and split your payments. It's fast, easy, and risk-free. Smart budgeting for your family. No interest fees."
ad_500,Sezzle,25-34,2970,1956.34,"Buy Now, Pay Later with no hidden fees!","Manage your cash flow better. Buy the essentials today and pay in small, manageable installments. No credit impact! Treat yourself now. Instant decision."
ad_501,Affirm,25-34,1130,3865.36,"Buy Now, Pay Later with no hidden fees!",Instant approval! Just select our payment option at checkout. No credit impact! Treat yourself now. Instant decision.
ad_502,Klarna,18-24,342,3612.29,"Buy Now, Pay Later with no hidden fees!","Why wait until payday? Get the things you want now and split your payments. It's fast, easy, and risk-free. No credit impact! Treat yourself now. Instant decision."
ad_503,PayPal Pay Later,25-34,11368,4406.78,"Buy Now, Pay Later with no hidden fees!",Instant approval! Just select our payment option at checkout. No credit impact! Treat yourself now. Instant decision.
ad_504,Sezzle,35-44,2701,4657.5,Don't wait! Buy today and pay later.,"Shop your favorite brands and pay over 6 weeks. No interest, no hard credit check. Smart budgeting for your family. No interest fees."
ad_505,Afterpay,18-24,1931,3241.92,Unlock your purchasing power.,Instant approval! Just select our payment option at checkout. No credit impact! Treat yourself now. Instant decision.
ad_506,PayPal Pay Later,18-24,2146,1870.54,"Buy Now, Pay Later with no hidden fees!","Why wait until payday? Get the things you want now and split your payments. It's fast, easy, and risk-free. No credit impact! Treat yourself now. Instant decision."
ad_507,PayPal Pay Later,35-44,5449,2741.84,Unlock your purchasing power.,"Shop your favorite brands and pay over 6 weeks. No interest, no hard credit check. Smart budgeting for your family. No interest fees."
ad_508,PayPal Pay Later,18-24,3556,205.54,Split your purchase into 4 easy payments.,Don't let tight budgets hold you back. Flexible payment options available now! No credit impact! Treat yourself now. Instant decision.
ad_509,Klarna,45-54,3236,1370.04,Unlock your purchasing power.,"Manage your cash flow better. Buy the essentials today and pay in small, manageable installments. Smart budgeting for your family. No interest fees."
ad_510,Klarna,55-64,22424,1593.73,Don't wait! Buy today and pay later.,"Why wait until payday? Get the things you want now and split your payments. It's fast, easy, and risk-free. Smart budgeting for your family. No interest fees."
ad_511,Zip,65+,3700,671.47,Unlock your purchasing power.,"Shop your favorite brands and pay over 6 weeks. No interest, no hard credit check. Smart budgeting for your family. No interest fees."
ad_512,Afterpay,18-24,966,2205.76,Unlock your purchasing power.,"Why wait until payday? Get the things you want now and split your payments. It's fast, easy, and risk-free."
ad_513,Klarna,25-34,1866,1155.15,"Buy Now, Pay Later with no hidden fees!",Don't let tight budgets hold you back. Flexible payment options available now! No credit impact! Treat yourself now. Instant decision.
ad_514,Zip,18-24,8011,4872.26,Split your purchase into 4 easy payments.,"Why wait until payday? Get the things you want now and split your payments. It's fast, easy, and risk-free."
ad_515,Afterpay,35-44,771,3050.43,Unlock your purchasing power.,Don't let tight budgets hold you back. Flexible payment options available now!
ad_516,Afterpay,18-24,2688,3749.85,Don't wait! Buy today and pay later.,"Shop your favorite brands and pay over 6 weeks. No interest, no hard credit check. No credit impact! Treat yourself now. Instant decision."
ad_517,Zip,55-64,576,4716.49,Unlock your purchasing power.,Instant approval! Just select our payment option at checkout. Smart budgeting for your family. No interest fees.
ad_518,Affirm,25-34,12969,1064.66,"Get it now, pay over time.",Instant approval! Just select our payment option at checkout. No credit impact! Treat yourself now. Instant decision.
ad_519,Affirm,45-54,4127,4243.61,Split your purchase into 4 easy payments.,"We help you buy what you want, when you want it. Download the app today."
ad_520,Afterpay,18-24,4906,1971.42,Don't wait! Buy today and pay later.,"Manage your cash flow better. Buy the essentials today and pay in small, manageable installments."
ad_521,Afterpay,35-44,9322,4739.61,Zero interest when you pay in 4.,Don't let tight budgets hold you back. Flexible payment options available now! Smart budgeting for your family. No interest fees.
ad_522,Zip,25-34,3518,3465.98,"Get it now, pay over time.","We help you buy what you want, when you want it. Download the app today. No credit impact! Treat yourself now. Instant decision."
ad_523,Zip,25-34,2032,2265.98,Zero interest when you pay in 4.,"Why wait until payday? Get the things you want now and split your payments. It's fast, easy, and risk-free."
ad_524,Affirm,18-24,1481,4747.9,Zero interest when you pay in 4.,"We help you buy what you want, when you want it. Download the app today. No credit impact! Treat yourself now. Instant decision."
ad_525,PayPal Pay Later,18-24,10427,4044.48,"Get it now, pay over time.",Don't let tight budgets hold you back. Flexible payment options available now!
ad_526,Affirm,18-24,29405,4326.61,Don't wait! Buy today and pay later.,"We help you buy what you want, when you want it. Download the app today."
ad_527,Afterpay,25-34,628,728.15,Split your purchase into 4 easy payments.,"We help you buy what you want, when you want it. Download the app today. No credit impact! Treat yourself now. Instant decision."
ad_528,Affirm,45-54,3127,1334.73,"Buy Now, Pay Later with no hidden fees!","Shop your favorite brands and pay over 6 weeks. No interest, no hard credit check. Smart budgeting for your family. No interest fees."
ad_529,Afterpay,18-24,4154,1109.09,"Get it now, pay over time.","Shop your favorite brands and pay over 6 weeks. No interest, no hard credit check. No credit impact! Treat yourself now. Instant decision."
ad_530,PayPal Pay Later,18-24,4563,3798.69,Unlock your purchasing power.,"Shop your favorite brands and pay over 6 weeks. No interest, no hard credit check. No credit impact! Treat yourself now. Instant decision."
ad_531,PayPal Pay Later,25-34,3038,1274.33,"Buy Now, Pay Later with no hidden fees!","Manage your cash flow better. Buy the essentials today and pay in small, manageable installments. No credit impact! Treat yourself now. Instant decision."
ad_532,Klarna,18-24,13149,2519.53,"Buy Now, Pay Later with no hidden fees!","We help you buy what you want, when you want it. Download the app today. No credit impact! Treat yourself now. Instant decision."
ad_533,Affirm,35-44,4253,1916.08,Don't wait! Buy today and pay later.,"Shop your favorite brands and pay over 6 weeks. No interest, no hard credit check. Smart budgeting for your family. No interest fees."
ad_534,Afterpay,18-24,1826,2597.68,Split your purchase into 4 easy payments.,Don't let tight budgets hold you back. Flexible payment options available now! No credit impact! Treat yourself now. Instant decision.
ad_535,Sezzle,18-24,4762,2043.68,Don't wait! Buy today and pay later.,"We help you buy what you want, when you want it. Download the app today."
ad_536,Sezzle,18-24,1396,4601.68,Split your purchase into 4 easy payments.,"Why wait until payday? Get the things you want now and split your payments. It's fast, easy, and risk-free. No credit impact! Treat yourself now. Instant decision."
ad_537,Klarna,35-44,622,1890.03,Don't wait! Buy today and pay later.,Instant approval! Just select our payment option at checkout.
ad_538,Sezzle,18-24,2739,1413.96,"Buy Now, Pay Later with no hidden fees!","Shop your favorite brands and pay over 6 weeks. No interest, no hard credit check."
ad_539,Sezzle,18-24,1521,2842.17,Split your purchase into 4 easy payments.,"Shop your favorite brands and pay over 6 weeks. No interest, no hard credit check. No credit impact! Treat yourself now. Instant decision."
ad_540,Zip,35-44,4852,1182.04,"Buy Now, Pay Later with no hidden fees!","Why wait until payday? Get the things you want now and split your payments. It's fast, easy, and risk-free."
ad_541,PayPal Pay Later,45-54,5753,1448.27,Unlock your purchasing power.,Instant approval! Just select our payment option at checkout.
ad_542,Sezzle,25-34,431,1665.38,Split your purchase into 4 easy payments.,"Manage your cash flow better. Buy the essentials today and pay in small, manageable installments. No credit impact! Treat yourself now. Instant decision."
ad_543,Sezzle,18-24,16135,4475.77,"Get it now, pay over time.","We help you buy what you want, when you want it. Download the app today. No credit impact! Treat yourself now. Instant decision."
ad_544,Sezzle,35-44,721,1313.78,Split your purchase into 4 easy payments.,Don't let tight budgets hold you back. Flexible payment options available now! Smart budgeting for your family. No interest fees.
ad_545,Zip,25-34,3690,1853.55,"Get it now, pay over time.","Manage your cash flow better. Buy the essentials today and pay in small, manageable installments. No credit impact! Treat yourself now. Instant decision."
ad_546,Sezzle,25-34,1551,4132.7,"Get it now, pay over time.","Why wait until payday? Get the things you want now and split your payments. It's fast, easy, and risk-free."
ad_547,Klarna,25-34,10030,1448.24,Unlock your purchasing power.,"We help you buy what you want, when you want it. Download the app today. No credit impact! Treat yourself now. Instant decision."
ad_548,PayPal Pay Later,25-34,33604,353.59,Zero interest when you pay in 4.,"We help you buy what you want, when you want it. Download the app today."
ad_549,Klarna,65+,7028,1169.32,Zero interest when you pay in 4.,"We help you buy what you want, when you want it. Download the app today. Smart budgeting for your family. No interest fees."
ad_550,Sezzle,25-34,1646,3672.04,Don't wait! Buy today and pay later.,"Why wait until payday? Get the things you want now and split your payments. It's fast, easy, and risk-free. No credit impact! Treat yourself now. Instant decision."
ad_551,Sezzle,35-44,1134,3067.67,Zero interest when you pay in 4.,Don't let tight budgets hold you back. Flexible payment options available now!
ad_552,Sezzle,25-34,1873,1886.16,Split your purchase into 4 easy payments.,Don't let tight budgets hold you back. Flexible payment options available now! No credit impact! Treat yourself now. Instant decision.
ad_553,Zip,65+,4731,3783.53,Unlock your purchasing power.,Don't let tight budgets hold you back. Flexible payment options available now!
ad_554,Sezzle,18-24,820,3781.46,Split your purchase into 4 easy payments.,"Shop your favorite brands and pay over 6 weeks. No interest, no hard credit check."
ad_555,PayPal Pay Later,25-34,493,4763.5,"Get it now, pay over time.",Don't let tight budgets hold you back. Flexible payment options available now! No credit impact! Treat yourself now. Instant decision.
ad_556,Klarna,18-24,3444,693.21,Unlock your purchasing power.,Don't let tight budgets hold you back. Flexible payment options available now! No credit impact! Treat yourself now. Instant decision.
ad_557,Klarna,25-34,4873,2569.01,Don't wait! Buy today and pay later.,"Why wait until payday? Get the things you want now and split your payments. It's fast, easy, and risk-free."
ad_558,Klarna,25-34,2090,536.26,Zero interest when you pay in 4.,"Why wait until payday? Get the things you want now and split your payments. It's fast, easy, and risk-free."
ad_559,Affirm,25-34,2042,4315.37,"Buy Now, Pay Later with no hidden fees!","Shop your favorite brands and pay over 6 weeks. No interest, no hard credit check. No credit impact! Treat yourself now. Instant decision."
ad_560,Afterpay,18-24,2062,3342.47,Unlock your purchasing power.,"Manage your cash flow better. Buy the essentials today and pay in small, manageable installments. No credit impact! Treat yourself now. Instant decision."
ad_561,Klarna,25-34,1882,3648.93,Unlock your purchasing power.,"Why wait until payday? Get the things you want now and split your payments. It's fast, easy, and risk-free. No credit impact! Treat yourself now. Instant decision."
ad_562,Klarna,18-24,4694,3685.5,"Get it now, pay over time.","Why wait until payday? Get the things you want now and split your payments. It's fast, easy, and risk-free. No credit impact! Treat yourself now. Instant decision."
ad_563,Afterpay,35-44,1746,665.7,Zero interest when you pay in 4.,"Shop your favorite brands and pay over 6 weeks. No interest, no hard credit check. Smart budgeting for your family. No interest fees."
ad_564,Klarna,65+,653,3539.11,Split your purchase into 4 easy payments.,Don't let tight budgets hold you back. Flexible payment options available now!
ad_565,Klarna,25-34,2085,2726.64,Unlock your purchasing power.,"Why wait until payday? Get the things you want now and split your payments. It's fast, easy, and risk-free."
ad_566,Sezzle,25-34,2349,4010.02,Split your purchase into 4 easy payments.,"Manage your cash flow better. Buy the essentials today and pay in small, manageable installments. No credit impact! Treat yourself now. Instant decision."
ad_567,Zip,18-24,3901,4402.74,"Buy Now, Pay Later with no hidden fees!",Instant approval! Just select our payment option at checkout.
ad_568,Zip,25-34,7843,2532.5,Zero interest when you pay in 4.,"Manage your cash flow better. Buy the essentials today and pay in small, manageable installments. No credit impact! Treat yourself now. Instant decision."
ad_569,Affirm,35-44,1701,4535.13,"Get it now, pay over time.",Instant approval! Just select our payment option at checkout.
ad_570,Zip,18-24,2822,997.57,Don't wait! Buy today and pay later.,"Why wait until payday? Get the things you want now and split your payments. It's fast, easy, and risk-free."
ad_571,PayPal Pay Later,18-24,2345,3676.86,Zero interest when you pay in 4.,"We help you buy what you want, when you want it. Download the app today. No credit impact! Treat yourself now. Instant decision."
ad_572,PayPal Pay Later,18-24,1519,1700.64,Zero interest when you pay in 4.,"We help you buy what you want, when you want it. Download the app today."
ad_573,Afterpay,18-24,2360,1900.91,Don't wait! Buy today and pay later.,"Why wait until payday? Get the things you want now and split your payments. It's fast, easy, and risk-free."
ad_574,Sezzle,35-44,1704,3915.93,Zero interest when you pay in 4.,"We help you buy what you want, when you want it. Download the app today. Smart budgeting for your family. No interest fees."
ad_575,Zip,18-24,4188,1417.78,"Get it now, pay over time.","Why wait until payday? Get the things you want now and split your payments. It's fast, easy, and risk-free."
ad_576,Klarna,18-24,4468,560.45,"Get it now, pay over time.","We help you buy what you want, when you want it. Download the app today. No credit impact! Treat yourself now. Instant decision."
ad_577,Zip,25-34,2857,3702.53,"Get it now, pay over time.",Instant approval! Just select our payment option at checkout. No credit impact! Treat yourself now. Instant decision.
ad_578,Klarna,18-24,1343,3047.14,"Get it now, pay over time.","Why wait until payday? Get the things you want now and split your payments. It's fast, easy, and risk-free. No credit impact! Treat yourself now. Instant decision."
ad_579,Afterpay,18-24,3092,1472.94,"Get it now, pay over time.",Don't let tight budgets hold you back. Flexible payment options available now!
ad_580,PayPal Pay Later,18-24,910,4631.33,Don't wait! Buy today and pay later.,"Manage your cash flow better. Buy the essentials today and pay in small, manageable installments. No credit impact! Treat yourself now. Instant decision."
ad_581,Klarna,18-24,4208,3015.27,Don't wait! Buy today and pay later.,"Manage your cash flow better. Buy the essentials today and pay in small, manageable installments."
ad_582,Affirm,18-24,6710,3547.82,Zero interest when you pay in 4.,"Why wait until payday? Get the things you want now and split your payments. It's fast, easy, and risk-free."
ad_583,Afterpay,18-24,945,3008.46,Unlock your purchasing power.,Instant approval! Just select our payment option at checkout. No credit impact! Treat yourself now. Instant decision.
ad_584,Klarna,18-24,25727,1104.77,Split your purchase into 4 easy payments.,"We help you buy what you want, when you want it. Download the app today."
ad_585,Afterpay,35-44,1121,3144.76,Zero interest when you pay in 4.,"Why wait until payday? Get the things you want now and split your payments. It's fast, easy, and risk-free. Smart budgeting for your family. No interest fees."
ad_586,Sezzle,25-34,3114,1302.85,Don't wait! Buy today and pay later.,"Manage your cash flow better. Buy the essentials today and pay in small, manageable installments. No credit impact! Treat yourself now. Instant decision."
ad_587,Klarna,18-24,2308,3642.34,Zero interest when you pay in 4.,"Shop your favorite brands and pay over 6 weeks. No interest, no hard credit check. No credit impact! Treat yourself now. Instant decision."
ad_588,PayPal Pay Later,65+,1255,3754.5,"Buy Now, Pay Later with no hidden fees!",Instant approval! Just select our payment option at checkout. Smart budgeting for your family. No interest fees.
ad_589,Zip,25-34,2589,3631.07,"Get it now, pay over time.","Manage your cash flow better. Buy the essentials today and pay in small, manageable installments. No credit impact! Treat yourself now. Instant decision."
ad_590,Zip,25-34,818,3584.56,"Buy Now, Pay Later with no hidden fees!","We help you buy what you want, when you want it. Download the app today."
ad_591,Zip,18-24,5941,1279.46,"Buy Now, Pay Later with no hidden fees!",Don't let tight budgets hold you back. Flexible payment options available now! No credit impact! Treat yourself now. Instant decision.
ad_592,Sezzle,18-24,2330,2152.62,Zero interest when you pay in 4.,"Shop your favorite brands and pay over 6 weeks. No interest, no hard credit check. No credit impact! Treat yourself now. Instant decision."
ad_593,Klarna,25-34,5989,451.69,"Get it now, pay over time.","Shop your favorite brands and pay over 6 weeks. No interest, no hard credit check."
ad_594,PayPal Pay Later,18-24,479,3944.51,Split your purchase into 4 easy payments.,"Shop your favorite brands and pay over 6 weeks. No interest, no hard credit check. No credit impact! Treat yourself now. Instant decision."
ad_595,PayPal Pay Later,25-34,2821,3702.69,Zero interest when you pay in 4.,"Manage your cash flow better. Buy the essentials today and pay in small, manageable installments."
ad_596,PayPal Pay Later,18-24,3476,2714.74,"Buy Now, Pay Later with no hidden fees!",Instant approval! Just select our payment option at checkout.
ad_597,Zip,45-54,6415,4306.13,"Get it now, pay over time.","Manage your cash flow better. Buy the essentials today and pay in small, manageable installments. Smart budgeting for your family. No interest fees."
ad_598,Sezzle,25-34,4147,4176.53,Don't wait! Buy today and pay later.,"Shop your favorite brands and pay over 6 weeks. No interest, no hard credit check. No credit impact! Treat yourself now. Instant decision."
ad_599,Zip,18-24,7290,3930.74,"Get it now, pay over time.","Shop your favorite brands and pay over 6 weeks. No interest, no hard credit check."
ad_600,PayPal Pay Later,35-44,819,2971.65,Unlock your purchasing power.,"Manage your cash flow better. Buy the essentials today and pay in small, manageable installments. Smart budgeting for your family. No interest fees."
ad_601,PayPal Pay Later,18-24,4569,1089.65,"Buy Now, Pay Later with no hidden fees!","Manage your cash flow better. Buy the essentials today and pay in small, manageable installments."
ad_602,PayPal Pay Later,18-24,6230,603.81,Unlock your purchasing power.,"We help you buy what you want, when you want it. Download the app today. No credit impact! Treat yourself now. Instant decision."
ad_603,Klarna,18-24,2543,3337.89,Split your purchase into 4 easy payments.,"We help you buy what you want, when you want it. Download the app today."
ad_604,Zip,25-34,2686,2789.23,"Buy Now, Pay Later with no hidden fees!","We help you buy what you want, when you want it. Download the app today. No credit impact! Treat yourself now. Instant decision."
ad_605,Sezzle,18-24,6501,4151.35,"Buy Now, Pay Later with no hidden fees!","We help you buy what you want, when you want it. Download the app today. No credit impact! Treat yourself now. Instant decision."
ad_606,PayPal Pay Later,45-54,2629,1804.4,"Get it now, pay over time.","Shop your favorite brands and pay over 6 weeks. No interest, no hard credit check. Smart budgeting for your family. No interest fees."
ad_607,Klarna,18-24,4137,4522.61,Zero interest when you pay in 4.,"Manage your cash flow better. Buy the essentials today and pay in small, manageable installments."
ad_608,Sezzle,25-34,4304,3400.86,"Buy Now, Pay Later with no hidden fees!",Instant approval! Just select our payment option at checkout. No credit impact! Treat yourself now. Instant decision.
ad_609,Afterpay,25-34,2178,115.59,"Buy Now, Pay Later with no hidden fees!","We help you buy what you want, when you want it. Download the app today. No credit impact! Treat yourself now. Instant decision."
ad_610,Sezzle,25-34,1384,2472.41,Unlock your purchasing power.,"Why wait until payday? Get the things you want now and split your payments. It's fast, easy, and risk-free. No credit impact! Treat yourself now. Instant decision."
ad_611,Sezzle,25-34,13064,3675.39,"Get it now, pay over time.",Don't let tight budgets hold you back. Flexible payment options available now! No credit impact! Treat yourself now. Instant decision.
ad_612,PayPal Pay Later,25-34,1109,3675.45,Split your purchase into 4 easy payments.,Don't let tight budgets hold you back. Flexible payment options available now! No credit impact! Treat yourself now. Instant decision.
ad_613,Affirm,18-24,501,571.46,Don't wait! Buy today and pay later.,"Shop your favorite brands and pay over 6 weeks. No interest, no hard credit check. No credit impact! Treat yourself now. Instant decision."
ad_614,Klarna,18-24,1214,1256.46,Split your purchase into 4 easy payments.,Don't let tight budgets hold you back. Flexible payment options available now! No credit impact! Treat yourself now. Instant decision.
ad_615,PayPal Pay Later,55-64,1790,3100.69,Unlock your purchasing power.,"Why wait until payday? Get the things you want now and split your payments. It's fast, easy, and risk-free. Smart budgeting for your family. No interest fees."
ad_616,Klarna,25-34,19360,3525.62,"Buy Now, Pay Later with no hidden fees!","We help you buy what you want, when you want it. Download the app today."
ad_617,Affirm,18-24,4401,2756.09,"Buy Now, Pay Later with no hidden fees!","Shop your favorite brands and pay over 6 weeks. No interest, no hard credit check. No credit impact! Treat yourself now. Instant decision."
ad_618,Sezzle,25-34,3834,630.16,Unlock your purchasing power.,"Shop your favorite brands and pay over 6 weeks. No interest, no hard credit check."
ad_619,Klarna,18-24,1191,1989.7,"Buy Now, Pay Later with no hidden fees!","Manage your cash flow better. Buy the essentials today and pay in small, manageable installments. No credit impact! Treat yourself now. Instant decision."
ad_620,Affirm,25-34,2209,3974.15,"Buy Now, Pay Later with no hidden fees!","Manage your cash flow better. Buy the essentials today and pay in small, manageable installments. No credit impact! Treat yourself now. Instant decision."
ad_621,Sezzle,25-34,2834,4433.82,Split your purchase into 4 easy payments.,"Shop your favorite brands and pay over 6 weeks. No interest, no hard credit check. No credit impact! Treat yourself now. Instant decision."
ad_622,Zip,45-54,7445,3775.56,Unlock your purchasing power.,"Why wait until payday? Get the things you want now and split your payments. It's fast, easy, and risk-free. Smart budgeting for your family. No interest fees."
ad_623,PayPal Pay Later,35-44,8720,2451.22,Split your purchase into 4 easy payments.,Don't let tight budgets hold you back. Flexible payment options available now! Smart budgeting for your family. No interest fees.
ad_624,Klarna,25-34,11290,2052.61,Split your purchase into 4 easy payments.,"Manage your cash flow better. Buy the essentials today and pay in small, manageable installments. No credit impact! Treat yourself now. Instant decision."
ad_625,Sezzle,25-34,3114,3256.48,"Get it now, pay over time.","Manage your cash flow better. Buy the essentials today and pay in small, manageable installments."
ad_626,Affirm,18-24,2262,2731.72,Don't wait! Buy today and pay later.,Instant approval! Just select our payment option at checkout. No credit impact! Treat yourself now. Instant decision.
ad_627,Zip,25-34,7636,416.82,"Get it now, pay over time.","We help you buy what you want, when you want it. Download the app today. No credit impact! Treat yourself now. Instant decision."
ad_628,Sezzle,65+,2787,396.52,Zero interest when you pay in 4.,"Manage your cash flow better. Buy the essentials today and pay in small, manageable installments. Smart budgeting for your family. No interest fees."
ad_629,PayPal Pay Later,18-24,1683,1878.94,Split your purchase into 4 easy payments.,"Shop your favorite brands and pay over 6 weeks. No interest, no hard credit check."
ad_630,Afterpay,45-54,9046,4219.51,"Buy Now, Pay Later with no hidden fees!",Instant approval! Just select our payment option at checkout.
ad_631,Zip,18-24,1989,563.21,"Buy Now, Pay Later with no hidden fees!",Instant approval! Just select our payment option at checkout. No credit impact! Treat yourself now. Instant decision.
ad_632,Klarna,25-34,6030,4024.86,"Get it now, pay over time.",Instant approval! Just select our payment option at checkout. No credit impact! Treat yourself now. Instant decision.
ad_633,Klarna,18-24,6562,1075.85,Don't wait! Buy today and pay later.,"We help you buy what you want, when you want it. Download the app today. No credit impact! Treat yourself now. Instant decision."
ad_634,Afterpay,18-24,3466,3762.39,"Buy Now, Pay Later with no hidden fees!","Manage your cash flow better. Buy the essentials today and pay in small, manageable installments. No credit impact! Treat yourself now. Instant decision."
ad_635,Sezzle,25-34,2649,4451.18,Unlock your purchasing power.,"We help you buy what you want, when you want it. Download the app today. No credit impact! Treat yourself now. Instant decision."
ad_636,PayPal Pay Later,35-44,1409,3578.25,Split your purchase into 4 easy payments.,"Why wait until payday? Get the things you want now and split your payments. It's fast, easy, and risk-free. Smart budgeting for your family. No interest fees."
ad_637,Sezzle,18-24,544,2153.01,Don't wait! Buy today and pay later.,"Shop your favorite brands and pay over 6 weeks. No interest, no hard credit check. No credit impact! Treat yourself now. Instant decision."
ad_638,Zip,25-34,23798,711.57,Split your purchase into 4 easy payments.,"Shop your favorite brands and pay over 6 weeks. No interest, no hard credit check. No credit impact! Treat yourself now. Instant decision."
ad_639,Affirm,55-64,12348,2183.88,Zero interest when you pay in 4.,Don't let tight budgets hold you back. Flexible payment options available now! Smart budgeting for your family. No interest fees.
ad_640,Klarna,18-24,3539,1656.33,Unlock your purchasing power.,Instant approval! Just select our payment option at checkout.
ad_641,Sezzle,25-34,5183,1132.64,Don't wait! Buy today and pay later.,Don't let tight budgets hold you back. Flexible payment options available now! No credit impact! Treat yourself now. Instant decision.
ad_642,Affirm,25-34,5178,3816.21,Zero interest when you pay in 4.,Instant approval! Just select our payment option at checkout. No credit impact! Treat yourself now. Instant decision.
ad_643,Affirm,25-34,5572,1873.32,Don't wait! Buy today and pay later.,"Why wait until payday? Get the things you want now and split your payments. It's fast, easy, and risk-free. No credit impact! Treat yourself now. Instant decision."
ad_644,Sezzle,18-24,4228,242.95,"Get it now, pay over time.",Don't let tight budgets hold you back. Flexible payment options available now!
ad_645,Klarna,45-54,623,4446.19,Unlock your purchasing power.,"We help you buy what you want, when you want it. Download the app today. Smart budgeting for your family. No interest fees."
ad_646,PayPal Pay Later,18-24,6272,3548.85,Zero interest when you pay in 4.,"Manage your cash flow better. Buy the essentials today and pay in small, manageable installments."
ad_647,Zip,45-54,5377,4671.18,Split your purchase into 4 easy payments.,"We help you buy what you want, when you want it. Download the app today."
ad_648,Affirm,18-24,34525,1554.95,Unlock your purchasing power.,"Why wait until payday? Get the things you want now and split your payments. It's fast, easy, and risk-free. No credit impact! Treat yourself now. Instant decision."
ad_649,Afterpay,18-24,919,1834.11,Split your purchase into 4 easy payments.,Don't let tight budgets hold you back. Flexible payment options available now! No credit impact! Treat yourself now. Instant decision.
ad_650,Afterpay,18-24,2353,127.93,Zero interest when you pay in 4.,"Shop your favorite brands and pay over 6 weeks. No interest, no hard credit check. No credit impact! Treat yourself now. Instant decision."
ad_651,Klarna,35-44,1758,242.74,Split your purchase into 4 easy payments.,"Shop your favorite brands and pay over 6 weeks. No interest, no hard credit check. Smart budgeting for your family. No interest fees."
ad_652,Afterpay,55-64,517,1983.44,Don't wait! Buy today and pay later.,"We help you buy what you want, when you want it. Download the app today."
ad_653,Sezzle,35-44,647,2239.35,"Get it now, pay over time.","We help you buy what you want, when you want it. Download the app today. Smart budgeting for your family. No interest fees."
ad_654,Afterpay,25-34,8557,1926.68,"Get it now, pay over time.",Instant approval! Just select our payment option at checkout.
ad_655,Sezzle,25-34,3636,2372.96,Unlock your purchasing power.,Instant approval! Just select our payment option at checkout. No credit impact! Treat yourself now. Instant decision.
ad_656,Affirm,25-34,5571,2986.13,Split your purchase into 4 easy payments.,"Manage your cash flow better. Buy the essentials today and pay in small, manageable installments. No credit impact! Treat yourself now. Instant decision."
ad_657,Sezzle,25-34,7224,3403.78,"Get it now, pay over time.","Manage your cash flow better. Buy the essentials today and pay in small, manageable installments. No credit impact! Treat yourself now. Instant decision."
ad_658,Sezzle,25-34,3489,4872.53,Zero interest when you pay in 4.,"Shop your favorite brands and pay over 6 weeks. No interest, no hard credit check. No credit impact! Treat yourself now. Instant decision."
ad_659,PayPal Pay Later,18-24,1832,3197.9,Don't wait! Buy today and pay later.,"Why wait until payday? Get the things you want now and split your payments. It's fast, easy, and risk-free. No credit impact! Treat yourself now. Instant decision."
ad_660,Zip,18-24,795,4746.28,"Get it now, pay over time.",Instant approval! Just select our payment option at checkout. No credit impact! Treat yourself now. Instant decision.
ad_661,Affirm,35-44,27897,3068.0,Split your purchase into 4 easy payments.,Instant approval! Just select our payment option at checkout. Smart budgeting for your family. No interest fees.
ad_662,PayPal Pay Later,25-34,3801,4770.0,Unlock your purchasing power.,"We help you buy what you want, when you want it. Download the app today."
ad_663,Affirm,25-34,6110,1421.21,Don't wait! Buy today and pay later.,Don't let tight budgets hold you back. Flexible payment options available now! No credit impact! Treat yourself now. Instant decision.
ad_664,Affirm,25-34,3619,3528.07,Unlock your purchasing power.,"Shop your favorite brands and pay over 6 weeks. No interest, no hard credit check."
ad_665,PayPal Pay Later,45-54,1291,3100.76,Zero interest when you pay in 4.,Don't let tight budgets hold you back. Flexible payment options available now!
ad_666,Afterpay,18-24,5594,1468.27,"Buy Now, Pay Later with no hidden fees!","Manage your cash flow better. Buy the essentials today and pay in small, manageable installments."
ad_667,Afterpay,18-24,1333,4491.96,"Buy Now, Pay Later with no hidden fees!","We help you buy what you want, when you want it. Download the app today. No credit impact! Treat yourself now. Instant decision."
ad_668,PayPal Pay Later,18-24,1312,2010.01,"Buy Now, Pay Later with no hidden fees!","Shop your favorite brands and pay over 6 weeks. No interest, no hard credit check. No credit impact! Treat yourself now. Instant decision."
ad_669,PayPal Pay Later,18-24,430,2781.79,"Get it now, pay over time.","Shop your favorite brands and pay over 6 weeks. No interest, no hard credit check. No credit impact! Treat yourself now. Instant decision."
ad_670,Zip,18-24,1512,4714.8,Don't wait! Buy today and pay later.,"We help you buy what you want, when you want it. Download the app today. No credit impact! Treat yourself now. Instant decision."
ad_671,Zip,65+,2869,3808.5,Don't wait! Buy today and pay later.,"Manage your cash flow better. Buy the essentials today and pay in small, manageable installments."
ad_672,PayPal Pay Later,25-34,1903,1800.8,Unlock your purchasing power.,Instant approval! Just select our payment option at checkout.
ad_673,Sezzle,18-24,8870,4496.28,"Get it now, pay over time.",Don't let tight budgets hold you back. Flexible payment options available now! No credit impact! Treat yourself now. Instant decision.
ad_674,PayPal Pay Later,25-34,5287,4028.83,Unlock your purchasing power.,Don't let tight budgets hold you back. Flexible payment options available now! No credit impact! Treat yourself now. Instant decision.
ad_675,Affirm,25-34,499,763.19,Split your purchase into 4 easy payments.,Instant approval! Just select our payment option at checkout. No credit impact! Treat yourself now. Instant decision.
ad_676,Zip,25-34,2750,1566.99,"Buy Now, Pay Later with no hidden fees!","Shop your favorite brands and pay over 6 weeks. No interest, no hard credit check."
ad_677,Sezzle,25-34,1295,2319.24,Unlock your purchasing power.,"Why wait until payday? Get the things you want now and split your payments. It's fast, easy, and risk-free."
ad_678,Affirm,25-34,4827,1603.68,Unlock your purchasing power.,"Why wait until payday? Get the things you want now and split your payments. It's fast, easy, and risk-free. No credit impact! Treat yourself now. Instant decision."
ad_679,Klarna,55-64,4310,128.32,Unlock your purchasing power.,"Shop your favorite brands and pay over 6 weeks. No interest, no hard credit check. Smart budgeting for your family. No interest fees."
ad_680,Sezzle,25-34,107,4199.24,"Buy Now, Pay Later with no hidden fees!","Manage your cash flow better. Buy the essentials today and pay in small, manageable installments. No credit impact! Treat yourself now. Instant decision."
ad_681,Affirm,18-24,686,3507.73,Split your purchase into 4 easy payments.,"Why wait until payday? Get the things you want now and split your payments. It's fast, easy, and risk-free. No credit impact! Treat yourself now. Instant decision."
ad_682,PayPal Pay Later,45-54,16799,2588.84,Zero interest when you pay in 4.,Don't let tight budgets hold you back. Flexible payment options available now! Smart budgeting for your family. No interest fees.
ad_683,Zip,65+,3210,4665.0,Unlock your purchasing power.,"Manage your cash flow better. Buy the essentials today and pay in small, manageable installments. Smart budgeting for your family. No interest fees."
ad_684,PayPal Pay Later,18-24,2400,4278.59,Split your purchase into 4 easy payments.,"We help you buy what you want, when you want it. Download the app today. No credit impact! Treat yourself now. Instant decision."
ad_685,PayPal Pay Later,35-44,3750,1464.25,Unlock your purchasing power.,Don't let tight budgets hold you back. Flexible payment options available now! Smart budgeting for your family. No interest fees.
ad_686,PayPal Pay Later,18-24,10076,1868.58,Split your purchase into 4 easy payments.,Instant approval! Just select our payment option at checkout. No credit impact! Treat yourself now. Instant decision.
ad_687,Klarna,25-34,1784,2887.45,Unlock your purchasing power.,Don't let tight budgets hold you back. Flexible payment options available now! No credit impact! Treat yourself now. Instant decision.
ad_688,Zip,25-34,1506,4376.66,Zero interest when you pay in 4.,Instant approval! Just select our payment option at checkout. No credit impact! Treat yourself now. Instant decision.
ad_689,Sezzle,25-34,1515,3021.39,"Buy Now, Pay Later with no hidden fees!",Instant approval! Just select our payment option at checkout.
ad_690,Zip,35-44,2586,1788.54,"Buy Now, Pay Later with no hidden fees!","Shop your favorite brands and pay over 6 weeks. No interest, no hard credit check."
ad_691,Affirm,55-64,912,4726.1,Split your purchase into 4 easy payments.,"Shop your favorite brands and pay over 6 weeks. No interest, no hard credit check. Smart budgeting for your family. No interest fees."
ad_692,Afterpay,25-34,7076,3814.1,"Buy Now, Pay Later with no hidden fees!",Don't let tight budgets hold you back. Flexible payment options available now! No credit impact! Treat yourself now. Instant decision.
ad_693,Sezzle,35-44,13614,2019.44,Zero interest when you pay in 4.,"Shop your favorite brands and pay over 6 weeks. No interest, no hard credit check."
ad_694,Sezzle,25-34,881,3366.66,Don't wait! Buy today and pay later.,"Shop your favorite brands and pay over 6 weeks. No interest, no hard credit check."
ad_695,Zip,25-34,5730,298.7,Don't wait! Buy today and pay later.,Don't let tight budgets hold you back. Flexible payment options available now! No credit impact! Treat yourself now. Instant decision.
ad_696,Klarna,45-54,5705,1116.73,Don't wait! Buy today and pay later.,"Why wait until payday? Get the things you want now and split your payments. It's fast, easy, and risk-free."
ad_697,Sezzle,18-24,6357,3061.18,Split your purchase into 4 easy payments.,Don't let tight budgets hold you back. Flexible payment options available now!
ad_698,Zip,18-24,1900,3766.31,Split your purchase into 4 easy payments.,"Why wait until payday? Get the things you want now and split your payments. It's fast, easy, and risk-free. No credit impact! Treat yourself now. Instant decision."
ad_699,Klarna,18-24,10479,3403.1,Unlock your purchasing power.,Don't let tight budgets hold you back. Flexible payment options available now! No credit impact! Treat yourself now. Instant decision.
ad_700,PayPal Pay Later,18-24,13819,1210.41,Split your purchase into 4 easy payments.,"Why wait until payday? Get the things you want now and split your payments. It's fast, easy, and risk-free. No credit impact! Treat yourself now. Instant decision."
ad_701,Sezzle,55-64,3421,3355.95,Split your purchase into 4 easy payments.,Instant approval! Just select our payment option at checkout.
ad_702,Afterpay,25-34,923,4248.14,Unlock your purchasing power.,"Manage your cash flow better. Buy the essentials today and pay in small, manageable installments."
ad_703,Zip,25-34,9385,1423.45,Split your purchase into 4 easy payments.,Instant approval! Just select our payment option at checkout. No credit impact! Treat yourself now. Instant decision.
ad_704,Affirm,25-34,4771,1767.09,Don't wait! Buy today and pay later.,Don't let tight budgets hold you back. Flexible payment options available now! No credit impact! Treat yourself now. Instant decision.
ad_705,Afterpay,18-24,20906,1732.86,Split your purchase into 4 easy payments.,Instant approval! Just select our payment option at checkout. No credit impact! Treat yourself now. Instant decision.
ad_706,Klarna,18-24,3038,4924.99,"Get it now, pay over time.",Instant approval! Just select our payment option at checkout.
ad_707,PayPal Pay Later,18-24,3750,507.18,Don't wait! Buy today and pay later.,Don't let tight budgets hold you back. Flexible payment options available now! No credit impact! Treat yourself now. Instant decision.
ad_708,Sezzle,25-34,573,2381.25,"Get it now, pay over time.","Why wait until payday? Get the things you want now and split your payments. It's fast, easy, and risk-free. No credit impact! Treat yourself now. Instant decision."
ad_709,Affirm,25-34,3010,1401.55,Split your purchase into 4 easy payments.,"Manage your cash flow better. Buy the essentials today and pay in small, manageable installments. No credit impact! Treat yourself now. Instant decision."
ad_710,Sezzle,18-24,9016,1284.82,"Get it now, pay over time.","Shop your favorite brands and pay over 6 weeks. No interest, no hard credit check. No credit impact! Treat yourself now. Instant decision."
ad_711,Zip,35-44,2659,1510.61,"Buy Now, Pay Later with no hidden fees!",Don't let tight budgets hold you back. Flexible payment options available now!
ad_712,Klarna,25-34,3447,4322.52,Don't wait! Buy today and pay later.,Don't let tight budgets hold you back. Flexible payment options available now!
ad_713,Sezzle,25-34,5521,2680.7,Zero interest when you pay in 4.,"We help you buy what you want, when you want it. Download the app today. No credit impact! Treat yourself now. Instant decision."
ad_714,Affirm,18-24,758,863.81,"Buy Now, Pay Later with no hidden fees!","Shop your favorite brands and pay over 6 weeks. No interest, no hard credit check. No credit impact! Treat yourself now. Instant decision."
ad_715,Sezzle,18-24,21747,273.98,Don't wait! Buy today and pay later.,Instant approval! Just select our payment option at checkout. No credit impact! Treat yourself now. Instant decision.
ad_716,Afterpay,55-64,3881,3302.3,Split your purchase into 4 easy payments.,"Shop your favorite brands and pay over 6 weeks. No interest, no hard credit check. Smart budgeting for your family. No interest fees."
ad_717,Affirm,18-24,10639,103.51,Split your purchase into 4 easy payments.,"We help you buy what you want, when you want it. Download the app today. No credit impact! Treat yourself now. Instant decision."
ad_718,Sezzle,18-24,2418,506.23,Zero interest when you pay in 4.,"We help you buy what you want, when you want it. Download the app today. No credit impact! Treat yourself now. Instant decision."
ad_719,Sezzle,18-24,1571,2994.49,"Buy Now, Pay Later with no hidden fees!",Instant approval! Just select our payment option at checkout. No credit impact! Treat yourself now. Instant decision.
ad_720,Afterpay,25-34,1150,903.99,Split your purchase into 4 easy payments.,"We help you buy what you want, when you want it. Download the app today. No credit impact! Treat yourself now. Instant decision."
ad_721,Sezzle,35-44,3221,4918.66,"Buy Now, Pay Later with no hidden fees!","Shop your favorite brands and pay over 6 weeks. No interest, no hard credit check."
ad_722,Sezzle,18-24,3051,1130.39,Unlock your purchasing power.,"Why wait until payday? Get the things you want now and split your payments. It's fast, easy, and risk-free."
ad_723,Klarna,18-24,1867,3459.37,"Get it now, pay over time.","We help you buy what you want, when you want it. Download the app today. No credit impact! Treat yourself now. Instant decision."
ad_724,Klarna,18-24,3431,833.6,"Buy Now, Pay Later with no hidden fees!","Why wait until payday? Get the things you want now and split your payments. It's fast, easy, and risk-free."
ad_725,PayPal Pay Later,18-24,3603,469.21,"Buy Now, Pay Later with no hidden fees!",Don't let tight budgets hold you back. Flexible payment options available now!
ad_726,Sezzle,35-44,1710,4051.61,Zero interest when you pay in 4.,"We help you buy what you want, when you want it. Download the app today."
ad_727,Afterpay,35-44,811,1415.0,Split your purchase into 4 easy payments.,Instant approval! Just select our payment option at checkout. Smart budgeting for your family. No interest fees.
ad_728,PayPal Pay Later,25-34,2586,3028.33,Unlock your purchasing power.,"Shop your favorite brands and pay over 6 weeks. No interest, no hard credit check. No credit impact! Treat yourself now. Instant decision."
ad_729,Zip,18-24,1395,3288.09,"Get it now, pay over time.","Shop your favorite brands and pay over 6 weeks. No interest, no hard credit check."
ad_730,Zip,25-34,2116,2117.45,Split your purchase into 4 easy payments.,"Manage your cash flow better. Buy the essentials today and pay in small, manageable installments. No credit impact! Treat yourself now. Instant decision."
ad_731,Zip,25-34,3534,3258.77,Don't wait! Buy today and pay later.,Instant approval! Just select our payment option at checkout. No credit impact! Treat yourself now. Instant decision.
ad_732,Afterpay,25-34,4461,3078.56,"Buy Now, Pay Later with no hidden fees!","Manage your cash flow better. Buy the essentials today and pay in small, manageable installments."
ad_733,Affirm,18-24,4571,1806.74,Unlock your purchasing power.,Don't let tight budgets hold you back. Flexible payment options available now! No credit impact! Treat yourself now. Instant decision.
ad_734,Affirm,25-34,1207,1475.63,Split your purchase into 4 easy payments.,Instant approval! Just select our payment option at checkout. No credit impact! Treat yourself now. Instant decision.
ad_735,PayPal Pay Later,18-24,1468,1139.44,Unlock your purchasing power.,"Shop your favorite brands and pay over 6 weeks. No interest, no hard credit check. No credit impact! Treat yourself now. Instant decision."
ad_736,Afterpay,18-24,17239,4792.68,Unlock your purchasing power.,"Shop your favorite brands and pay over 6 weeks. No interest, no hard credit check. No credit impact! Treat yourself now. Instant decision."
ad_737,Zip,45-54,3036,3195.3,"Buy Now, Pay Later with no hidden fees!","Manage your cash flow better. Buy the essentials today and pay in small, manageable installments. Smart budgeting for your family. No interest fees."
ad_738,PayPal Pay Later,35-44,21804,2170.87,Don't wait! Buy today and pay later.,"Shop your favorite brands and pay over 6 weeks. No interest, no hard credit check. Smart budgeting for your family. No interest fees."
ad_739,Afterpay,45-54,4234,3307.37,Zero interest when you pay in 4.,Don't let tight budgets hold you back. Flexible payment options available now! Smart budgeting for your family. No interest fees.
ad_740,Affirm,18-24,3843,2527.36,"Get it now, pay over time.","Shop your favorite brands and pay over 6 weeks. No interest, no hard credit check. No credit impact! Treat yourself now. Instant decision."
ad_741,Affirm,25-34,2054,1576.92,Don't wait! Buy today and pay later.,Don't let tight budgets hold you back. Flexible payment options available now!
ad_742,Afterpay,25-34,5105,3498.64,Don't wait! Buy today and pay later.,"Why wait until payday? Get the things you want now and split your payments. It's fast, easy, and risk-free. No credit impact! Treat yourself now. Instant decision."
ad_743,Klarna,18-24,6839,4293.1,Zero interest when you pay in 4.,"Manage your cash flow better. Buy the essentials today and pay in small, manageable installments. No credit impact! Treat yourself now. Instant decision."
ad_744,PayPal Pay Later,18-24,13203,2299.3,"Get it now, pay over time.","Manage your cash flow better. Buy the essentials today and pay in small, manageable installments. No credit impact! Treat yourself now. Instant decision."
ad_745,Klarna,25-34,686,3314.55,"Buy Now, Pay Later with no hidden fees!","Shop your favorite brands and pay over 6 weeks. No interest, no hard credit check."
ad_746,Klarna,18-24,2449,2509.63,Zero interest when you pay in 4.,"Why wait until payday? Get the things you want now and split your payments. It's fast, easy, and risk-free."
ad_747,Zip,18-24,7701,2848.83,"Buy Now, Pay Later with no hidden fees!","Shop your favorite brands and pay over 6 weeks. No interest, no hard credit check. No credit impact! Treat yourself now. Instant decision."
ad_748,PayPal Pay Later,25-34,1018,4034.57,"Buy Now, Pay Later with no hidden fees!",Don't let tight budgets hold you back. Flexible payment options available now! No credit impact! Treat yourself now. Instant decision.
ad_749,Afterpay,25-34,10749,856.94,Split your purchase into 4 easy payments.,"Manage your cash flow better. Buy the essentials today and pay in small, manageable installments. No credit impact! Treat yourself now. Instant decision."
ad_750,Afterpay,35-44,2645,1359.35,Zero interest when you pay in 4.,"Shop your favorite brands and pay over 6 weeks. No interest, no hard credit check. Smart budgeting for your family. No interest fees."
ad_751,Zip,18-24,3919,4638.24,Split your purchase into 4 easy payments.,"Manage your cash flow better. Buy the essentials today and pay in small, manageable installments."
ad_752,Klarna,18-24,4600,4736.44,"Buy Now, Pay Later with no hidden fees!",Instant approval! Just select our payment option at checkout. No credit impact! Treat yourself now. Instant decision.
ad_753,Afterpay,18-24,5836,249.28,Don't wait! Buy today and pay later.,Instant approval! Just select our payment option at checkout. No credit impact! Treat yourself now. Instant decision.
ad_754,Sezzle,25-34,33831,3769.69,Zero interest when you pay in 4.,Instant approval! Just select our payment option at checkout.
ad_755,Zip,25-34,10941,858.52,Unlock your purchasing power.,"Why wait until payday? Get the things you want now and split your payments. It's fast, easy, and risk-free. No credit impact! Treat yourself now. Instant decision."
ad_756,Zip,35-44,409,4359.91,Zero interest when you pay in 4.,Don't let tight budgets hold you back. Flexible payment options available now!
ad_757,Affirm,25-34,1619,4359.64,Unlock your purchasing power.,"We help you buy what you want, when you want it. Download the app today. No credit impact! Treat yourself now. Instant decision."
ad_758,Sezzle,18-24,5843,848.77,"Get it now, pay over time.","We help you buy what you want, when you want it. Download the app today. No credit impact! Treat yourself now. Instant decision."
ad_759,Sezzle,35-44,278,811.8,Don't wait! Buy today and pay later.,"Why wait until payday? Get the things you want now and split your payments. It's fast, easy, and risk-free. Smart budgeting for your family. No interest fees."
ad_760,PayPal Pay Later,18-24,1108,897.91,Zero interest when you pay in 4.,Instant approval! Just select our payment option at checkout.
ad_761,PayPal Pay Later,18-24,2335,3500.96,Unlock your purchasing power.,"Manage your cash flow better. Buy the essentials today and pay in small, manageable installments. No credit impact! Treat yourself now. Instant decision."
ad_762,PayPal Pay Later,65+,817,1593.96,"Buy Now, Pay Later with no hidden fees!","Manage your cash flow better. Buy the essentials today and pay in small, manageable installments."
ad_763,Afterpay,25-34,867,4381.83,"Buy Now, Pay Later with no hidden fees!",Instant approval! Just select our payment option at checkout. No credit impact! Treat yourself now. Instant decision.
ad_764,Klarna,25-34,4759,456.02,Don't wait! Buy today and pay later.,"We help you buy what you want, when you want it. Download the app today. No credit impact! Treat yourself now. Instant decision."
ad_765,Zip,18-24,23891,4963.28,"Get it now, pay over time.",Instant approval! Just select our payment option at checkout.
ad_766,Afterpay,18-24,10310,2560.06,Split your purchase into 4 easy payments.,"We help you buy what you want, when you want it. Download the app today. No credit impact! Treat yourself now. Instant decision."
ad_767,Affirm,25-34,1476,2259.89,"Get it now, pay over time.",Instant approval! Just select our payment option at checkout. No credit impact! Treat yourself now. Instant decision.
ad_768,Klarna,25-34,2641,2176.63,"Buy Now, Pay Later with no hidden fees!","Manage your cash flow better. Buy the essentials today and pay in small, manageable installments. No credit impact! Treat yourself now. Instant decision."
ad_769,Sezzle,35-44,3092,130.19,"Get it now, pay over time.",Instant approval! Just select our payment option at checkout.
ad_770,Klarna,45-54,5787,1302.48,Don't wait! Buy today and pay later.,Instant approval! Just select our payment option at checkout.
ad_771,Afterpay,18-24,1444,4896.8,Split your purchase into 4 easy payments.,"Manage your cash flow better. Buy the essentials today and pay in small, manageable installments. No credit impact! Treat yourself now. Instant decision."
ad_772,Sezzle,18-24,1089,141.01,"Get it now, pay over time.",Instant approval! Just select our payment option at checkout. No credit impact! Treat yourself now. Instant decision.
ad_773,Affirm,18-24,2113,3145.38,"Buy Now, Pay Later with no hidden fees!",Don't let tight budgets hold you back. Flexible payment options available now! No credit impact! Treat yourself now. Instant decision.
ad_774,Affirm,18-24,930,653.94,"Get it now, pay over time.","Manage your cash flow better. Buy the essentials today and pay in small, manageable installments. No credit impact! Treat yourself now. Instant decision."
ad_775,Afterpay,25-34,5481,1739.53,"Get it now, pay over time.","Why wait until payday? Get the things you want now and split your payments. It's fast, easy, and risk-free. No credit impact! Treat yourself now. Instant decision."
ad_776,Affirm,25-34,9849,4217.98,Don't wait! Buy today and pay later.,"Shop your favorite brands and pay over 6 weeks. No interest, no hard credit check."
ad_777,Klarna,25-34,4808,3635.06,Zero interest when you pay in 4.,"Manage your cash flow better. Buy the essentials today and pay in small, manageable installments."
ad_778,Affirm,25-34,3585,2841.4,Unlock your purchasing power.,"Shop your favorite brands and pay over 6 weeks. No interest, no hard credit check. No credit impact! Treat yourself now. Instant decision."
ad_779,PayPal Pay Later,18-24,7615,3024.51,Zero interest when you pay in 4.,"Shop your favorite brands and pay over 6 weeks. No interest, no hard credit check. No credit impact! Treat yourself now. Instant decision."
ad_780,Affirm,25-34,4634,1502.1,Zero interest when you pay in 4.,"We help you buy what you want, when you want it. Download the app today."
ad_781,Zip,25-34,1432,1574.04,Unlock your purchasing power.,Instant approval! Just select our payment option at checkout. No credit impact! Treat yourself now. Instant decision.
ad_782,Zip,55-64,1235,3326.08,Split your purchase into 4 easy payments.,Don't let tight budgets hold you back. Flexible payment options available now!
ad_783,PayPal Pay Later,25-34,1462,1651.48,Unlock your purchasing power.,Don't let tight budgets hold you back. Flexible payment options available now! No credit impact! Treat yourself now. Instant decision.
ad_784,Sezzle,18-24,1393,2040.03,Split your purchase into 4 easy payments.,Don't let tight budgets hold you back. Flexible payment options available now! No credit impact! Treat yourself now. Instant decision.
ad_785,Afterpay,18-24,3972,3575.08,"Buy Now, Pay Later with no hidden fees!",Instant approval! Just select our payment option at checkout.
ad_786,Afterpay,18-24,3371,4070.68,Zero interest when you pay in 4.,"Shop your favorite brands and pay over 6 weeks. No interest, no hard credit check."
ad_787,Sezzle,65+,7512,1167.35,"Buy Now, Pay Later with no hidden fees!",Instant approval! Just select our payment option at checkout. Smart budgeting for your family. No interest fees.
ad_788,Zip,18-24,12314,4374.41,Split your purchase into 4 easy payments.,Instant approval! Just select our payment option at checkout. No credit impact! Treat yourself now. Instant decision.
ad_789,PayPal Pay Later,25-34,247,1634.14,Unlock your purchasing power.,"Why wait until payday? Get the things you want now and split your payments. It's fast, easy, and risk-free. No credit impact! Treat yourself now. Instant decision."
ad_790,Klarna,25-34,3910,3488.54,"Buy Now, Pay Later with no hidden fees!","Manage your cash flow better. Buy the essentials today and pay in small, manageable installments."
ad_791,Zip,18-24,8580,2913.54,Don't wait! Buy today and pay later.,Instant approval! Just select our payment option at checkout. No credit impact! Treat yourself now. Instant decision.
ad_792,Sezzle,18-24,2156,4973.69,Split your purchase into 4 easy payments.,"We help you buy what you want, when you want it. Download the app today."
ad_793,Afterpay,18-24,11271,177.16,Zero interest when you pay in 4.,Instant approval! Just select our payment option at checkout.
ad_794,Zip,25-34,1579,1168.86,"Get it now, pay over time.","Shop your favorite brands and pay over 6 weeks. No interest, no hard credit check. No credit impact! Treat yourself now. Instant decision."
ad_795,Afterpay,25-34,6028,2948.54,Don't wait! Buy today and pay later.,"Why wait until payday? Get the things you want now and split your payments. It's fast, easy, and risk-free."
ad_796,Zip,25-34,1407,288.06,"Get it now, pay over time.","Manage your cash flow better. Buy the essentials today and pay in small, manageable installments. No credit impact! Treat yourself now. Instant decision."
ad_797,Afterpay,18-24,2850,2515.74,Zero interest when you pay in 4.,Don't let tight budgets hold you back. Flexible payment options available now!
ad_798,Zip,18-24,6879,4059.13,Split your purchase into 4 easy payments.,Instant approval! Just select our payment option at checkout. No credit impact! Treat yourself now. Instant decision.
ad_799,PayPal Pay Later,45-54,3785,419.46,Unlock your purchasing power.,Instant approval! Just select our payment option at checkout.
ad_800,Klarna,25-34,1481,4710.81,Unlock your purchasing power.,Don't let tight budgets hold you back. Flexible payment options available now! No credit impact! Treat yourself now. Instant decision.
ad_801,Sezzle,18-24,9532,331.56,"Buy Now, Pay Later with no hidden fees!","We help you buy what you want, when you want it. Download the app today. No credit impact! Treat yourself now. Instant decision."
ad_802,PayPal Pay Later,18-24,3281,4656.68,Zero interest when you pay in 4.,"Shop your favorite brands and pay over 6 weeks. No interest, no hard credit check. No credit impact! Treat yourself now. Instant decision."
ad_803,Afterpay,18-24,4229,2774.84,Unlock your purchasing power.,"Shop your favorite brands and pay over 6 weeks. No interest, no hard credit check."
ad_804,Zip,25-34,8661,2360.3,"Buy Now, Pay Later with no hidden fees!",Instant approval! Just select our payment option at checkout. No credit impact! Treat yourself now. Instant decision.
ad_805,PayPal Pay Later,18-24,1769,3307.61,"Buy Now, Pay Later with no hidden fees!","Manage your cash flow better. Buy the essentials today and pay in small, manageable installments. No credit impact! Treat yourself now. Instant decision."
ad_806,PayPal Pay Later,18-24,1178,4422.2,Split your purchase into 4 easy payments.,Don't let tight budgets hold you back. Flexible payment options available now! No credit impact! Treat yourself now. Instant decision.
ad_807,Affirm,25-34,2346,3101.32,Zero interest when you pay in 4.,Instant approval! Just select our payment option at checkout. No credit impact! Treat yourself now. Instant decision.
ad_808,Affirm,18-24,4449,799.59,"Get it now, pay over time.","Why wait until payday? Get the things you want now and split your payments. It's fast, easy, and risk-free. No credit impact! Treat yourself now. Instant decision."
ad_809,Sezzle,18-24,3398,4347.44,"Buy Now, Pay Later with no hidden fees!","Why wait until payday? Get the things you want now and split your payments. It's fast, easy, and risk-free. No credit impact! Treat yourself now. Instant decision."
ad_810,Zip,18-24,4944,1083.71,"Get it now, pay over time.",Instant approval! Just select our payment option at checkout. No credit impact! Treat yourself now. Instant decision.
ad_811,Klarna,18-24,1439,1850.04,Unlock your purchasing power.,"Manage your cash flow better. Buy the essentials today and pay in small, manageable installments. No credit impact! Treat yourself now. Instant decision."
ad_812,Sezzle,18-24,3914,3408.04,Zero interest when you pay in 4.,"Why wait until payday? Get the things you want now and split your payments. It's fast, easy, and risk-free. No credit impact! Treat yourself now. Instant decision."
ad_813,Affirm,18-24,464,4399.91,Split your purchase into 4 easy payments.,"Manage your cash flow better. Buy the essentials today and pay in small, manageable installments. No credit impact! Treat yourself now. Instant decision."
ad_814,Afterpay,18-24,4858,1629.66,"Buy Now, Pay Later with no hidden fees!",Instant approval! Just select our payment option at checkout. No credit impact! Treat yourself now. Instant decision.
ad_815,PayPal Pay Later,18-24,31622,2410.35,Don't wait! Buy today and pay later.,Instant approval! Just select our payment option at checkout. No credit impact! Treat yourself now. Instant decision.
ad_816,PayPal Pay Later,18-24,1135,3408.53,"Get it now, pay over time.","Shop your favorite brands and pay over 6 weeks. No interest, no hard credit check."
ad_817,Affirm,18-24,1617,3624.23,Zero interest when you pay in 4.,"Manage your cash flow better. Buy the essentials today and pay in small, manageable installments. No credit impact! Treat yourself now. Instant decision."
ad_818,Sezzle,25-34,5056,1742.14,Zero interest when you pay in 4.,"We help you buy what you want, when you want it. Download the app today."
ad_819,Zip,35-44,10736,1437.66,Zero interest when you pay in 4.,"We help you buy what you want, when you want it. Download the app today."
ad_820,Affirm,25-34,1719,3017.33,Split your purchase into 4 easy payments.,"Shop your favorite brands and pay over 6 weeks. No interest, no hard credit check."
ad_821,Zip,35-44,2573,4532.42,Don't wait! Buy today and pay later.,"Manage your cash flow better. Buy the essentials today and pay in small, manageable installments. Smart budgeting for your family. No interest fees."
ad_822,Affirm,25-34,1571,2542.56,Zero interest when you pay in 4.,"Shop your favorite brands and pay over 6 weeks. No interest, no hard credit check. No credit impact! Treat yourself now. Instant decision."
ad_823,Zip,55-64,1316,2357.28,"Buy Now, Pay Later with no hidden fees!","We help you buy what you want, when you want it. Download the app today."
ad_824,Afterpay,55-64,28924,1141.41,"Buy Now, Pay Later with no hidden fees!","Why wait until payday? Get the things you want now and split your payments. It's fast, easy, and risk-free."
ad_825,Affirm,18-24,7252,344.96,Unlock your purchasing power.,"Shop your favorite brands and pay over 6 weeks. No interest, no hard credit check. No credit impact! Treat yourself now. Instant decision."
ad_826,Sezzle,25-34,5975,446.52,Unlock your purchasing power.,"Manage your cash flow better. Buy the essentials today and pay in small, manageable installments. No credit impact! Treat yourself now. Instant decision."
ad_827,Afterpay,18-24,952,1051.36,Split your purchase into 4 easy payments.,Don't let tight budgets hold you back. Flexible payment options available now! No credit impact! Treat yourself now. Instant decision.
ad_828,Zip,18-24,159,1944.78,"Get it now, pay over time.",Instant approval! Just select our payment option at checkout. No credit impact! Treat yourself now. Instant decision.
ad_829,Zip,18-24,23224,177.76,Unlock your purchasing power.,"Manage your cash flow better. Buy the essentials today and pay in small, manageable installments."
ad_830,Klarna,25-34,3552,3245.58,"Buy Now, Pay Later with no hidden fees!","Shop your favorite brands and pay over 6 weeks. No interest, no hard credit check."
ad_831,Afterpay,25-34,783,2298.68,"Buy Now, Pay Later with no hidden fees!","Why wait until payday? Get the things you want now and split your payments. It's fast, easy, and risk-free. No credit impact! Treat yourself now. Instant decision."
ad_832,Affirm,18-24,579,1822.79,Split your purchase into 4 easy payments.,Don't let tight budgets hold you back. Flexible payment options available now! No credit impact! Treat yourself now. Instant decision.
ad_833,Sezzle,55-64,3359,755.65,Unlock your purchasing power.,"Manage your cash flow better. Buy the essentials today and pay in small, manageable installments. Smart budgeting for your family. No interest fees."
ad_834,PayPal Pay Later,18-24,1138,324.31,Split your purchase into 4 easy payments.,"Why wait until payday? Get the things you want now and split your payments. It's fast, easy, and risk-free."
ad_835,Zip,25-34,4926,159.98,"Buy Now, Pay Later with no hidden fees!","Shop your favorite brands and pay over 6 weeks. No interest, no hard credit check. No credit impact! Treat yourself now. Instant decision."
ad_836,Afterpay,55-64,5059,618.03,Unlock your purchasing power.,"We help you buy what you want, when you want it. Download the app today."
ad_837,Sezzle,18-24,3155,936.21,"Get it now, pay over time.","Shop your favorite brands and pay over 6 weeks. No interest, no hard credit check. No credit impact! Treat yourself now. Instant decision."
ad_838,Affirm,25-34,6737,410.04,"Get it now, pay over time.","Why wait until payday? Get the things you want now and split your payments. It's fast, easy, and risk-free. No credit impact! Treat yourself now. Instant decision."
ad_839,Afterpay,35-44,2841,1658.37,"Get it now, pay over time.",Don't let tight budgets hold you back. Flexible payment options available now!
ad_840,PayPal Pay Later,35-44,1804,2077.88,Zero interest when you pay in 4.,Don't let tight budgets hold you back. Flexible payment options available now! Smart budgeting for your family. No interest fees.
ad_841,Afterpay,18-24,755,3667.81,Don't wait! Buy today and pay later.,Instant approval! Just select our payment option at checkout. No credit impact! Treat yourself now. Instant decision.
ad_842,Afterpay,18-24,1393,947.07,Unlock your purchasing power.,"Shop your favorite brands and pay over 6 weeks. No interest, no hard credit check. No credit impact! Treat yourself now. Instant decision."
ad_843,Afterpay,18-24,3097,2108.3,Zero interest when you pay in 4.,"We help you buy what you want, when you want it. Download the app today."
ad_844,PayPal Pay Later,25-34,1134,708.4,Don't wait! Buy today and pay later.,Don't let tight budgets hold you back. Flexible payment options available now!
ad_845,Sezzle,25-34,15201,681.47,"Buy Now, Pay Later with no hidden fees!","Why wait until payday? Get the things you want now and split your payments. It's fast, easy, and risk-free."
ad_846,PayPal Pay Later,18-24,2445,2121.03,Zero interest when you pay in 4.,"We help you buy what you want, when you want it. Download the app today. No credit impact! Treat yourself now. Instant decision."
ad_847,Afterpay,18-24,23574,1256.82,Unlock your purchasing power.,"Why wait until payday? Get the things you want now and split your payments. It's fast, easy, and risk-free. No credit impact! Treat yourself now. Instant decision."
ad_848,Afterpay,25-34,5877,174.74,"Get it now, pay over time.","Shop your favorite brands and pay over 6 weeks. No interest, no hard credit check."
ad_849,Zip,25-34,1322,1686.28,Unlock your purchasing power.,"We help you buy what you want, when you want it. Download the app today."
ad_850,Klarna,35-44,5925,2466.48,Don't wait! Buy today and pay later.,"We help you buy what you want, when you want it. Download the app today."
ad_851,PayPal Pay Later,25-34,12920,3016.53,"Buy Now, Pay Later with no hidden fees!","Shop your favorite brands and pay over 6 weeks. No interest, no hard credit check. No credit impact! Treat yourself now. Instant decision."
ad_852,Klarna,18-24,6878,1250.76,Zero interest when you pay in 4.,"We help you buy what you want, when you want it. Download the app today. No credit impact! Treat yourself now. Instant decision."
ad_853,Afterpay,25-34,2507,4710.3,Unlock your purchasing power.,"Manage your cash flow better. Buy the essentials today and pay in small, manageable installments. No credit impact! Treat yourself now. Instant decision."
ad_854,Klarna,18-24,6992,2066.46,Unlock your purchasing power.,"Manage your cash flow better. Buy the essentials today and pay in small, manageable installments."
ad_855,PayPal Pay Later,25-34,24848,1413.91,"Buy Now, Pay Later with no hidden fees!",Instant approval! Just select our payment option at checkout.
ad_856,PayPal Pay Later,25-34,3730,4060.3,Split your purchase into 4 easy payments.,"Why wait until payday? Get the things you want now and split your payments. It's fast, easy, and risk-free."
ad_857,PayPal Pay Later,45-54,7361,2882.01,Split your purchase into 4 easy payments.,"Why wait until payday? Get the things you want now and split your payments. It's fast, easy, and risk-free. Smart budgeting for your family. No interest fees."
ad_858,Affirm,18-24,1798,2208.18,Unlock your purchasing power.,Don't let tight budgets hold you back. Flexible payment options available now! No credit impact! Treat yourself now. Instant decision.
ad_859,Sezzle,25-34,10653,3096.33,Split your purchase into 4 easy payments.,"Shop your favorite brands and pay over 6 weeks. No interest, no hard credit check. No credit impact! Treat yourself now. Instant decision."
ad_860,Affirm,25-34,1486,2031.55,"Buy Now, Pay Later with no hidden fees!",Instant approval! Just select our payment option at checkout.
ad_861,Klarna,18-24,1190,1503.0,"Buy Now, Pay Later with no hidden fees!","Manage your cash flow better. Buy the essentials today and pay in small, manageable installments. No credit impact! Treat yourself now. Instant decision."
ad_862,Klarna,45-54,29841,3331.98,"Get it now, pay over time.","We help you buy what you want, when you want it. Download the app today."
ad_863,Sezzle,18-24,678,3692.79,Unlock your purchasing power.,"Why wait until payday? Get the things you want now and split your payments. It's fast, easy, and risk-free."
ad_864,Afterpay,18-24,4171,1318.15,Split your purchase into 4 easy payments.,"We help you buy what you want, when you want it. Download the app today. No credit impact! Treat yourself now. Instant decision."
ad_865,Sezzle,18-24,2374,1086.81,Unlock your purchasing power.,Instant approval! Just select our payment option at checkout.
ad_866,Sezzle,18-24,6580,1597.36,Don't wait! Buy today and pay later.,"We help you buy what you want, when you want it. Download the app today. No credit impact! Treat yourself now. Instant decision."
ad_867,Sezzle,18-24,6540,3920.36,"Buy Now, Pay Later with no hidden fees!","Shop your favorite brands and pay over 6 weeks. No interest, no hard credit check. No credit impact! Treat yourself now. Instant decision."
ad_868,Zip,18-24,4367,3660.08,Don't wait! Buy today and pay later.,"Shop your favorite brands and pay over 6 weeks. No interest, no hard credit check. No credit impact! Treat yourself now. Instant decision."
ad_869,PayPal Pay Later,18-24,1310,778.77,Split your purchase into 4 easy payments.,Don't let tight budgets hold you back. Flexible payment options available now! No credit impact! Treat yourself now. Instant decision.
ad_870,Zip,25-34,1805,1382.35,Zero interest when you pay in 4.,"Why wait until payday? Get the things you want now and split your payments. It's fast, easy, and risk-free. No credit impact! Treat yourself now. Instant decision."
ad_871,Zip,35-44,721,1652.47,Split your purchase into 4 easy payments.,Don't let tight budgets hold you back. Flexible payment options available now!
ad_872,Klarna,25-34,2464,3950.45,Zero interest when you pay in 4.,"Manage your cash flow better. Buy the essentials today and pay in small, manageable installments. No credit impact! Treat yourself now. Instant decision."
ad_873,Affirm,18-24,3154,4053.69,"Get it now, pay over time.","Why wait until payday? Get the things you want now and split your payments. It's fast, easy, and risk-free. No credit impact! Treat yourself now. Instant decision."
ad_874,Sezzle,45-54,4483,776.14,"Get it now, pay over time.",Don't let tight budgets hold you back. Flexible payment options available now!
ad_875,Sezzle,18-24,5170,316.17,Zero interest when you pay in 4.,"Manage your cash flow better. Buy the essentials today and pay in small, manageable installments. No credit impact! Treat yourself now. Instant decision."
ad_876,Affirm,18-24,2013,926.78,Unlock your purchasing power.,Don't let tight budgets hold you back. Flexible payment options available now! No credit impact! Treat yourself now. Instant decision.
ad_877,Afterpay,55-64,2503,1677.67,Zero interest when you pay in 4.,"Manage your cash flow better. Buy the essentials today and pay in small, manageable installments."
ad_878,Afterpay,55-64,6747,701.85,"Buy Now, Pay Later with no hidden fees!","We help you buy what you want, when you want it. Download the app today. Smart budgeting for your family. No interest fees."
ad_879,PayPal Pay Later,18-24,1946,4371.56,Zero interest when you pay in 4.,"We help you buy what you want, when you want it. Download the app today. No credit impact! Treat yourself now. Instant decision."
ad_880,Afterpay,55-64,2803,1012.95,Split your purchase into 4 easy payments.,"Manage your cash flow better. Buy the essentials today and pay in small, manageable installments. Smart budgeting for your family. No interest fees."
ad_881,Affirm,25-34,2857,986.52,Don't wait! Buy today and pay later.,"We help you buy what you want, when you want it. Download the app today. No credit impact! Treat yourself now. Instant decision."
ad_882,Klarna,18-24,12749,4907.15,Split your purchase into 4 easy payments.,Instant approval! Just select our payment option at checkout. No credit impact! Treat yourself now. Instant decision.
ad_883,PayPal Pay Later,25-34,2662,2370.51,Unlock your purchasing power.,"We help you buy what you want, when you want it. Download the app today."
ad_884,Klarna,18-24,4080,1566.19,"Get it now, pay over time.",Don't let tight budgets hold you back. Flexible payment options available now!
ad_885,Afterpay,25-34,1084,3175.31,Split your purchase into 4 easy payments.,Don't let tight budgets hold you back. Flexible payment options available now! No credit impact! Treat yourself now. Instant decision.
ad_886,Sezzle,18-24,1764,739.31,Zero interest when you pay in 4.,Instant approval! Just select our payment option at checkout. No credit impact! Treat yourself now. Instant decision.
ad_887,Klarna,18-24,11524,328.0,Don't wait! Buy today and pay later.,Don't let tight budgets hold you back. Flexible payment options available now! No credit impact! Treat yourself now. Instant decision.
ad_888,Klarna,18-24,2587,214.68,Unlock your purchasing power.,"Why wait until payday? Get the things you want now and split your payments. It's fast, easy, and risk-free. No credit impact! Treat yourself now. Instant decision."
ad_889,PayPal Pay Later,18-24,846,2013.94,"Get it now, pay over time.","Why wait until payday? Get the things you want now and split your payments. It's fast, easy, and risk-free. No credit impact! Treat yourself now. Instant decision."
ad_890,Sezzle,25-34,630,2139.85,Unlock your purchasing power.,Don't let tight budgets hold you back. Flexible payment options available now! No credit impact! Treat yourself now. Instant decision.
ad_891,Afterpay,45-54,17083,4273.55,"Buy Now, Pay Later with no hidden fees!","Manage your cash flow better. Buy the essentials today and pay in small, manageable installments. Smart budgeting for your family. No interest fees."
ad_892,Klarna,18-24,10094,1592.28,"Buy Now, Pay Later with no hidden fees!","We help you buy what you want, when you want it. Download the app today. No credit impact! Treat yourself now. Instant decision."
ad_893,Sezzle,45-54,6608,1757.83,"Buy Now, Pay Later with no hidden fees!","We help you buy what you want, when you want it. Download the app today."
ad_894,Klarna,25-34,1458,645.8,Zero interest when you pay in 4.,"Why wait until payday? Get the things you want now and split your payments. It's fast, easy, and risk-free. No credit impact! Treat yourself now. Instant decision."
ad_895,Affirm,25-34,5020,1197.61,"Buy Now, Pay Later with no hidden fees!",Instant approval! Just select our payment option at checkout. No credit impact! Treat yourself now. Instant decision.
ad_896,Zip,18-24,3386,3569.45,"Get it now, pay over time.","Why wait until payday? Get the things you want now and split your payments. It's fast, easy, and risk-free. No credit impact! Treat yourself now. Instant decision."
ad_897,Zip,45-54,2384,584.74,"Get it now, pay over time.","Shop your favorite brands and pay over 6 weeks. No interest, no hard credit check. Smart budgeting for your family. No interest fees."
ad_898,Affirm,18-24,1475,2288.4,"Buy Now, Pay Later with no hidden fees!","We help you buy what you want, when you want it. Download the app today. No credit impact! Treat yourself now. Instant decision."
ad_899,Afterpay,25-34,3675,2569.03,"Get it now, pay over time.",Don't let tight budgets hold you back. Flexible payment options available now! No credit impact! Treat yourself now. Instant decision.
ad_900,Afterpay,18-24,1723,4049.94,"Get it now, pay over time.","Shop your favorite brands and pay over 6 weeks. No interest, no hard credit check."
ad_901,PayPal Pay Later,18-24,3107,2715.06,Zero interest when you pay in 4.,"Why wait until payday? Get the things you want now and split your payments. It's fast, easy, and risk-free. No credit impact! Treat yourself now. Instant decision."
ad_902,Zip,45-54,3848,4300.87,Don't wait! Buy today and pay later.,"Shop your favorite brands and pay over 6 weeks. No interest, no hard credit check."
ad_903,Afterpay,18-24,535,140.46,Don't wait! Buy today and pay later.,"Manage your cash flow better. Buy the essentials today and pay in small, manageable installments. No credit impact! Treat yourself now. Instant decision."
ad_904,PayPal Pay Later,65+,781,2169.37,"Buy Now, Pay Later with no hidden fees!",Instant approval! Just select our payment option at checkout. Smart budgeting for your family. No interest fees.
ad_905,Afterpay,18-24,3497,2221.31,Split your purchase into 4 easy payments.,Instant approval! Just select our payment option at checkout. No credit impact! Treat yourself now. Instant decision.
ad_906,PayPal Pay Later,25-34,1447,4769.34,"Get it now, pay over time.","Shop your favorite brands and pay over 6 weeks. No interest, no hard credit check. No credit impact! Treat yourself now. Instant decision."
ad_907,Klarna,18-24,2182,3386.39,Zero interest when you pay in 4.,Don't let tight budgets hold you back. Flexible payment options available now!
ad_908,Afterpay,25-34,3572,435.39,Split your purchase into 4 easy payments.,"Why wait until payday? Get the things you want now and split your payments. It's fast, easy, and risk-free. No credit impact! Treat yourself now. Instant decision."
ad_909,Afterpay,25-34,10973,738.06,Split your purchase into 4 easy payments.,"We help you buy what you want, when you want it. Download the app today. No credit impact! Treat yourself now. Instant decision."
ad_910,PayPal Pay Later,18-24,14326,4677.24,Split your purchase into 4 easy payments.,"Why wait until payday? Get the things you want now and split your payments. It's fast, easy, and risk-free. No credit impact! Treat yourself now. Instant decision."
ad_911,Klarna,35-44,3192,4904.93,Unlock your purchasing power.,Instant approval! Just select our payment option at checkout.
ad_912,Affirm,18-24,7576,841.4,Split your purchase into 4 easy payments.,"Shop your favorite brands and pay over 6 weeks. No interest, no hard credit check. No credit impact! Treat yourself now. Instant decision."
ad_913,Affirm,18-24,319,2263.65,Don't wait! Buy today and pay later.,Don't let tight budgets hold you back. Flexible payment options available now!
ad_914,PayPal Pay Later,25-34,1103,2757.87,Zero interest when you pay in 4.,"Manage your cash flow better. Buy the essentials today and pay in small, manageable installments. No credit impact! Treat yourself now. Instant decision."
ad_915,Affirm,18-24,4537,970.51,"Get it now, pay over time.","We help you buy what you want, when you want it. Download the app today. No credit impact! Treat yourself now. Instant decision."
ad_916,Zip,55-64,7343,4271.99,Split your purchase into 4 easy payments.,"Why wait until payday? Get the things you want now and split your payments. It's fast, easy, and risk-free."
ad_917,Sezzle,18-24,8605,3829.4,"Buy Now, Pay Later with no hidden fees!",Don't let tight budgets hold you back. Flexible payment options available now! No credit impact! Treat yourself now. Instant decision.
ad_918,PayPal Pay Later,25-34,5563,3184.65,"Buy Now, Pay Later with no hidden fees!","Why wait until payday? Get the things you want now and split your payments. It's fast, easy, and risk-free. No credit impact! Treat yourself now. Instant decision."
ad_919,Klarna,45-54,10943,4442.97,"Get it now, pay over time.","Manage your cash flow better. Buy the essentials today and pay in small, manageable installments."
ad_920,Klarna,18-24,8400,1811.99,"Get it now, pay over time.","Shop your favorite brands and pay over 6 weeks. No interest, no hard credit check. No credit impact! Treat yourself now. Instant decision."
ad_921,PayPal Pay Later,35-44,718,1941.51,"Buy Now, Pay Later with no hidden fees!","Why wait until payday? Get the things you want now and split your payments. It's fast, easy, and risk-free."
ad_922,Affirm,55-64,6530,4668.14,"Buy Now, Pay Later with no hidden fees!",Don't let tight budgets hold you back. Flexible payment options available now!
ad_923,Afterpay,25-34,20356,1006.14,Split your purchase into 4 easy payments.,"Shop your favorite brands and pay over 6 weeks. No interest, no hard credit check."
ad_924,Affirm,18-24,10895,175.48,"Get it now, pay over time.","Why wait until payday? Get the things you want now and split your payments. It's fast, easy, and risk-free. No credit impact! Treat yourself now. Instant decision."
ad_925,Afterpay,18-24,985,3068.57,Split your purchase into 4 easy payments.,"We help you buy what you want, when you want it. Download the app today. No credit impact! Treat yourself now. Instant decision."
ad_926,PayPal Pay Later,18-24,714,2742.67,Unlock your purchasing power.,"Why wait until payday? Get the things you want now and split your payments. It's fast, easy, and risk-free. No credit impact! Treat yourself now. Instant decision."
ad_927,Affirm,18-24,3721,1265.48,"Buy Now, Pay Later with no hidden fees!",Instant approval! Just select our payment option at checkout. No credit impact! Treat yourself now. Instant decision.
ad_928,Klarna,18-24,19449,3587.74,Unlock your purchasing power.,"We help you buy what you want, when you want it. Download the app today."
ad_929,Affirm,45-54,15049,2792.27,Unlock your purchasing power.,"Why wait until payday? Get the things you want now and split your payments. It's fast, easy, and risk-free. Smart budgeting for your family. No interest fees."
ad_930,Affirm,25-34,6678,1046.26,Zero interest when you pay in 4.,"Why wait until payday? Get the things you want now and split your payments. It's fast, easy, and risk-free. No credit impact! Treat yourself now. Instant decision."
ad_931,Sezzle,18-24,594,4762.71,Don't wait! Buy today and pay later.,"Manage your cash flow better. Buy the essentials today and pay in small, manageable installments."
ad_932,Zip,18-24,2344,1173.54,Split your purchase into 4 easy payments.,"Shop your favorite brands and pay over 6 weeks. No interest, no hard credit check. No credit impact! Treat yourself now. Instant decision."
ad_933,Zip,25-34,561,3472.51,Zero interest when you pay in 4.,Instant approval! Just select our payment option at checkout. No credit impact! Treat yourself now. Instant decision.
ad_934,Klarna,25-34,331,4552.26,"Buy Now, Pay Later with no hidden fees!",Instant approval! Just select our payment option at checkout. No credit impact! Treat yourself now. Instant decision.
ad_935,Klarna,25-34,2534,1595.35,Split your purchase into 4 easy payments.,"Manage your cash flow better. Buy the essentials today and pay in small, manageable installments."
ad_936,Klarna,35-44,9834,4707.91,Zero interest when you pay in 4.,Don't let tight budgets hold you back. Flexible payment options available now!
ad_937,Zip,35-44,1710,4232.95,Zero interest when you pay in 4.,"Why wait until payday? Get the things you want now and split your payments. It's fast, easy, and risk-free."
ad_938,Klarna,18-24,2543,2937.94,Don't wait! Buy today and pay later.,Don't let tight budgets hold you back. Flexible payment options available now!
ad_939,Zip,18-24,1608,3759.38,Split your purchase into 4 easy payments.,"Shop your favorite brands and pay over 6 weeks. No interest, no hard credit check. No credit impact! Treat yourself now. Instant decision."
ad_940,Affirm,25-34,1867,1933.39,Split your purchase into 4 easy payments.,Instant approval! Just select our payment option at checkout.
ad_941,Zip,25-34,2936,4787.82,Zero interest when you pay in 4.,Instant approval! Just select our payment option at checkout. No credit impact! Treat yourself now. Instant decision.
ad_942,PayPal Pay Later,18-24,3109,3110.54,Zero interest when you pay in 4.,"Shop your favorite brands and pay over 6 weeks. No interest, no hard credit check."
ad_943,Zip,18-24,5162,1069.6,Don't wait! Buy today and pay later.,"Shop your favorite brands and pay over 6 weeks. No interest, no hard credit check."
ad_944,Affirm,65+,6327,4203.54,Don't wait! Buy today and pay later.,"Shop your favorite brands and pay over 6 weeks. No interest, no hard credit check. Smart budgeting for your family. No interest fees."
ad_945,Zip,45-54,909,4696.64,Don't wait! Buy today and pay later.,"Shop your favorite brands and pay over 6 weeks. No interest, no hard credit check. Smart budgeting for your family. No interest fees."
ad_946,Zip,25-34,4456,2602.6,Unlock your purchasing power.,Instant approval! Just select our payment option at checkout.
ad_947,PayPal Pay Later,18-24,2501,4218.43,Zero interest when you pay in 4.,Don't let tight budgets hold you back. Flexible payment options available now! No credit impact! Treat yourself now. Instant decision.
ad_948,Sezzle,18-24,9552,1733.02,Split your purchase into 4 easy payments.,"We help you buy what you want, when you want it. Download the app today."
ad_949,Afterpay,18-24,2731,1812.66,Unlock your purchasing power.,"Manage your cash flow better. Buy the essentials today and pay in small, manageable installments."
ad_950,Afterpay,18-24,4082,3194.85,Unlock your purchasing power.,Don't let tight budgets hold you back. Flexible payment options available now!
ad_951,Klarna,25-34,18734,3752.68,"Buy Now, Pay Later with no hidden fees!","Manage your cash flow better. Buy the essentials today and pay in small, manageable installments."
ad_952,PayPal Pay Later,45-54,1434,4767.94,Zero interest when you pay in 4.,"Shop your favorite brands and pay over 6 weeks. No interest, no hard credit check."
ad_953,Zip,18-24,19740,508.94,"Get it now, pay over time.","Why wait until payday? Get the things you want now and split your payments. It's fast, easy, and risk-free."
ad_954,Affirm,25-34,2065,2685.73,Don't wait! Buy today and pay later.,Instant approval! Just select our payment option at checkout. No credit impact! Treat yourself now. Instant decision.
ad_955,Affirm,18-24,1473,1929.7,Zero interest when you pay in 4.,"Why wait until payday? Get the things you want now and split your payments. It's fast, easy, and risk-free."
ad_956,Zip,25-34,1294,1675.51,Split your purchase into 4 easy payments.,"Why wait until payday? Get the things you want now and split your payments. It's fast, easy, and risk-free. No credit impact! Treat yourself now. Instant decision."
ad_957,Zip,25-34,5342,2666.85,Split your purchase into 4 easy payments.,Instant approval! Just select our payment option at checkout. No credit impact! Treat yourself now. Instant decision.
ad_958,Sezzle,25-34,1650,3883.38,"Get it now, pay over time.",Instant approval! Just select our payment option at checkout. No credit impact! Treat yourself now. Instant decision.
ad_959,Sezzle,25-34,6394,2216.7,Unlock your purchasing power.,Don't let tight budgets hold you back. Flexible payment options available now! No credit impact! Treat yourself now. Instant decision.
ad_960,Sezzle,18-24,655,3637.25,Zero interest when you pay in 4.,Don't let tight budgets hold you back. Flexible payment options available now! No credit impact! Treat yourself now. Instant decision.
ad_961,Sezzle,25-34,1338,1714.8,Zero interest when you pay in 4.,"Shop your favorite brands and pay over 6 weeks. No interest, no hard credit check. No credit impact! Treat yourself now. Instant decision."
ad_962,PayPal Pay Later,25-34,2680,472.74,Unlock your purchasing power.,Don't let tight budgets hold you back. Flexible payment options available now!
ad_963,Sezzle,18-24,16393,2315.0,"Buy Now, Pay Later with no hidden fees!","Manage your cash flow better. Buy the essentials today and pay in small, manageable installments."
ad_964,Affirm,18-24,1458,2549.31,Don't wait! Buy today and pay later.,"Shop your favorite brands and pay over 6 weeks. No interest, no hard credit check. No credit impact! Treat yourself now. Instant decision."
ad_965,Affirm,25-34,1619,640.09,"Get it now, pay over time.","Why wait until payday? Get the things you want now and split your payments. It's fast, easy, and risk-free. No credit impact! Treat yourself now. Instant decision."
ad_966,Zip,25-34,13031,2760.21,"Buy Now, Pay Later with no hidden fees!","We help you buy what you want, when you want it. Download the app today. No credit impact! Treat yourself now. Instant decision."
ad_967,Affirm,18-24,1354,2137.48,"Get it now, pay over time.",Instant approval! Just select our payment option at checkout.
ad_968,Afterpay,45-54,10831,1783.48,Unlock your purchasing power.,Don't let tight budgets hold you back. Flexible payment options available now!
ad_969,Zip,18-24,820,2051.0,"Buy Now, Pay Later with no hidden fees!","Manage your cash flow better. Buy the essentials today and pay in small, manageable installments."
ad_970,Affirm,65+,3946,3519.29,Don't wait! Buy today and pay later.,"Shop your favorite brands and pay over 6 weeks. No interest, no hard credit check. Smart budgeting for your family. No interest fees."
ad_971,Afterpay,25-34,8234,1485.72,"Get it now, pay over time.","Manage your cash flow better. Buy the essentials today and pay in small, manageable installments. No credit impact! Treat yourself now. Instant decision."
ad_972,PayPal Pay Later,18-24,2509,610.83,"Get it now, pay over time.","Why wait until payday? Get the things you want now and split your payments. It's fast, easy, and risk-free."
ad_973,Sezzle,18-24,1260,366.2,Split your purchase into 4 easy payments.,"We help you buy what you want, when you want it. Download the app today."
ad_974,Afterpay,45-54,6007,542.92,Split your purchase into 4 easy payments.,Instant approval! Just select our payment option at checkout. Smart budgeting for your family. No interest fees.
ad_975,Zip,25-34,49744,4310.31,Don't wait! Buy today and pay later.,"Shop your favorite brands and pay over 6 weeks. No interest, no hard credit check. No credit impact! Treat yourself now. Instant decision."
ad_976,Sezzle,18-24,1969,224.32,Zero interest when you pay in 4.,Instant approval! Just select our payment option at checkout. No credit impact! Treat yourself now. Instant decision.
ad_977,Klarna,25-34,7661,4405.2,Unlock your purchasing power.,"Manage your cash flow better. Buy the essentials today and pay in small, manageable installments."
ad_978,Affirm,25-34,1192,4232.61,Don't wait! Buy today and pay later.,"Manage your cash flow better. Buy the essentials today and pay in small, manageable installments. No credit impact! Treat yourself now. Instant decision."
ad_979,Zip,35-44,954,2397.08,Split your purchase into 4 easy payments.,Instant approval! Just select our payment option at checkout. Smart budgeting for your family. No interest fees.
ad_980,Affirm,55-64,2943,1300.03,"Buy Now, Pay Later with no hidden fees!","Manage your cash flow better. Buy the essentials today and pay in small, manageable installments. Smart budgeting for your family. No interest fees."
ad_981,Sezzle,18-24,3381,1057.5,Unlock your purchasing power.,Instant approval! Just select our payment option at checkout.
ad_982,Sezzle,18-24,231,3191.05,Don't wait! Buy today and pay later.,"Manage your cash flow better. Buy the essentials today and pay in small, manageable installments. No credit impact! Treat yourself now. Instant decision."
ad_983,Sezzle,65+,3433,975.31,"Get it now, pay over time.","We help you buy what you want, when you want it. Download the app today. Smart budgeting for your family. No interest fees."
ad_984,Affirm,18-24,2661,1694.25,"Buy Now, Pay Later with no hidden fees!","We help you buy what you want, when you want it. Download the app today. No credit impact! Treat yourself now. Instant decision."
ad_985,Afterpay,18-24,3720,4000.09,Zero interest when you pay in 4.,"We help you buy what you want, when you want it. Download the app today."
ad_986,Sezzle,18-24,1118,4915.59,"Get it now, pay over time.",Instant approval! Just select our payment option at checkout.
ad_987,Klarna,25-34,1002,1233.12,Unlock your purchasing power.,"Manage your cash flow better. Buy the essentials today and pay in small, manageable installments. No credit impact! Treat yourself now. Instant decision."
ad_988,Klarna,45-54,1515,3793.15,Don't wait! Buy today and pay later.,"We help you buy what you want, when you want it. Download the app today."
ad_989,Klarna,18-24,997,1250.59,Don't wait! Buy today and pay later.,"Shop your favorite brands and pay over 6 weeks. No interest, no hard credit check. No credit impact! Treat yourself now. Instant decision."
ad_990,Zip,18-24,1233,3335.53,"Buy Now, Pay Later with no hidden fees!","Manage your cash flow better. Buy the essentials today and pay in small, manageable installments. No credit impact! Treat yourself now. Instant decision."
ad_991,Afterpay,45-54,717,2907.22,Zero interest when you pay in 4.,"Shop your favorite brands and pay over 6 weeks. No interest, no hard credit check. Smart budgeting for your family. No interest fees."
ad_992,Klarna,18-24,5631,1319.24,"Buy Now, Pay Later with no hidden fees!",Don't let tight budgets hold you back. Flexible payment options available now! No credit impact! Treat yourself now. Instant decision.
ad_993,Afterpay,25-34,587,4291.33,"Buy Now, Pay Later with no hidden fees!",Instant approval! Just select our payment option at checkout. No credit impact! Treat yourself now. Instant decision.
ad_994,Affirm,25-34,4364,2311.6,Zero interest when you pay in 4.,Instant approval! Just select our payment option at checkout.
ad_995,PayPal Pay Later,55-64,4071,3500.97,Zero interest when you pay in 4.,"Shop your favorite brands and pay over 6 weeks. No interest, no hard credit check. Smart budgeting for your family. No interest fees."
ad_996,Klarna,65+,1151,200.56,Don't wait! Buy today and pay later.,Instant approval! Just select our payment option at checkout. Smart budgeting for your family. No interest fees.
ad_997,Affirm,35-44,2492,2810.56,Don't wait! Buy today and pay later.,"We help you buy what you want, when you want it. Download the app today. Smart budgeting for your family. No interest fees."
ad_998,Sezzle,18-24,9378,1559.27,"Get it now, pay over time.",Don't let tight budgets hold you back. Flexible payment options available now!
ad_999,PayPal Pay Later,25-34,2702,3591.14,Split your purchase into 4 easy payments.,"We help you buy what you want, when you want it. Download the app today."
ad_1000,Zip,18-24,1836,4702.63,Unlock your purchasing power.,"Shop your favorite brands and pay over 6 weeks. No interest, no hard credit check. No credit impact! Treat yourself now. Instant decision."
ad_1001,Affirm,18-24,1134,309.78,"Get it now, pay over time.","Shop your favorite brands and pay over 6 weeks. No interest, no hard credit check. No credit impact! Treat yourself now. Instant decision."
ad_1002,Affirm,25-34,3937,1445.03,Unlock your purchasing power.,Don't let tight budgets hold you back. Flexible payment options available now! No credit impact! Treat yourself now. Instant decision.
ad_1003,Sezzle,18-24,1791,282.94,"Get it now, pay over time.","Why wait until payday? Get the things you want now and split your payments. It's fast, easy, and risk-free."
ad_1004,PayPal Pay Later,25-34,805,184.18,Don't wait! Buy today and pay later.,"Shop your favorite brands and pay over 6 weeks. No interest, no hard credit check. No credit impact! Treat yourself now. Instant decision."
ad_1005,Klarna,18-24,20627,3067.05,Zero interest when you pay in 4.,"We help you buy what you want, when you want it. Download the app today. No credit impact! Treat yourself now. Instant decision."
ad_1006,Afterpay,25-34,273,4442.75,"Buy Now, Pay Later with no hidden fees!","Shop your favorite brands and pay over 6 weeks. No interest, no hard credit check. No credit impact! Treat yourself now. Instant decision."
ad_1007,Afterpay,25-34,1815,4638.19,Zero interest when you pay in 4.,Instant approval! Just select our payment option at checkout. No credit impact! Treat yourself now. Instant decision.
ad_1008,Zip,25-34,2182,2387.63,Zero interest when you pay in 4.,"Why wait until payday? Get the things you want now and split your payments. It's fast, easy, and risk-free."
ad_1009,Sezzle,35-44,4980,3559.56,Unlock your purchasing power.,"Manage your cash flow better. Buy the essentials today and pay in small, manageable installments. Smart budgeting for your family. No interest fees."
ad_1010,Affirm,25-34,4885,1331.02,Don't wait! Buy today and pay later.,Instant approval! Just select our payment option at checkout. No credit impact! Treat yourself now. Instant decision.
ad_1011,Sezzle,45-54,171,2387.52,Zero interest when you pay in 4.,"Manage your cash flow better. Buy the essentials today and pay in small, manageable installments."
ad_1012,Sezzle,25-34,3119,120.27,"Get it now, pay over time.",Don't let tight budgets hold you back. Flexible payment options available now! No credit impact! Treat yourself now. Instant decision.
ad_1013,Zip,25-34,5210,1105.05,"Get it now, pay over time.","We help you buy what you want, when you want it. Download the app today. No credit impact! Treat yourself now. Instant decision."
ad_1014,PayPal Pay Later,25-34,272,887.35,Zero interest when you pay in 4.,"Why wait until payday? Get the things you want now and split your payments. It's fast, easy, and risk-free."
ad_1015,Sezzle,18-24,6938,4232.81,Unlock your purchasing power.,"Why wait until payday? Get the things you want now and split your payments. It's fast, easy, and risk-free. No credit impact! Treat yourself now. Instant decision."
ad_1016,Zip,25-34,3464,4951.91,Don't wait! Buy today and pay later.,"Shop your favorite brands and pay over 6 weeks. No interest, no hard credit check. No credit impact! Treat yourself now. Instant decision."
ad_1017,Klarna,45-54,20577,4095.1,"Buy Now, Pay Later with no hidden fees!","Why wait until payday? Get the things you want now and split your payments. It's fast, easy, and risk-free."
ad_1018,Zip,18-24,2800,2593.64,Split your purchase into 4 easy payments.,"Manage your cash flow better. Buy the essentials today and pay in small, manageable installments. No credit impact! Treat yourself now. Instant decision."
ad_1019,Sezzle,35-44,2495,1229.53,"Buy Now, Pay Later with no hidden fees!","We help you buy what you want, when you want it. Download the app today."
ad_1020,Klarna,18-24,2214,951.21,Zero interest when you pay in 4.,"Shop your favorite brands and pay over 6 weeks. No interest, no hard credit check. No credit impact! Treat yourself now. Instant decision."
ad_1021,PayPal Pay Later,18-24,2128,3549.43,Split your purchase into 4 easy payments.,"Why wait until payday? Get the things you want now and split your payments. It's fast, easy, and risk-free. No credit impact! Treat yourself now. Instant decision."
ad_1022,Sezzle,18-24,6495,3316.97,Don't wait! Buy today and pay later.,"Shop your favorite brands and pay over 6 weeks. No interest, no hard credit check."
ad_1023,Zip,25-34,2720,2002.67,Split your purchase into 4 easy payments.,"Why wait until payday? Get the things you want now and split your payments. It's fast, easy, and risk-free. No credit impact! Treat yourself now. Instant decision."
ad_1024,PayPal Pay Later,18-24,9000,2594.08,Zero interest when you pay in 4.,Instant approval! Just select our payment option at checkout. No credit impact! Treat yourself now. Instant decision.
ad_1025,Zip,18-24,26523,4450.61,"Get it now, pay over time.","Manage your cash flow better. Buy the essentials today and pay in small, manageable installments."
ad_1026,PayPal Pay Later,25-34,7627,305.7,Don't wait! Buy today and pay later.,"Why wait until payday? Get the things you want now and split your payments. It's fast, easy, and risk-free. No credit impact! Treat yourself now. Instant decision."
ad_1027,Klarna,25-34,1211,287.17,"Get it now, pay over time.","We help you buy what you want, when you want it. Download the app today."
ad_1028,Zip,18-24,795,2903.9,"Get it now, pay over time.","Why wait until payday? Get the things you want now and split your payments. It's fast, easy, and risk-free. No credit impact! Treat yourself now. Instant decision."
ad_1029,Zip,25-34,356,63.41,Split your purchase into 4 easy payments.,Instant approval! Just select our payment option at checkout. No credit impact! Treat yourself now. Instant decision.
ad_1030,Afterpay,18-24,1886,3000.91,"Get it now, pay over time.","Manage your cash flow better. Buy the essentials today and pay in small, manageable installments. No credit impact! Treat yourself now. Instant decision."
ad_1031,PayPal Pay Later,18-24,3589,3451.59,Zero interest when you pay in 4.,"Shop your favorite brands and pay over 6 weeks. No interest, no hard credit check. No credit impact! Treat yourself now. Instant decision."
ad_1032,Sezzle,25-34,1915,4768.87,Split your purchase into 4 easy payments.,"We help you buy what you want, when you want it. Download the app today. No credit impact! Treat yourself now. Instant decision."
ad_1033,Zip,25-34,2119,1139.45,Unlock your purchasing power.,"Shop your favorite brands and pay over 6 weeks. No interest, no hard credit check. No credit impact! Treat yourself now. Instant decision."
ad_1034,Zip,18-24,1104,3813.62,"Get it now, pay over time.","Why wait until payday? Get the things you want now and split your payments. It's fast, easy, and risk-free. No credit impact! Treat yourself now. Instant decision."
ad_1035,Afterpay,25-34,7585,739.63,Zero interest when you pay in 4.,Instant approval! Just select our payment option at checkout.
ad_1036,Afterpay,25-34,482,3597.2,Split your purchase into 4 easy payments.,Instant approval! Just select our payment option at checkout. No credit impact! Treat yourself now. Instant decision.
ad_1037,Klarna,35-44,1782,4298.7,Zero interest when you pay in 4.,"We help you buy what you want, when you want it. Download the app today. Smart budgeting for your family. No interest fees."
ad_1038,Afterpay,25-34,1707,3196.38,"Get it now, pay over time.","Why wait until payday? Get the things you want now and split your payments. It's fast, easy, and risk-free. No credit impact! Treat yourself now. Instant decision."
ad_1039,Sezzle,25-34,1540,1680.43,Split your purchase into 4 easy payments.,"Manage your cash flow better. Buy the essentials today and pay in small, manageable installments. No credit impact! Treat yourself now. Instant decision."
ad_1040,Affirm,25-34,9323,2316.92,"Buy Now, Pay Later with no hidden fees!",Don't let tight budgets hold you back. Flexible payment options available now!
ad_1041,Sezzle,18-24,36274,1340.51,"Get it now, pay over time.","Manage your cash flow better. Buy the essentials today and pay in small, manageable installments. No credit impact! Treat yourself now. Instant decision."
ad_1042,PayPal Pay Later,45-54,20917,2617.8,Split your purchase into 4 easy payments.,"We help you buy what you want, when you want it. Download the app today."
ad_1043,Sezzle,18-24,8309,949.73,Don't wait! Buy today and pay later.,"Why wait until payday? Get the things you want now and split your payments. It's fast, easy, and risk-free. No credit impact! Treat yourself now. Instant decision."
ad_1044,Affirm,18-24,992,4642.34,Split your purchase into 4 easy payments.,Don't let tight budgets hold you back. Flexible payment options available now!
ad_1045,Sezzle,18-24,2675,3124.48,Zero interest when you pay in 4.,"Shop your favorite brands and pay over 6 weeks. No interest, no hard credit check. No credit impact! Treat yourself now. Instant decision."
ad_1046,PayPal Pay Later,25-34,1751,2522.76,"Buy Now, Pay Later with no hidden fees!",Instant approval! Just select our payment option at checkout. No credit impact! Treat yourself now. Instant decision.
ad_1047,Klarna,25-34,2777,2667.1,"Get it now, pay over time.",Don't let tight budgets hold you back. Flexible payment options available now! No credit impact! Treat yourself now. Instant decision.
ad_1048,PayPal Pay Later,18-24,522,2749.87,"Get it now, pay over time.","Manage your cash flow better. Buy the essentials today and pay in small, manageable installments."
ad_1049,Zip,35-44,1726,858.6,Zero interest when you pay in 4.,Don't let tight budgets hold you back. Flexible payment options available now! Smart budgeting for your family. No interest fees.
ad_1050,Afterpay,25-34,23464,1372.36,Unlock your purchasing power.,Instant approval! Just select our payment option at checkout.
ad_1051,Sezzle,18-24,4020,3724.38,Unlock your purchasing power.,"Manage your cash flow better. Buy the essentials today and pay in small, manageable installments."
ad_1052,PayPal Pay Later,18-24,1985,1956.04,Don't wait! Buy today and pay later.,"Shop your favorite brands and pay over 6 weeks. No interest, no hard credit check. No credit impact! Treat yourself now. Instant decision."
ad_1053,Sezzle,35-44,1608,3566.24,Split your purchase into 4 easy payments.,"Why wait until payday? Get the things you want now and split your payments. It's fast, easy, and risk-free. Smart budgeting for your family. No interest fees."
ad_1054,Sezzle,45-54,2348,2346.8,Unlock your purchasing power.,Instant approval! Just select our payment option at checkout.
ad_1055,Afterpay,18-24,861,3498.61,Split your purchase into 4 easy payments.,"Why wait until payday? Get the things you want now and split your payments. It's fast, easy, and risk-free. No credit impact! Treat yourself now. Instant decision."
ad_1056,Sezzle,25-34,3914,4402.66,Split your purchase into 4 easy payments.,"Manage your cash flow better. Buy the essentials today and pay in small, manageable installments. No credit impact! Treat yourself now. Instant decision."
ad_1057,Zip,65+,1611,4563.5,Zero interest when you pay in 4.,Instant approval! Just select our payment option at checkout. Smart budgeting for your family. No interest fees.
ad_1058,Afterpay,18-24,9932,4298.74,"Get it now, pay over time.",Instant approval! Just select our payment option at checkout. No credit impact! Treat yourself now. Instant decision.
ad_1059,PayPal Pay Later,45-54,4201,3223.38,Don't wait! Buy today and pay later.,Instant approval! Just select our payment option at checkout. Smart budgeting for your family. No interest fees.
ad_1060,PayPal Pay Later,55-64,5651,4906.17,Unlock your purchasing power.,Don't let tight budgets hold you back. Flexible payment options available now!
ad_1061,Affirm,25-34,2321,3328.05,Zero interest when you pay in 4.,Instant approval! Just select our payment option at checkout. No credit impact! Treat yourself now. Instant decision.
ad_1062,Affirm,18-24,4231,247.0,Unlock your purchasing power.,"Manage your cash flow better. Buy the essentials today and pay in small, manageable installments. No credit impact! Treat yourself now. Instant decision."
ad_1063,Zip,25-34,1281,4865.33,Split your purchase into 4 easy payments.,"We help you buy what you want, when you want it. Download the app today. No credit impact! Treat yourself now. Instant decision."
ad_1064,Affirm,25-34,1714,2135.44,Zero interest when you pay in 4.,"Why wait until payday? Get the things you want now and split your payments. It's fast, easy, and risk-free. No credit impact! Treat yourself now. Instant decision."
ad_1065,Afterpay,18-24,5978,2258.44,Zero interest when you pay in 4.,"We help you buy what you want, when you want it. Download the app today. No credit impact! Treat yourself now. Instant decision."
ad_1066,Afterpay,25-34,35038,3177.81,Unlock your purchasing power.,"Why wait until payday? Get the things you want now and split your payments. It's fast, easy, and risk-free. No credit impact! Treat yourself now. Instant decision."
ad_1067,PayPal Pay Later,35-44,4133,2933.05,Don't wait! Buy today and pay later.,Instant approval! Just select our payment option at checkout.
ad_1068,Sezzle,18-24,3374,4209.72,Zero interest when you pay in 4.,Instant approval! Just select our payment option at checkout. No credit impact! Treat yourself now. Instant decision.
ad_1069,PayPal Pay Later,18-24,1594,4991.68,"Buy Now, Pay Later with no hidden fees!","Why wait until payday? Get the things you want now and split your payments. It's fast, easy, and risk-free."
ad_1070,Klarna,25-34,6292,2924.74,Unlock your purchasing power.,"We help you buy what you want, when you want it. Download the app today. No credit impact! Treat yourself now. Instant decision."
ad_1071,Affirm,18-24,12071,1794.78,Split your purchase into 4 easy payments.,"Shop your favorite brands and pay over 6 weeks. No interest, no hard credit check. No credit impact! Treat yourself now. Instant decision."
ad_1072,PayPal Pay Later,18-24,5584,433.19,"Get it now, pay over time.",Instant approval! Just select our payment option at checkout. No credit impact! Treat yourself now. Instant decision.
ad_1073,Klarna,18-24,11601,4073.61,Unlock your purchasing power.,"Shop your favorite brands and pay over 6 weeks. No interest, no hard credit check. No credit impact! Treat yourself now. Instant decision."
ad_1074,PayPal Pay Later,35-44,3666,4055.51,Zero interest when you pay in 4.,"We help you buy what you want, when you want it. Download the app today."
ad_1075,Zip,45-54,1713,1466.37,"Buy Now, Pay Later with no hidden fees!","Why wait until payday? Get the things you want now and split your payments. It's fast, easy, and risk-free."
ad_1076,Klarna,25-34,5602,3884.13,Zero interest when you pay in 4.,Instant approval! Just select our payment option at checkout. No credit impact! Treat yourself now. Instant decision.
ad_1077,Sezzle,45-54,1582,1097.99,"Get it now, pay over time.","Manage your cash flow better. Buy the essentials today and pay in small, manageable installments."
ad_1078,Zip,18-24,5796,1304.23,"Buy Now, Pay Later with no hidden fees!","Shop your favorite brands and pay over 6 weeks. No interest, no hard credit check."
ad_1079,Afterpay,35-44,1387,2492.36,Don't wait! Buy today and pay later.,"Manage your cash flow better. Buy the essentials today and pay in small, manageable installments. Smart budgeting for your family. No interest fees."
ad_1080,Sezzle,25-34,1142,2844.74,Split your purchase into 4 easy payments.,"Manage your cash flow better. Buy the essentials today and pay in small, manageable installments. No credit impact! Treat yourself now. Instant decision."
ad_1081,Zip,18-24,770,4484.29,Unlock your purchasing power.,"Shop your favorite brands and pay over 6 weeks. No interest, no hard credit check. No credit impact! Treat yourself now. Instant decision."
ad_1082,Klarna,25-34,3817,3435.68,Don't wait! Buy today and pay later.,"We help you buy what you want, when you want it. Download the app today. No credit impact! Treat yourself now. Instant decision."
ad_1083,Klarna,25-34,665,401.64,Zero interest when you pay in 4.,Don't let tight budgets hold you back. Flexible payment options available now! No credit impact! Treat yourself now. Instant decision.
ad_1084,Zip,18-24,2495,3988.11,Split your purchase into 4 easy payments.,Don't let tight budgets hold you back. Flexible payment options available now! No credit impact! Treat yourself now. Instant decision.
ad_1085,Afterpay,25-34,1196,4208.09,Don't wait! Buy today and pay later.,Instant approval! Just select our payment option at checkout. No credit impact! Treat yourself now. Instant decision.
ad_1086,Zip,45-54,1830,3296.31,Zero interest when you pay in 4.,"Shop your favorite brands and pay over 6 weeks. No interest, no hard credit check. Smart budgeting for your family. No interest fees."
ad_1087,Sezzle,18-24,8728,320.73,Unlock your purchasing power.,Don't let tight budgets hold you back. Flexible payment options available now! No credit impact! Treat yourself now. Instant decision.
ad_1088,Affirm,25-34,3526,4170.34,Zero interest when you pay in 4.,"Why wait until payday? Get the things you want now and split your payments. It's fast, easy, and risk-free. No credit impact! Treat yourself now. Instant decision."
ad_1089,Sezzle,18-24,7671,83.86,Zero interest when you pay in 4.,"Manage your cash flow better. Buy the essentials today and pay in small, manageable installments. No credit impact! Treat yourself now. Instant decision."
ad_1090,Klarna,65+,1001,4002.85,Split your purchase into 4 easy payments.,"Why wait until payday? Get the things you want now and split your payments. It's fast, easy, and risk-free."
ad_1091,Afterpay,45-54,6596,4094.68,Don't wait! Buy today and pay later.,Instant approval! Just select our payment option at checkout. Smart budgeting for your family. No interest fees.
ad_1092,Sezzle,25-34,482,3822.54,"Get it now, pay over time.","Shop your favorite brands and pay over 6 weeks. No interest, no hard credit check."
ad_1093,Afterpay,18-24,1639,4379.98,"Buy Now, Pay Later with no hidden fees!","Why wait until payday? Get the things you want now and split your payments. It's fast, easy, and risk-free. No credit impact! Treat yourself now. Instant decision."
ad_1094,Klarna,25-34,2053,68.33,"Get it now, pay over time.",Don't let tight budgets hold you back. Flexible payment options available now! No credit impact! Treat yourself now. Instant decision.
ad_1095,Klarna,18-24,5498,3610.97,Unlock your purchasing power.,"We help you buy what you want, when you want it. Download the app today."
ad_1096,Zip,25-34,3937,1213.4,Zero interest when you pay in 4.,"Manage your cash flow better. Buy the essentials today and pay in small, manageable installments."
ad_1097,Afterpay,45-54,2197,911.11,Zero interest when you pay in 4.,"We help you buy what you want, when you want it. Download the app today."
ad_1098,Affirm,45-54,6580,4996.78,Zero interest when you pay in 4.,"We help you buy what you want, when you want it. Download the app today."
ad_1099,Zip,25-34,1684,3410.49,Don't wait! Buy today and pay later.,"We help you buy what you want, when you want it. Download the app today. No credit impact! Treat yourself now. Instant decision."
ad_1100,Zip,35-44,1795,3685.03,Split your purchase into 4 easy payments.,Don't let tight budgets hold you back. Flexible payment options available now! Smart budgeting for your family. No interest fees.
ad_1101,Affirm,18-24,2489,4088.98,"Buy Now, Pay Later with no hidden fees!","We help you buy what you want, when you want it. Download the app today. No credit impact! Treat yourself now. Instant decision."
ad_1102,PayPal Pay Later,18-24,692,2597.08,Split your purchase into 4 easy payments.,"We help you buy what you want, when you want it. Download the app today. No credit impact! Treat yourself now. Instant decision."
ad_1103,Zip,18-24,487,319.02,"Get it now, pay over time.","We help you buy what you want, when you want it. Download the app today. No credit impact! Treat yourself now. Instant decision."
ad_1104,PayPal Pay Later,18-24,3675,4647.38,"Get it now, pay over time.","We help you buy what you want, when you want it. Download the app today."
ad_1105,PayPal Pay Later,25-34,1113,362.76,"Get it now, pay over time.","Manage your cash flow better. Buy the essentials today and pay in small, manageable installments."
ad_1106,Klarna,35-44,1005,2932.08,Split your purchase into 4 easy payments.,"We help you buy what you want, when you want it. Download the app today."
ad_1107,Afterpay,25-34,2981,4089.48,Unlock your purchasing power.,Don't let tight budgets hold you back. Flexible payment options available now!
ad_1108,Afterpay,18-24,1121,4555.57,"Get it now, pay over time.","We help you buy what you want, when you want it. Download the app today. No credit impact! Treat yourself now. Instant decision."
ad_1109,Zip,18-24,6879,132.52,Zero interest when you pay in 4.,"We help you buy what you want, when you want it. Download the app today. No credit impact! Treat yourself now. Instant decision."
ad_1110,Afterpay,25-34,1066,3128.8,"Get it now, pay over time.","Why wait until payday? Get the things you want now and split your payments. It's fast, easy, and risk-free. No credit impact! Treat yourself now. Instant decision."
ad_1111,Klarna,18-24,1833,3601.0,Split your purchase into 4 easy payments.,"We help you buy what you want, when you want it. Download the app today. No credit impact! Treat yourself now. Instant decision."
ad_1112,Afterpay,35-44,3152,2304.2,"Get it now, pay over time.","Shop your favorite brands and pay over 6 weeks. No interest, no hard credit check."
ad_1113,Sezzle,25-34,2187,3604.44,Split your purchase into 4 easy payments.,"We help you buy what you want, when you want it. Download the app today. No credit impact! Treat yourself now. Instant decision."
ad_1114,Afterpay,18-24,2861,930.53,Unlock your purchasing power.,"Shop your favorite brands and pay over 6 weeks. No interest, no hard credit check. No credit impact! Treat yourself now. Instant decision."
ad_1115,Zip,18-24,3527,2912.18,Unlock your purchasing power.,Don't let tight budgets hold you back. Flexible payment options available now!
ad_1116,Sezzle,18-24,1551,3520.66,Unlock your purchasing power.,Don't let tight budgets hold you back. Flexible payment options available now! No credit impact! Treat yourself now. Instant decision.
ad_1117,Affirm,18-24,3166,4978.44,"Get it now, pay over time.","Why wait until payday? Get the things you want now and split your payments. It's fast, easy, and risk-free."
ad_1118,Klarna,25-34,17129,2951.87,Don't wait! Buy today and pay later.,"Shop your favorite brands and pay over 6 weeks. No interest, no hard credit check. No credit impact! Treat yourself now. Instant decision."
ad_1119,Klarna,25-34,2016,1266.8,Zero interest when you pay in 4.,Don't let tight budgets hold you back. Flexible payment options available now!
ad_1120,PayPal Pay Later,25-34,6282,3203.58,Split your purchase into 4 easy payments.,"Shop your favorite brands and pay over 6 weeks. No interest, no hard credit check."
ad_1121,Klarna,25-34,2914,2262.03,Unlock your purchasing power.,"Manage your cash flow better. Buy the essentials today and pay in small, manageable installments."
ad_1122,Klarna,18-24,6114,3566.59,"Get it now, pay over time.","Manage your cash flow better. Buy the essentials today and pay in small, manageable installments."
ad_1123,PayPal Pay Later,18-24,2545,189.73,Split your purchase into 4 easy payments.,Don't let tight budgets hold you back. Flexible payment options available now! No credit impact! Treat yourself now. Instant decision.
ad_1124,Klarna,25-34,507,4812.95,Split your purchase into 4 easy payments.,"Manage your cash flow better. Buy the essentials today and pay in small, manageable installments. No credit impact! Treat yourself now. Instant decision."
ad_1125,Klarna,25-34,1568,3895.27,Split your purchase into 4 easy payments.,Instant approval! Just select our payment option at checkout. No credit impact! Treat yourself now. Instant decision.
ad_1126,Sezzle,45-54,2365,1279.02,Split your purchase into 4 easy payments.,Don't let tight budgets hold you back. Flexible payment options available now!
ad_1127,Zip,65+,1675,4012.65,Unlock your purchasing power.,"Manage your cash flow better. Buy the essentials today and pay in small, manageable installments."
ad_1128,PayPal Pay Later,18-24,1339,3526.91,Split your purchase into 4 easy payments.,"Shop your favorite brands and pay over 6 weeks. No interest, no hard credit check. No credit impact! Treat yourself now. Instant decision."
ad_1129,Affirm,25-34,2275,4135.93,"Get it now, pay over time.","We help you buy what you want, when you want it. Download the app today. No credit impact! Treat yourself now. Instant decision."
ad_1130,Afterpay,25-34,4070,4500.17,Zero interest when you pay in 4.,"We help you buy what you want, when you want it. Download the app today."
ad_1131,Klarna,18-24,1229,4228.72,Split your purchase into 4 easy payments.,Don't let tight budgets hold you back. Flexible payment options available now! No credit impact! Treat yourself now. Instant decision.
ad_1132,Zip,25-34,4866,1044.51,Zero interest when you pay in 4.,Don't let tight budgets hold you back. Flexible payment options available now! No credit impact! Treat yourself now. Instant decision.
ad_1133,Sezzle,18-24,5154,4763.69,Split your purchase into 4 easy payments.,"Manage your cash flow better. Buy the essentials today and pay in small, manageable installments. No credit impact! Treat yourself now. Instant decision."
ad_1134,Klarna,18-24,3750,2705.53,Split your purchase into 4 easy payments.,"Why wait until payday? Get the things you want now and split your payments. It's fast, easy, and risk-free."
ad_1135,Affirm,25-34,2842,121.15,"Get it now, pay over time.","We help you buy what you want, when you want it. Download the app today. No credit impact! Treat yourself now. Instant decision."
ad_1136,Sezzle,18-24,7017,3353.29,"Buy Now, Pay Later with no hidden fees!","Shop your favorite brands and pay over 6 weeks. No interest, no hard credit check. No credit impact! Treat yourself now. Instant decision."
ad_1137,Klarna,35-44,5297,2452.19,"Buy Now, Pay Later with no hidden fees!","Manage your cash flow better. Buy the essentials today and pay in small, manageable installments. Smart budgeting for your family. No interest fees."
ad_1138,Klarna,25-34,2082,3058.5,"Buy Now, Pay Later with no hidden fees!","Manage your cash flow better. Buy the essentials today and pay in small, manageable installments. No credit impact! Treat yourself now. Instant decision."
ad_1139,Afterpay,25-34,4673,410.85,Zero interest when you pay in 4.,"We help you buy what you want, when you want it. Download the app today. No credit impact! Treat yourself now. Instant decision."
ad_1140,Klarna,35-44,134,3779.7,"Get it now, pay over time.",Instant approval! Just select our payment option at checkout.
ad_1141,Zip,35-44,3390,1340.34,Unlock your purchasing power.,"We help you buy what you want, when you want it. Download the app today. Smart budgeting for your family. No interest fees."
ad_1142,Affirm,45-54,5349,688.07,"Get it now, pay over time.","Shop your favorite brands and pay over 6 weeks. No interest, no hard credit check. Smart budgeting for your family. No interest fees."
ad_1143,Sezzle,55-64,2058,4519.2,Don't wait! Buy today and pay later.,"Why wait until payday? Get the things you want now and split your payments. It's fast, easy, and risk-free. Smart budgeting for your family. No interest fees."
ad_1144,Sezzle,18-24,5836,677.67,Don't wait! Buy today and pay later.,"Shop your favorite brands and pay over 6 weeks. No interest, no hard credit check. No credit impact! Treat yourself now. Instant decision."
ad_1145,Sezzle,18-24,4377,2166.33,"Get it now, pay over time.","Shop your favorite brands and pay over 6 weeks. No interest, no hard credit check."
ad_1146,Sezzle,35-44,3026,4082.39,"Buy Now, Pay Later with no hidden fees!","Why wait until payday? Get the things you want now and split your payments. It's fast, easy, and risk-free."
ad_1147,Afterpay,55-64,1124,2701.66,Don't wait! Buy today and pay later.,Don't let tight budgets hold you back. Flexible payment options available now!
ad_1148,Afterpay,35-44,8806,1726.13,"Buy Now, Pay Later with no hidden fees!","Shop your favorite brands and pay over 6 weeks. No interest, no hard credit check. Smart budgeting for your family. No interest fees."
ad_1149,Klarna,18-24,1696,2485.04,"Buy Now, Pay Later with no hidden fees!","Manage your cash flow better. Buy the essentials today and pay in small, manageable installments. No credit impact! Treat yourself now. Instant decision."
ad_1150,Afterpay,45-54,5624,2809.33,"Get it now, pay over time.","Shop your favorite brands and pay over 6 weeks. No interest, no hard credit check. Smart budgeting for your family. No interest fees."
ad_1151,Sezzle,18-24,32583,3903.22,Unlock your purchasing power.,"We help you buy what you want, when you want it. Download the app today. No credit impact! Treat yourself now. Instant decision."
ad_1152,PayPal Pay Later,18-24,2830,2743.34,Zero interest when you pay in 4.,Instant approval! Just select our payment option at checkout. No credit impact! Treat yourself now. Instant decision.
ad_1153,Afterpay,25-34,2601,4829.31,Don't wait! Buy today and pay later.,"Why wait until payday? Get the things you want now and split your payments. It's fast, easy, and risk-free. No credit impact! Treat yourself now. Instant decision."
ad_1154,Klarna,25-34,7731,429.28,Unlock your purchasing power.,"We help you buy what you want, when you want it. Download the app today. No credit impact! Treat yourself now. Instant decision."
ad_1155,PayPal Pay Later,25-34,1182,3890.53,"Buy Now, Pay Later with no hidden fees!","Why wait until payday? Get the things you want now and split your payments. It's fast, easy, and risk-free. No credit impact! Treat yourself now. Instant decision."
ad_1156,Sezzle,18-24,2089,4378.27,Zero interest when you pay in 4.,"Shop your favorite brands and pay over 6 weeks. No interest, no hard credit check. No credit impact! Treat yourself now. Instant decision."
ad_1157,Afterpay,45-54,4513,676.85,"Buy Now, Pay Later with no hidden fees!",Don't let tight budgets hold you back. Flexible payment options available now! Smart budgeting for your family. No interest fees.
ad_1158,Zip,18-24,2799,4620.27,"Get it now, pay over time.",Don't let tight budgets hold you back. Flexible payment options available now!
ad_1159,Affirm,45-54,3794,2493.04,Split your purchase into 4 easy payments.,Instant approval! Just select our payment option at checkout. Smart budgeting for your family. No interest fees.
ad_1160,PayPal Pay Later,25-34,5366,2573.14,Split your purchase into 4 easy payments.,Instant approval! Just select our payment option at checkout. No credit impact! Treat yourself now. Instant decision.
ad_1161,Afterpay,18-24,5539,3793.73,"Get it now, pay over time.","Manage your cash flow better. Buy the essentials today and pay in small, manageable installments. No credit impact! Treat yourself now. Instant decision."
ad_1162,Affirm,18-24,13488,3511.95,Zero interest when you pay in 4.,"Manage your cash flow better. Buy the essentials today and pay in small, manageable installments. No credit impact! Treat yourself now. Instant decision."
ad_1163,Affirm,25-34,11108,2383.04,"Get it now, pay over time.","Manage your cash flow better. Buy the essentials today and pay in small, manageable installments. No credit impact! Treat yourself now. Instant decision."
ad_1164,Sezzle,18-24,2104,185.98,"Get it now, pay over time.","Manage your cash flow better. Buy the essentials today and pay in small, manageable installments. No credit impact! Treat yourself now. Instant decision."
ad_1165,Klarna,55-64,3717,2919.87,Don't wait! Buy today and pay later.,"Manage your cash flow better. Buy the essentials today and pay in small, manageable installments. Smart budgeting for your family. No interest fees."
ad_1166,Sezzle,25-34,22479,1054.22,"Get it now, pay over time.","Manage your cash flow better. Buy the essentials today and pay in small, manageable installments. No credit impact! Treat yourself now. Instant decision."
ad_1167,Afterpay,25-34,3165,2492.73,Don't wait! Buy today and pay later.,Instant approval! Just select our payment option at checkout. No credit impact! Treat yourself now. Instant decision.
ad_1168,Affirm,25-34,726,2854.26,Unlock your purchasing power.,"Shop your favorite brands and pay over 6 weeks. No interest, no hard credit check. No credit impact! Treat yourself now. Instant decision."
ad_1169,Affirm,18-24,2347,3147.91,"Buy Now, Pay Later with no hidden fees!","Manage your cash flow better. Buy the essentials today and pay in small, manageable installments. No credit impact! Treat yourself now. Instant decision."
ad_1170,Affirm,45-54,471,3629.13,Unlock your purchasing power.,"Why wait until payday? Get the things you want now and split your payments. It's fast, easy, and risk-free. Smart budgeting for your family. No interest fees."
ad_1171,PayPal Pay Later,65+,6539,158.81,"Buy Now, Pay Later with no hidden fees!",Don't let tight budgets hold you back. Flexible payment options available now! Smart budgeting for your family. No interest fees.
ad_1172,PayPal Pay Later,18-24,8052,3924.59,Split your purchase into 4 easy payments.,Don't let tight budgets hold you back. Flexible payment options available now! No credit impact! Treat yourself now. Instant decision.
ad_1173,PayPal Pay Later,18-24,11777,4607.11,Don't wait! Buy today and pay later.,"Why wait until payday? Get the things you want now and split your payments. It's fast, easy, and risk-free. No credit impact! Treat yourself now. Instant decision."
ad_1174,Afterpay,18-24,1377,4604.2,Zero interest when you pay in 4.,"Shop your favorite brands and pay over 6 weeks. No interest, no hard credit check. No credit impact! Treat yourself now. Instant decision."
ad_1175,Afterpay,35-44,14906,4636.99,Split your purchase into 4 easy payments.,"Shop your favorite brands and pay over 6 weeks. No interest, no hard credit check."
ad_1176,PayPal Pay Later,25-34,2965,660.43,Don't wait! Buy today and pay later.,"Manage your cash flow better. Buy the essentials today and pay in small, manageable installments. No credit impact! Treat yourself now. Instant decision."
ad_1177,Zip,35-44,1544,4025.69,Zero interest when you pay in 4.,"Shop your favorite brands and pay over 6 weeks. No interest, no hard credit check. Smart budgeting for your family. No interest fees."
ad_1178,Klarna,35-44,922,4056.38,Don't wait! Buy today and pay later.,Don't let tight budgets hold you back. Flexible payment options available now!
ad_1179,Sezzle,18-24,526,4930.37,"Get it now, pay over time.",Instant approval! Just select our payment option at checkout. No credit impact! Treat yourself now. Instant decision.
ad_1180,Klarna,25-34,3336,913.77,"Get it now, pay over time.","Shop your favorite brands and pay over 6 weeks. No interest, no hard credit check."
ad_1181,Zip,18-24,7020,1803.06,Split your purchase into 4 easy payments.,"We help you buy what you want, when you want it. Download the app today."
ad_1182,PayPal Pay Later,18-24,2987,2105.02,"Buy Now, Pay Later with no hidden fees!","We help you buy what you want, when you want it. Download the app today. No credit impact! Treat yourself now. Instant decision."
ad_1183,Affirm,18-24,17436,502.56,"Buy Now, Pay Later with no hidden fees!","Manage your cash flow better. Buy the essentials today and pay in small, manageable installments."
ad_1184,Afterpay,18-24,8924,3116.93,Unlock your purchasing power.,"Manage your cash flow better. Buy the essentials today and pay in small, manageable installments. No credit impact! Treat yourself now. Instant decision."
ad_1185,PayPal Pay Later,18-24,333,646.39,Zero interest when you pay in 4.,Don't let tight budgets hold you back. Flexible payment options available now! No credit impact! Treat yourself now. Instant decision.
ad_1186,Afterpay,18-24,7443,301.72,Zero interest when you pay in 4.,"Manage your cash flow better. Buy the essentials today and pay in small, manageable installments."
ad_1187,Afterpay,18-24,2734,3209.21,Zero interest when you pay in 4.,"Shop your favorite brands and pay over 6 weeks. No interest, no hard credit check."
ad_1188,Klarna,25-34,10252,4809.98,Unlock your purchasing power.,Don't let tight budgets hold you back. Flexible payment options available now! No credit impact! Treat yourself now. Instant decision.
ad_1189,Zip,25-34,2505,4254.88,Unlock your purchasing power.,"Manage your cash flow better. Buy the essentials today and pay in small, manageable installments. No credit impact! Treat yourself now. Instant decision."
ad_1190,Afterpay,18-24,1089,751.01,"Buy Now, Pay Later with no hidden fees!",Don't let tight budgets hold you back. Flexible payment options available now!
ad_1191,Klarna,18-24,364,1549.58,Split your purchase into 4 easy payments.,"Shop your favorite brands and pay over 6 weeks. No interest, no hard credit check. No credit impact! Treat yourself now. Instant decision."
ad_1192,Sezzle,65+,1015,3376.66,Zero interest when you pay in 4.,"Shop your favorite brands and pay over 6 weeks. No interest, no hard credit check. Smart budgeting for your family. No interest fees."
ad_1193,PayPal Pay Later,18-24,8399,3530.84,Split your purchase into 4 easy payments.,"Manage your cash flow better. Buy the essentials today and pay in small, manageable installments. No credit impact! Treat yourself now. Instant decision."
ad_1194,Klarna,18-24,3532,116.89,"Get it now, pay over time.",Instant approval! Just select our payment option at checkout. No credit impact! Treat yourself now. Instant decision.
ad_1195,Klarna,45-54,51223,2445.06,Zero interest when you pay in 4.,"We help you buy what you want, when you want it. Download the app today."
ad_1196,Klarna,18-24,3917,1607.09,Unlock your purchasing power.,"Shop your favorite brands and pay over 6 weeks. No interest, no hard credit check. No credit impact! Treat yourself now. Instant decision."
ad_1197,PayPal Pay Later,25-34,774,2572.07,"Buy Now, Pay Later with no hidden fees!",Instant approval! Just select our payment option at checkout.
ad_1198,Klarna,25-34,20372,1611.31,Split your purchase into 4 easy payments.,Instant approval! Just select our payment option at checkout.
ad_1199,Affirm,18-24,1545,235.95,Split your purchase into 4 easy payments.,Don't let tight budgets hold you back. Flexible payment options available now! No credit impact! Treat yourself now. Instant decision.
ad_1200,PayPal Pay Later,18-24,1264,672.24,"Buy Now, Pay Later with no hidden fees!",Don't let tight budgets hold you back. Flexible payment options available now!
ad_1201,Zip,45-54,2525,3340.85,Split your purchase into 4 easy payments.,"We help you buy what you want, when you want it. Download the app today. Smart budgeting for your family. No interest fees."
ad_1202,Zip,25-34,2183,411.77,Zero interest when you pay in 4.,"We help you buy what you want, when you want it. Download the app today. No credit impact! Treat yourself now. Instant decision."
ad_1203,Afterpay,25-34,10176,1377.84,Split your purchase into 4 easy payments.,Instant approval! Just select our payment option at checkout. No credit impact! Treat yourself now. Instant decision.
ad_1204,Afterpay,25-34,363,4727.83,Don't wait! Buy today and pay later.,"Why wait until payday? Get the things you want now and split your payments. It's fast, easy, and risk-free. No credit impact! Treat yourself now. Instant decision."
ad_1205,Zip,18-24,22975,2375.53,Unlock your purchasing power.,"Shop your favorite brands and pay over 6 weeks. No interest, no hard credit check. No credit impact! Treat yourself now. Instant decision."
ad_1206,Zip,35-44,3169,347.54,"Get it now, pay over time.",Instant approval! Just select our payment option at checkout. Smart budgeting for your family. No interest fees.
ad_1207,Sezzle,18-24,29916,4680.84,Zero interest when you pay in 4.,"Manage your cash flow better. Buy the essentials today and pay in small, manageable installments. No credit impact! Treat yourself now. Instant decision."
ad_1208,Klarna,18-24,6191,4840.93,Split your purchase into 4 easy payments.,Don't let tight budgets hold you back. Flexible payment options available now! No credit impact! Treat yourself now. Instant decision.
ad_1209,Sezzle,18-24,5107,3466.35,Split your purchase into 4 easy payments.,"Manage your cash flow better. Buy the essentials today and pay in small, manageable installments. No credit impact! Treat yourself now. Instant decision."
ad_1210,PayPal Pay Later,25-34,2286,3261.24,Don't wait! Buy today and pay later.,"Manage your cash flow better. Buy the essentials today and pay in small, manageable installments. No credit impact! Treat yourself now. Instant decision."
ad_1211,Klarna,25-34,9974,4953.68,Zero interest when you pay in 4.,Don't let tight budgets hold you back. Flexible payment options available now! No credit impact! Treat yourself now. Instant decision.
ad_1212,Afterpay,18-24,9153,3436.83,Split your purchase into 4 easy payments.,Don't let tight budgets hold you back. Flexible payment options available now!
ad_1213,Sezzle,25-34,2473,4803.08,Split your purchase into 4 easy payments.,Don't let tight budgets hold you back. Flexible payment options available now! No credit impact! Treat yourself now. Instant decision.
ad_1214,PayPal Pay Later,25-34,7631,2010.47,"Buy Now, Pay Later with no hidden fees!","Shop your favorite brands and pay over 6 weeks. No interest, no hard credit check."
ad_1215,Zip,35-44,2019,3689.49,Zero interest when you pay in 4.,"Shop your favorite brands and pay over 6 weeks. No interest, no hard credit check."
ad_1216,Zip,25-34,916,4740.45,"Buy Now, Pay Later with no hidden fees!",Don't let tight budgets hold you back. Flexible payment options available now!
ad_1217,Affirm,18-24,2393,3687.07,"Get it now, pay over time.","Why wait until payday? Get the things you want now and split your payments. It's fast, easy, and risk-free. No credit impact! Treat yourself now. Instant decision."
ad_1218,Zip,18-24,13985,1924.44,"Get it now, pay over time.","Manage your cash flow better. Buy the essentials today and pay in small, manageable installments. No credit impact! Treat yourself now. Instant decision."
ad_1219,Sezzle,25-34,8942,1380.86,Split your purchase into 4 easy payments.,Instant approval! Just select our payment option at checkout. No credit impact! Treat yourself now. Instant decision.
ad_1220,Afterpay,18-24,985,1476.41,Don't wait! Buy today and pay later.,"Shop your favorite brands and pay over 6 weeks. No interest, no hard credit check. No credit impact! Treat yourself now. Instant decision."
ad_1221,Affirm,65+,21222,2180.2,Zero interest when you pay in 4.,Don't let tight budgets hold you back. Flexible payment options available now!
ad_1222,PayPal Pay Later,25-34,1808,1769.08,Don't wait! Buy today and pay later.,Instant approval! Just select our payment option at checkout. No credit impact! Treat yourself now. Instant decision.
ad_1223,PayPal Pay Later,55-64,2690,1376.83,Don't wait! Buy today and pay later.,"Shop your favorite brands and pay over 6 weeks. No interest, no hard credit check. Smart budgeting for your family. No interest fees."
ad_1224,Sezzle,25-34,6039,4128.29,Zero interest when you pay in 4.,Don't let tight budgets hold you back. Flexible payment options available now!
ad_1225,Afterpay,25-34,9805,3267.26,Don't wait! Buy today and pay later.,"We help you buy what you want, when you want it. Download the app today. No credit impact! Treat yourself now. Instant decision."
ad_1226,Klarna,18-24,1018,2982.84,"Get it now, pay over time.","We help you buy what you want, when you want it. Download the app today."
ad_1227,Afterpay,25-34,3232,4853.67,"Get it now, pay over time.",Instant approval! Just select our payment option at checkout.
ad_1228,Afterpay,25-34,6304,1529.68,Zero interest when you pay in 4.,"Why wait until payday? Get the things you want now and split your payments. It's fast, easy, and risk-free. No credit impact! Treat yourself now. Instant decision."
ad_1229,Klarna,55-64,14035,696.64,"Buy Now, Pay Later with no hidden fees!","Shop your favorite brands and pay over 6 weeks. No interest, no hard credit check."
ad_1230,Klarna,55-64,3608,4213.48,"Buy Now, Pay Later with no hidden fees!",Instant approval! Just select our payment option at checkout.
ad_1231,Afterpay,35-44,3110,3868.79,"Buy Now, Pay Later with no hidden fees!","We help you buy what you want, when you want it. Download the app today."
ad_1232,Afterpay,25-34,4414,2566.97,Zero interest when you pay in 4.,"We help you buy what you want, when you want it. Download the app today. No credit impact! Treat yourself now. Instant decision."
ad_1233,Affirm,18-24,4691,2708.56,"Get it now, pay over time.",Instant approval! Just select our payment option at checkout.
ad_1234,Afterpay,25-34,3257,4543.37,Unlock your purchasing power.,Instant approval! Just select our payment option at checkout. No credit impact! Treat yourself now. Instant decision.
ad_1235,Zip,35-44,3757,1858.57,Unlock your purchasing power.,"We help you buy what you want, when you want it. Download the app today. Smart budgeting for your family. No interest fees."
ad_1236,Affirm,18-24,2122,1141.17,"Buy Now, Pay Later with no hidden fees!","Manage your cash flow better. Buy the essentials today and pay in small, manageable installments. No credit impact! Treat yourself now. Instant decision."
ad_1237,PayPal Pay Later,25-34,1407,353.65,"Get it now, pay over time.","Manage your cash flow better. Buy the essentials today and pay in small, manageable installments. No credit impact! Treat yourself now. Instant decision."
ad_1238,Zip,18-24,2866,476.27,"Buy Now, Pay Later with no hidden fees!","Manage your cash flow better. Buy the essentials today and pay in small, manageable installments. No credit impact! Treat yourself now. Instant decision."
ad_1239,PayPal Pay Later,18-24,515,2238.23,"Buy Now, Pay Later with no hidden fees!","Why wait until payday? Get the things you want now and split your payments. It's fast, easy, and risk-free. No credit impact! Treat yourself now. Instant decision."
ad_1240,Sezzle,25-34,1065,178.19,Split your purchase into 4 easy payments.,"Why wait until payday? Get the things you want now and split your payments. It's fast, easy, and risk-free. No credit impact! Treat yourself now. Instant decision."
ad_1241,PayPal Pay Later,35-44,1242,4778.12,Unlock your purchasing power.,"Why wait until payday? Get the things you want now and split your payments. It's fast, easy, and risk-free."
ad_1242,PayPal Pay Later,25-34,15894,990.17,Zero interest when you pay in 4.,Instant approval! Just select our payment option at checkout. No credit impact! Treat yourself now. Instant decision.
ad_1243,Sezzle,25-34,1192,1962.99,"Buy Now, Pay Later with no hidden fees!","Shop your favorite brands and pay over 6 weeks. No interest, no hard credit check. No credit impact! Treat yourself now. Instant decision."
ad_1244,Zip,25-34,4640,4875.11,Zero interest when you pay in 4.,Instant approval! Just select our payment option at checkout. No credit impact! Treat yourself now. Instant decision.
ad_1245,Sezzle,18-24,1023,2866.16,"Buy Now, Pay Later with no hidden fees!","Manage your cash flow better. Buy the essentials today and pay in small, manageable installments."
ad_1246,Klarna,45-54,2996,2216.35,"Buy Now, Pay Later with no hidden fees!","Manage your cash flow better. Buy the essentials today and pay in small, manageable installments. Smart budgeting for your family. No interest fees."
ad_1247,Sezzle,18-24,8766,995.76,Split your purchase into 4 easy payments.,"Why wait until payday? Get the things you want now and split your payments. It's fast, easy, and risk-free."
ad_1248,PayPal Pay Later,18-24,8345,3757.55,Zero interest when you pay in 4.,Instant approval! Just select our payment option at checkout.
ad_1249,Zip,35-44,2128,4514.45,"Buy Now, Pay Later with no hidden fees!","We help you buy what you want, when you want it. Download the app today."
ad_1250,Klarna,55-64,3306,2399.87,"Get it now, pay over time.","Manage your cash flow better. Buy the essentials today and pay in small, manageable installments."
ad_1251,Zip,25-34,678,4686.02,Split your purchase into 4 easy payments.,"Manage your cash flow better. Buy the essentials today and pay in small, manageable installments. No credit impact! Treat yourself now. Instant decision."
ad_1252,Affirm,25-34,3509,2675.6,"Buy Now, Pay Later with no hidden fees!","Why wait until payday? Get the things you want now and split your payments. It's fast, easy, and risk-free. No credit impact! Treat yourself now. Instant decision."
ad_1253,Sezzle,25-34,1962,1044.34,Zero interest when you pay in 4.,"We help you buy what you want, when you want it. Download the app today."
ad_1254,PayPal Pay Later,25-34,11167,899.81,Don't wait! Buy today and pay later.,Don't let tight budgets hold you back. Flexible payment options available now!
ad_1255,Afterpay,18-24,3531,3729.31,Split your purchase into 4 easy payments.,Instant approval! Just select our payment option at checkout. No credit impact! Treat yourself now. Instant decision.
ad_1256,Zip,25-34,2761,3067.96,Unlock your purchasing power.,"Why wait until payday? Get the things you want now and split your payments. It's fast, easy, and risk-free."
ad_1257,Affirm,25-34,1400,3793.96,Split your purchase into 4 easy payments.,"Manage your cash flow better. Buy the essentials today and pay in small, manageable installments. No credit impact! Treat yourself now. Instant decision."
ad_1258,PayPal Pay Later,45-54,1636,4498.05,"Get it now, pay over time.",Don't let tight budgets hold you back. Flexible payment options available now! Smart budgeting for your family. No interest fees.
ad_1259,Klarna,45-54,627,489.43,"Get it now, pay over time.","Shop your favorite brands and pay over 6 weeks. No interest, no hard credit check. Smart budgeting for your family. No interest fees."
ad_1260,Zip,25-34,19653,2629.81,Zero interest when you pay in 4.,Don't let tight budgets hold you back. Flexible payment options available now! No credit impact! Treat yourself now. Instant decision.
ad_1261,Affirm,25-34,622,2820.6,"Buy Now, Pay Later with no hidden fees!","Manage your cash flow better. Buy the essentials today and pay in small, manageable installments. No credit impact! Treat yourself now. Instant decision."
ad_1262,Affirm,18-24,1564,410.58,Don't wait! Buy today and pay later.,Don't let tight budgets hold you back. Flexible payment options available now! No credit impact! Treat yourself now. Instant decision.
ad_1263,Zip,18-24,7962,695.07,"Buy Now, Pay Later with no hidden fees!",Don't let tight budgets hold you back. Flexible payment options available now!
ad_1264,Zip,18-24,4277,1303.35,"Get it now, pay over time.","Shop your favorite brands and pay over 6 weeks. No interest, no hard credit check. No credit impact! Treat yourself now. Instant decision."
ad_1265,PayPal Pay Later,25-34,7848,1204.28,Split your purchase into 4 easy payments.,"Manage your cash flow better. Buy the essentials today and pay in small, manageable installments."
ad_1266,Afterpay,25-34,268,1522.1,Unlock your purchasing power.,"Manage your cash flow better. Buy the essentials today and pay in small, manageable installments. No credit impact! Treat yourself now. Instant decision."
ad_1267,Afterpay,18-24,6110,3961.15,Zero interest when you pay in 4.,Instant approval! Just select our payment option at checkout. No credit impact! Treat yourself now. Instant decision.
ad_1268,Affirm,35-44,15044,3326.21,Unlock your purchasing power.,"Shop your favorite brands and pay over 6 weeks. No interest, no hard credit check. Smart budgeting for your family. No interest fees."
ad_1269,Affirm,18-24,4518,2877.5,Don't wait! Buy today and pay later.,"Manage your cash flow better. Buy the essentials today and pay in small, manageable installments. No credit impact! Treat yourself now. Instant decision."
ad_1270,Klarna,25-34,4312,1372.47,Split your purchase into 4 easy payments.,Instant approval! Just select our payment option at checkout. No credit impact! Treat yourself now. Instant decision.
ad_1271,Zip,45-54,4603,537.81,"Buy Now, Pay Later with no hidden fees!",Don't let tight budgets hold you back. Flexible payment options available now!
ad_1272,Affirm,35-44,2304,492.23,Zero interest when you pay in 4.,"We help you buy what you want, when you want it. Download the app today. Smart budgeting for your family. No interest fees."
ad_1273,Klarna,45-54,8796,4449.83,Zero interest when you pay in 4.,"We help you buy what you want, when you want it. Download the app today. Smart budgeting for your family. No interest fees."
ad_1274,Sezzle,25-34,2298,494.02,"Buy Now, Pay Later with no hidden fees!","Shop your favorite brands and pay over 6 weeks. No interest, no hard credit check. No credit impact! Treat yourself now. Instant decision."
ad_1275,PayPal Pay Later,25-34,1546,70.33,Split your purchase into 4 easy payments.,"Why wait until payday? Get the things you want now and split your payments. It's fast, easy, and risk-free. No credit impact! Treat yourself now. Instant decision."
ad_1276,Affirm,18-24,3726,4721.68,"Get it now, pay over time.","We help you buy what you want, when you want it. Download the app today. No credit impact! Treat yourself now. Instant decision."
ad_1277,Afterpay,25-34,899,757.09,"Get it now, pay over time.","Manage your cash flow better. Buy the essentials today and pay in small, manageable installments. No credit impact! Treat yourself now. Instant decision."
ad_1278,Klarna,25-34,2775,4973.09,Unlock your purchasing power.,"Why wait until payday? Get the things you want now and split your payments. It's fast, easy, and risk-free."
ad_1279,Zip,25-34,9242,4998.77,Unlock your purchasing power.,"Why wait until payday? Get the things you want now and split your payments. It's fast, easy, and risk-free. No credit impact! Treat yourself now. Instant decision."
ad_1280,Affirm,25-34,1739,57.07,"Buy Now, Pay Later with no hidden fees!","Manage your cash flow better. Buy the essentials today and pay in small, manageable installments. No credit impact! Treat yourself now. Instant decision."
ad_1281,Klarna,18-24,2310,4580.08,"Buy Now, Pay Later with no hidden fees!",Instant approval! Just select our payment option at checkout. No credit impact! Treat yourself now. Instant decision.
ad_1282,Sezzle,18-24,2214,1461.67,"Buy Now, Pay Later with no hidden fees!",Don't let tight budgets hold you back. Flexible payment options available now! No credit impact! Treat yourself now. Instant decision.
ad_1283,Sezzle,25-34,2206,2624.57,Unlock your purchasing power.,"Shop your favorite brands and pay over 6 weeks. No interest, no hard credit check. No credit impact! Treat yourself now. Instant decision."
ad_1284,Zip,18-24,4173,865.42,Split your purchase into 4 easy payments.,Don't let tight budgets hold you back. Flexible payment options available now!
ad_1285,Affirm,18-24,7442,1597.93,"Get it now, pay over time.","Shop your favorite brands and pay over 6 weeks. No interest, no hard credit check. No credit impact! Treat yourself now. Instant decision."
ad_1286,Affirm,25-34,25928,1408.34,Don't wait! Buy today and pay later.,"Shop your favorite brands and pay over 6 weeks. No interest, no hard credit check."
ad_1287,Klarna,55-64,9363,4316.31,"Buy Now, Pay Later with no hidden fees!","Shop your favorite brands and pay over 6 weeks. No interest, no hard credit check."
ad_1288,Sezzle,18-24,986,1310.58,Unlock your purchasing power.,"Manage your cash flow better. Buy the essentials today and pay in small, manageable installments. No credit impact! Treat yourself now. Instant decision."
ad_1289,Klarna,25-34,7093,332.64,Split your purchase into 4 easy payments.,Instant approval! Just select our payment option at checkout. No credit impact! Treat yourself now. Instant decision.
ad_1290,Affirm,18-24,12867,4099.62,"Buy Now, Pay Later with no hidden fees!","Shop your favorite brands and pay over 6 weeks. No interest, no hard credit check. No credit impact! Treat yourself now. Instant decision."
ad_1291,Sezzle,25-34,3567,939.3,Zero interest when you pay in 4.,Don't let tight budgets hold you back. Flexible payment options available now! No credit impact! Treat yourself now. Instant decision.
ad_1292,Klarna,25-34,3100,320.84,Don't wait! Buy today and pay later.,Don't let tight budgets hold you back. Flexible payment options available now!
ad_1293,Affirm,45-54,12006,3563.44,Don't wait! Buy today and pay later.,"Shop your favorite brands and pay over 6 weeks. No interest, no hard credit check."
ad_1294,Affirm,65+,1764,1107.01,Don't wait! Buy today and pay later.,"Why wait until payday? Get the things you want now and split your payments. It's fast, easy, and risk-free. Smart budgeting for your family. No interest fees."
ad_1295,Sezzle,18-24,5109,4272.07,Unlock your purchasing power.,Instant approval! Just select our payment option at checkout. No credit impact! Treat yourself now. Instant decision.
ad_1296,Affirm,45-54,1998,3114.65,Unlock your purchasing power.,"Manage your cash flow better. Buy the essentials today and pay in small, manageable installments."
ad_1297,Zip,25-34,1064,2977.19,"Get it now, pay over time.","Shop your favorite brands and pay over 6 weeks. No interest, no hard credit check. No credit impact! Treat yourself now. Instant decision."
ad_1298,Affirm,18-24,787,3015.1,Zero interest when you pay in 4.,Instant approval! Just select our payment option at checkout. No credit impact! Treat yourself now. Instant decision.
ad_1299,Affirm,25-34,337,1961.19,Split your purchase into 4 easy payments.,"We help you buy what you want, when you want it. Download the app today."
ad_1300,Afterpay,18-24,8884,1412.19,Split your purchase into 4 easy payments.,"Shop your favorite brands and pay over 6 weeks. No interest, no hard credit check."
ad_1301,PayPal Pay Later,45-54,680,4082.1,"Get it now, pay over time.","Why wait until payday? Get the things you want now and split your payments. It's fast, easy, and risk-free."
ad_1302,Zip,18-24,908,2911.46,Don't wait! Buy today and pay later.,"We help you buy what you want, when you want it. Download the app today."
ad_1303,Afterpay,25-34,2003,3677.55,Zero interest when you pay in 4.,"Shop your favorite brands and pay over 6 weeks. No interest, no hard credit check."
ad_1304,Afterpay,25-34,1760,3855.38,Don't wait! Buy today and pay later.,"We help you buy what you want, when you want it. Download the app today. No credit impact! Treat yourself now. Instant decision."
ad_1305,Klarna,18-24,1765,421.86,Don't wait! Buy today and pay later.,"Manage your cash flow better. Buy the essentials today and pay in small, manageable installments. No credit impact! Treat yourself now. Instant decision."
ad_1306,PayPal Pay Later,55-64,1119,2574.43,Unlock your purchasing power.,"Why wait until payday? Get the things you want now and split your payments. It's fast, easy, and risk-free."
ad_1307,Afterpay,25-34,2005,4182.75,Zero interest when you pay in 4.,"Shop your favorite brands and pay over 6 weeks. No interest, no hard credit check. No credit impact! Treat yourself now. Instant decision."
ad_1308,Klarna,45-54,1378,1187.1,Split your purchase into 4 easy payments.,Instant approval! Just select our payment option at checkout. Smart budgeting for your family. No interest fees.
ad_1309,Afterpay,18-24,505,309.12,"Buy Now, Pay Later with no hidden fees!",Instant approval! Just select our payment option at checkout. No credit impact! Treat yourself now. Instant decision.
ad_1310,Klarna,35-44,6568,394.97,Split your purchase into 4 easy payments.,Instant approval! Just select our payment option at checkout. Smart budgeting for your family. No interest fees.
ad_1311,Afterpay,25-34,2343,1929.02,Don't wait! Buy today and pay later.,Instant approval! Just select our payment option at checkout. No credit impact! Treat yourself now. Instant decision.
ad_1312,Afterpay,25-34,2499,4260.03,Don't wait! Buy today and pay later.,Instant approval! Just select our payment option at checkout.
ad_1313,Afterpay,18-24,3628,2045.04,Don't wait! Buy today and pay later.,"Why wait until payday? Get the things you want now and split your payments. It's fast, easy, and risk-free. No credit impact! Treat yourself now. Instant decision."
ad_1314,Sezzle,25-34,4375,2582.37,"Get it now, pay over time.","Manage your cash flow better. Buy the essentials today and pay in small, manageable installments. No credit impact! Treat yourself now. Instant decision."
ad_1315,Afterpay,25-34,7342,294.28,Don't wait! Buy today and pay later.,"We help you buy what you want, when you want it. Download the app today. No credit impact! Treat yourself now. Instant decision."
ad_1316,Affirm,25-34,7763,4342.4,Unlock your purchasing power.,Instant approval! Just select our payment option at checkout. No credit impact! Treat yourself now. Instant decision.
ad_1317,Klarna,35-44,1664,725.69,Unlock your purchasing power.,Don't let tight budgets hold you back. Flexible payment options available now!
ad_1318,Afterpay,65+,1529,4546.41,Don't wait! Buy today and pay later.,"Manage your cash flow better. Buy the essentials today and pay in small, manageable installments. Smart budgeting for your family. No interest fees."
ad_1319,Sezzle,35-44,6339,1831.13,Split your purchase into 4 easy payments.,"We help you buy what you want, when you want it. Download the app today."
ad_1320,Klarna,25-34,3106,2028.61,Split your purchase into 4 easy payments.,Instant approval! Just select our payment option at checkout.
ad_1321,Affirm,18-24,5420,676.0,Zero interest when you pay in 4.,Don't let tight budgets hold you back. Flexible payment options available now!
ad_1322,Klarna,45-54,1166,424.37,Zero interest when you pay in 4.,Don't let tight budgets hold you back. Flexible payment options available now! Smart budgeting for your family. No interest fees.
ad_1323,Klarna,25-34,2422,2208.43,Zero interest when you pay in 4.,"Why wait until payday? Get the things you want now and split your payments. It's fast, easy, and risk-free. No credit impact! Treat yourself now. Instant decision."
ad_1324,Zip,35-44,6218,4183.04,"Get it now, pay over time.","Why wait until payday? Get the things you want now and split your payments. It's fast, easy, and risk-free."
ad_1325,Sezzle,25-34,3171,2379.99,Zero interest when you pay in 4.,"We help you buy what you want, when you want it. Download the app today. No credit impact! Treat yourself now. Instant decision."
ad_1326,Zip,35-44,11254,840.18,Don't wait! Buy today and pay later.,"Shop your favorite brands and pay over 6 weeks. No interest, no hard credit check. Smart budgeting for your family. No interest fees."
ad_1327,Klarna,25-34,1057,3543.51,"Buy Now, Pay Later with no hidden fees!","Manage your cash flow better. Buy the essentials today and pay in small, manageable installments. No credit impact! Treat yourself now. Instant decision."
ad_1328,Klarna,18-24,4937,1785.68,Unlock your purchasing power.,"Manage your cash flow better. Buy the essentials today and pay in small, manageable installments."
ad_1329,Sezzle,18-24,5577,3395.67,Unlock your purchasing power.,"Manage your cash flow better. Buy the essentials today and pay in small, manageable installments."
ad_1330,Klarna,35-44,1266,2546.1,Unlock your purchasing power.,"Why wait until payday? Get the things you want now and split your payments. It's fast, easy, and risk-free."
ad_1331,Sezzle,18-24,1617,1814.2,Don't wait! Buy today and pay later.,"Why wait until payday? Get the things you want now and split your payments. It's fast, easy, and risk-free. No credit impact! Treat yourself now. Instant decision."
ad_1332,PayPal Pay Later,25-34,6673,3517.25,Unlock your purchasing power.,"Manage your cash flow better. Buy the essentials today and pay in small, manageable installments. No credit impact! Treat yourself now. Instant decision."
ad_1333,Zip,65+,1944,1948.23,Don't wait! Buy today and pay later.,"Manage your cash flow better. Buy the essentials today and pay in small, manageable installments. Smart budgeting for your family. No interest fees."
ad_1334,Klarna,18-24,16142,2256.36,Don't wait! Buy today and pay later.,Don't let tight budgets hold you back. Flexible payment options available now! No credit impact! Treat yourself now. Instant decision.
ad_1335,Affirm,65+,15834,810.74,Don't wait! Buy today and pay later.,"Why wait until payday? Get the things you want now and split your payments. It's fast, easy, and risk-free. Smart budgeting for your family. No interest fees."
ad_1336,Zip,25-34,2033,4667.22,"Buy Now, Pay Later with no hidden fees!","Manage your cash flow better. Buy the essentials today and pay in small, manageable installments. No credit impact! Treat yourself now. Instant decision."
ad_1337,Zip,35-44,2994,3986.67,"Buy Now, Pay Later with no hidden fees!","Why wait until payday? Get the things you want now and split your payments. It's fast, easy, and risk-free. Smart budgeting for your family. No interest fees."
ad_1338,Afterpay,45-54,6443,2444.79,Zero interest when you pay in 4.,Don't let tight budgets hold you back. Flexible payment options available now!
ad_1339,Affirm,45-54,3130,2302.86,Zero interest when you pay in 4.,"Why wait until payday? Get the things you want now and split your payments. It's fast, easy, and risk-free. Smart budgeting for your family. No interest fees."
ad_1340,Affirm,45-54,3076,3401.61,Zero interest when you pay in 4.,"We help you buy what you want, when you want it. Download the app today."
ad_1341,Afterpay,18-24,5943,1249.35,"Get it now, pay over time.","Manage your cash flow better. Buy the essentials today and pay in small, manageable installments. No credit impact! Treat yourself now. Instant decision."
ad_1342,Klarna,18-24,5677,338.46,"Buy Now, Pay Later with no hidden fees!","Why wait until payday? Get the things you want now and split your payments. It's fast, easy, and risk-free."
ad_1343,Affirm,25-34,1657,1711.27,Don't wait! Buy today and pay later.,"We help you buy what you want, when you want it. Download the app today. No credit impact! Treat yourself now. Instant decision."
ad_1344,Zip,18-24,3244,2644.57,Zero interest when you pay in 4.,"Shop your favorite brands and pay over 6 weeks. No interest, no hard credit check."
ad_1345,Klarna,65+,1922,2435.83,Don't wait! Buy today and pay later.,"Why wait until payday? Get the things you want now and split your payments. It's fast, easy, and risk-free. Smart budgeting for your family. No interest fees."
ad_1346,Klarna,18-24,987,4199.85,Zero interest when you pay in 4.,"Why wait until payday? Get the things you want now and split your payments. It's fast, easy, and risk-free."
ad_1347,PayPal Pay Later,18-24,926,1046.93,Don't wait! Buy today and pay later.,"Shop your favorite brands and pay over 6 weeks. No interest, no hard credit check."
ad_1348,PayPal Pay Later,18-24,4847,2108.77,Zero interest when you pay in 4.,"We help you buy what you want, when you want it. Download the app today. No credit impact! Treat yourself now. Instant decision."
ad_1349,Afterpay,25-34,2153,996.82,Don't wait! Buy today and pay later.,"We help you buy what you want, when you want it. Download the app today. No credit impact! Treat yourself now. Instant decision."
ad_1350,Zip,35-44,3582,2880.89,Unlock your purchasing power.,"We help you buy what you want, when you want it. Download the app today. Smart budgeting for your family. No interest fees."
ad_1351,Zip,35-44,1969,2940.44,"Get it now, pay over time.",Don't let tight budgets hold you back. Flexible payment options available now!
ad_1352,Klarna,18-24,1168,4728.36,"Get it now, pay over time.","Shop your favorite brands and pay over 6 weeks. No interest, no hard credit check."
ad_1353,PayPal Pay Later,25-34,912,3831.62,Zero interest when you pay in 4.,"Shop your favorite brands and pay over 6 weeks. No interest, no hard credit check."
ad_1354,Afterpay,45-54,13205,675.1,Split your purchase into 4 easy payments.,"Manage your cash flow better. Buy the essentials today and pay in small, manageable installments."
ad_1355,Klarna,25-34,9059,2879.56,"Get it now, pay over time.","Why wait until payday? Get the things you want now and split your payments. It's fast, easy, and risk-free. No credit impact! Treat yourself now. Instant decision."
ad_1356,Afterpay,25-34,3023,431.86,Don't wait! Buy today and pay later.,"Manage your cash flow better. Buy the essentials today and pay in small, manageable installments. No credit impact! Treat yourself now. Instant decision."
ad_1357,Klarna,18-24,8025,1438.61,"Get it now, pay over time.",Don't let tight budgets hold you back. Flexible payment options available now! No credit impact! Treat yourself now. Instant decision.
ad_1358,Afterpay,25-34,432,2925.79,"Get it now, pay over time.",Don't let tight budgets hold you back. Flexible payment options available now!
ad_1359,Affirm,45-54,2003,2522.85,Split your purchase into 4 easy payments.,"Why wait until payday? Get the things you want now and split your payments. It's fast, easy, and risk-free."
ad_1360,Afterpay,25-34,4346,1415.85,Unlock your purchasing power.,"We help you buy what you want, when you want it. Download the app today. No credit impact! Treat yourself now. Instant decision."
ad_1361,Afterpay,45-54,1734,1922.82,Split your purchase into 4 easy payments.,"Shop your favorite brands and pay over 6 weeks. No interest, no hard credit check."
ad_1362,Afterpay,18-24,3307,2307.69,Don't wait! Buy today and pay later.,"Shop your favorite brands and pay over 6 weeks. No interest, no hard credit check."
ad_1363,Sezzle,18-24,4084,2077.33,Unlock your purchasing power.,"Manage your cash flow better. Buy the essentials today and pay in small, manageable installments. No credit impact! Treat yourself now. Instant decision."
ad_1364,Sezzle,25-34,227,920.13,"Buy Now, Pay Later with no hidden fees!","Why wait until payday? Get the things you want now and split your payments. It's fast, easy, and risk-free."
ad_1365,PayPal Pay Later,25-34,413,2821.46,"Buy Now, Pay Later with no hidden fees!","Shop your favorite brands and pay over 6 weeks. No interest, no hard credit check. No credit impact! Treat yourself now. Instant decision."
ad_1366,PayPal Pay Later,35-44,3463,1352.03,Unlock your purchasing power.,"Manage your cash flow better. Buy the essentials today and pay in small, manageable installments."
ad_1367,PayPal Pay Later,55-64,3361,1876.64,"Get it now, pay over time.","Shop your favorite brands and pay over 6 weeks. No interest, no hard credit check. Smart budgeting for your family. No interest fees."
ad_1368,PayPal Pay Later,18-24,1695,1946.66,"Get it now, pay over time.","Shop your favorite brands and pay over 6 weeks. No interest, no hard credit check. No credit impact! Treat yourself now. Instant decision."
ad_1369,Klarna,45-54,669,402.73,Zero interest when you pay in 4.,Don't let tight budgets hold you back. Flexible payment options available now!
ad_1370,Klarna,25-34,16498,4691.64,Split your purchase into 4 easy payments.,"Why wait until payday? Get the things you want now and split your payments. It's fast, easy, and risk-free. No credit impact! Treat yourself now. Instant decision."
ad_1371,PayPal Pay Later,25-34,5033,2726.75,"Get it now, pay over time.",Don't let tight budgets hold you back. Flexible payment options available now! No credit impact! Treat yourself now. Instant decision.
ad_1372,Zip,65+,2683,96.09,Unlock your purchasing power.,Instant approval! Just select our payment option at checkout. Smart budgeting for your family. No interest fees.
ad_1373,Affirm,25-34,5501,1725.84,Don't wait! Buy today and pay later.,"Why wait until payday? Get the things you want now and split your payments. It's fast, easy, and risk-free. No credit impact! Treat yourself now. Instant decision."
ad_1374,Afterpay,25-34,4923,4842.16,Zero interest when you pay in 4.,Instant approval! Just select our payment option at checkout. No credit impact! Treat yourself now. Instant decision.
ad_1375,Affirm,25-34,1535,4136.02,Zero interest when you pay in 4.,"Manage your cash flow better. Buy the essentials today and pay in small, manageable installments. No credit impact! Treat yourself now. Instant decision."
ad_1376,Affirm,18-24,1584,4174.39,Zero interest when you pay in 4.,Don't let tight budgets hold you back. Flexible payment options available now! No credit impact! Treat yourself now. Instant decision.
ad_1377,Afterpay,18-24,455,2784.07,Don't wait! Buy today and pay later.,"Shop your favorite brands and pay over 6 weeks. No interest, no hard credit check."
ad_1378,Sezzle,25-34,1384,3366.27,Unlock your purchasing power.,Don't let tight budgets hold you back. Flexible payment options available now! No credit impact! Treat yourself now. Instant decision.
ad_1379,PayPal Pay Later,18-24,1629,290.39,Don't wait! Buy today and pay later.,Don't let tight budgets hold you back. Flexible payment options available now! No credit impact! Treat yourself now. Instant decision.
ad_1380,Affirm,18-24,3300,165.99,"Get it now, pay over time.","Shop your favorite brands and pay over 6 weeks. No interest, no hard credit check."
ad_1381,Klarna,18-24,4160,518.05,"Buy Now, Pay Later with no hidden fees!","Why wait until payday? Get the things you want now and split your payments. It's fast, easy, and risk-free."
ad_1382,Klarna,25-34,857,2545.15,"Buy Now, Pay Later with no hidden fees!","Why wait until payday? Get the things you want now and split your payments. It's fast, easy, and risk-free. No credit impact! Treat yourself now. Instant decision."
ad_1383,Klarna,18-24,5026,4811.23,Zero interest when you pay in 4.,"Why wait until payday? Get the things you want now and split your payments. It's fast, easy, and risk-free."
ad_1384,Klarna,25-34,2849,1852.4,"Get it now, pay over time.","Why wait until payday? Get the things you want now and split your payments. It's fast, easy, and risk-free. No credit impact! Treat yourself now. Instant decision."
ad_1385,Klarna,25-34,868,1409.79,"Buy Now, Pay Later with no hidden fees!","Why wait until payday? Get the things you want now and split your payments. It's fast, easy, and risk-free. No credit impact! Treat yourself now. Instant decision."
ad_1386,Zip,18-24,7114,2426.09,"Buy Now, Pay Later with no hidden fees!","Shop your favorite brands and pay over 6 weeks. No interest, no hard credit check."
ad_1387,Sezzle,55-64,1108,2656.64,Split your purchase into 4 easy payments.,Instant approval! Just select our payment option at checkout.
ad_1388,PayPal Pay Later,25-34,3223,643.61,"Buy Now, Pay Later with no hidden fees!",Don't let tight budgets hold you back. Flexible payment options available now! No credit impact! Treat yourself now. Instant decision.
ad_1389,Zip,25-34,4211,2437.66,Unlock your purchasing power.,Don't let tight budgets hold you back. Flexible payment options available now!
ad_1390,Afterpay,18-24,5988,986.24,Zero interest when you pay in 4.,"Why wait until payday? Get the things you want now and split your payments. It's fast, easy, and risk-free. No credit impact! Treat yourself now. Instant decision."
ad_1391,Afterpay,55-64,1291,2616.54,Zero interest when you pay in 4.,"We help you buy what you want, when you want it. Download the app today. Smart budgeting for your family. No interest fees."
ad_1392,Affirm,35-44,10824,1781.53,"Buy Now, Pay Later with no hidden fees!","We help you buy what you want, when you want it. Download the app today. Smart budgeting for your family. No interest fees."
ad_1393,Afterpay,18-24,3088,2302.01,Zero interest when you pay in 4.,"We help you buy what you want, when you want it. Download the app today. No credit impact! Treat yourself now. Instant decision."
ad_1394,Afterpay,35-44,22237,116.91,Unlock your purchasing power.,"Shop your favorite brands and pay over 6 weeks. No interest, no hard credit check."
ad_1395,Klarna,35-44,6512,4925.4,Unlock your purchasing power.,"Shop your favorite brands and pay over 6 weeks. No interest, no hard credit check."
ad_1396,PayPal Pay Later,25-34,1370,3291.12,Split your purchase into 4 easy payments.,"We help you buy what you want, when you want it. Download the app today."
ad_1397,Affirm,25-34,1216,1897.38,Unlock your purchasing power.,"Why wait until payday? Get the things you want now and split your payments. It's fast, easy, and risk-free. No credit impact! Treat yourself now. Instant decision."
ad_1398,Sezzle,25-34,4093,2619.86,Split your purchase into 4 easy payments.,Don't let tight budgets hold you back. Flexible payment options available now! No credit impact! Treat yourself now. Instant decision.
ad_1399,Affirm,18-24,1564,1351.98,Split your purchase into 4 easy payments.,Don't let tight budgets hold you back. Flexible payment options available now! No credit impact! Treat yourself now. Instant decision.
ad_1400,Zip,18-24,9375,2534.11,Zero interest when you pay in 4.,"Shop your favorite brands and pay over 6 weeks. No interest, no hard credit check. No credit impact! Treat yourself now. Instant decision."
ad_1401,Sezzle,25-34,9350,3452.81,Split your purchase into 4 easy payments.,"Why wait until payday? Get the things you want now and split your payments. It's fast, easy, and risk-free. No credit impact! Treat yourself now. Instant decision."
ad_1402,PayPal Pay Later,65+,1641,3266.83,Unlock your purchasing power.,Don't let tight budgets hold you back. Flexible payment options available now! Smart budgeting for your family. No interest fees.
ad_1403,PayPal Pay Later,25-34,558,1427.18,Split your purchase into 4 easy payments.,"Manage your cash flow better. Buy the essentials today and pay in small, manageable installments."
ad_1404,Klarna,45-54,989,374.72,Don't wait! Buy today and pay later.,Don't let tight budgets hold you back. Flexible payment options available now! Smart budgeting for your family. No interest fees.
ad_1405,PayPal Pay Later,25-34,6772,2946.14,Split your purchase into 4 easy payments.,Instant approval! Just select our payment option at checkout. No credit impact! Treat yourself now. Instant decision.
ad_1406,Afterpay,65+,4265,2149.72,Unlock your purchasing power.,Instant approval! Just select our payment option at checkout.
ad_1407,Klarna,35-44,900,2452.02,"Get it now, pay over time.","Manage your cash flow better. Buy the essentials today and pay in small, manageable installments."
ad_1408,Zip,18-24,2429,3100.46,Unlock your purchasing power.,Instant approval! Just select our payment option at checkout. No credit impact! Treat yourself now. Instant decision.
ad_1409,Affirm,25-34,2531,784.99,Unlock your purchasing power.,Instant approval! Just select our payment option at checkout. No credit impact! Treat yourself now. Instant decision.
ad_1410,Klarna,25-34,1123,957.86,"Get it now, pay over time.","Manage your cash flow better. Buy the essentials today and pay in small, manageable installments. No credit impact! Treat yourself now. Instant decision."
ad_1411,Zip,35-44,5988,2626.26,Split your purchase into 4 easy payments.,"We help you buy what you want, when you want it. Download the app today. Smart budgeting for your family. No interest fees."
ad_1412,Klarna,18-24,4166,421.96,Zero interest when you pay in 4.,"Shop your favorite brands and pay over 6 weeks. No interest, no hard credit check. No credit impact! Treat yourself now. Instant decision."
ad_1413,Afterpay,55-64,1216,3871.84,Unlock your purchasing power.,"Why wait until payday? Get the things you want now and split your payments. It's fast, easy, and risk-free."
ad_1414,Zip,25-34,3282,2213.88,Split your purchase into 4 easy payments.,Don't let tight budgets hold you back. Flexible payment options available now! No credit impact! Treat yourself now. Instant decision.
ad_1415,Afterpay,45-54,1079,4994.58,Don't wait! Buy today and pay later.,"Manage your cash flow better. Buy the essentials today and pay in small, manageable installments. Smart budgeting for your family. No interest fees."
ad_1416,Klarna,55-64,4213,248.62,Don't wait! Buy today and pay later.,"Why wait until payday? Get the things you want now and split your payments. It's fast, easy, and risk-free."
ad_1417,Sezzle,45-54,8759,4180.42,Split your purchase into 4 easy payments.,Don't let tight budgets hold you back. Flexible payment options available now! Smart budgeting for your family. No interest fees.
ad_1418,Klarna,18-24,847,149.23,Zero interest when you pay in 4.,"Why wait until payday? Get the things you want now and split your payments. It's fast, easy, and risk-free."
ad_1419,Sezzle,45-54,1016,743.82,"Buy Now, Pay Later with no hidden fees!","We help you buy what you want, when you want it. Download the app today. Smart budgeting for your family. No interest fees."
ad_1420,Afterpay,18-24,3061,451.24,Unlock your purchasing power.,"We help you buy what you want, when you want it. Download the app today. No credit impact! Treat yourself now. Instant decision."
ad_1421,Klarna,45-54,2828,4075.09,Split your purchase into 4 easy payments.,"We help you buy what you want, when you want it. Download the app today."
ad_1422,Zip,55-64,4578,892.78,Don't wait! Buy today and pay later.,"Shop your favorite brands and pay over 6 weeks. No interest, no hard credit check."
ad_1423,Sezzle,18-24,6608,4259.07,Don't wait! Buy today and pay later.,"We help you buy what you want, when you want it. Download the app today. No credit impact! Treat yourself now. Instant decision."
ad_1424,Zip,25-34,1567,3423.23,Zero interest when you pay in 4.,"Shop your favorite brands and pay over 6 weeks. No interest, no hard credit check. No credit impact! Treat yourself now. Instant decision."
ad_1425,Klarna,55-64,5906,4192.79,Unlock your purchasing power.,"We help you buy what you want, when you want it. Download the app today. Smart budgeting for your family. No interest fees."
ad_1426,Affirm,25-34,1691,1234.09,"Get it now, pay over time.","Why wait until payday? Get the things you want now and split your payments. It's fast, easy, and risk-free. No credit impact! Treat yourself now. Instant decision."
ad_1427,Afterpay,18-24,6945,3619.74,"Get it now, pay over time.","Manage your cash flow better. Buy the essentials today and pay in small, manageable installments."
ad_1428,Affirm,18-24,11584,2760.7,Unlock your purchasing power.,"Shop your favorite brands and pay over 6 weeks. No interest, no hard credit check. No credit impact! Treat yourself now. Instant decision."
ad_1429,Sezzle,18-24,17884,1161.68,Split your purchase into 4 easy payments.,"Why wait until payday? Get the things you want now and split your payments. It's fast, easy, and risk-free. No credit impact! Treat yourself now. Instant decision."
ad_1430,Sezzle,35-44,993,1998.73,"Buy Now, Pay Later with no hidden fees!","Why wait until payday? Get the things you want now and split your payments. It's fast, easy, and risk-free."
ad_1431,Affirm,35-44,535,2118.64,"Buy Now, Pay Later with no hidden fees!","Shop your favorite brands and pay over 6 weeks. No interest, no hard credit check. Smart budgeting for your family. No interest fees."
ad_1432,Sezzle,18-24,1455,4156.74,Split your purchase into 4 easy payments.,"Manage your cash flow better. Buy the essentials today and pay in small, manageable installments."
ad_1433,Affirm,25-34,6698,3326.75,"Buy Now, Pay Later with no hidden fees!","We help you buy what you want, when you want it. Download the app today. No credit impact! Treat yourself now. Instant decision."
ad_1434,Sezzle,25-34,633,2889.46,Zero interest when you pay in 4.,"Manage your cash flow better. Buy the essentials today and pay in small, manageable installments."
ad_1435,Sezzle,18-24,3816,3617.05,Unlock your purchasing power.,Instant approval! Just select our payment option at checkout.
ad_1436,Afterpay,45-54,2673,2734.38,Zero interest when you pay in 4.,"Why wait until payday? Get the things you want now and split your payments. It's fast, easy, and risk-free. Smart budgeting for your family. No interest fees."
ad_1437,Affirm,18-24,2042,2089.88,Don't wait! Buy today and pay later.,"Manage your cash flow better. Buy the essentials today and pay in small, manageable installments. No credit impact! Treat yourself now. Instant decision."
ad_1438,Zip,25-34,3789,3375.31,Unlock your purchasing power.,Don't let tight budgets hold you back. Flexible payment options available now! No credit impact! Treat yourself now. Instant decision.
ad_1439,Klarna,25-34,4847,3543.01,Don't wait! Buy today and pay later.,"Why wait until payday? Get the things you want now and split your payments. It's fast, easy, and risk-free."
ad_1440,Sezzle,25-34,3517,417.17,Zero interest when you pay in 4.,"Why wait until payday? Get the things you want now and split your payments. It's fast, easy, and risk-free. No credit impact! Treat yourself now. Instant decision."
ad_1441,Sezzle,25-34,17088,4479.07,"Get it now, pay over time.","Why wait until payday? Get the things you want now and split your payments. It's fast, easy, and risk-free."
ad_1442,Afterpay,35-44,805,3687.51,Split your purchase into 4 easy payments.,"Shop your favorite brands and pay over 6 weeks. No interest, no hard credit check. Smart budgeting for your family. No interest fees."
ad_1443,Affirm,25-34,1615,4524.97,"Get it now, pay over time.","We help you buy what you want, when you want it. Download the app today. No credit impact! Treat yourself now. Instant decision."
ad_1444,Klarna,35-44,4538,4038.45,Zero interest when you pay in 4.,"Manage your cash flow better. Buy the essentials today and pay in small, manageable installments."
ad_1445,Sezzle,18-24,4022,4514.48,Zero interest when you pay in 4.,Don't let tight budgets hold you back. Flexible payment options available now!
ad_1446,Afterpay,18-24,1857,4635.09,Split your purchase into 4 easy payments.,"Why wait until payday? Get the things you want now and split your payments. It's fast, easy, and risk-free. No credit impact! Treat yourself now. Instant decision."
ad_1447,Sezzle,45-54,3449,2851.02,"Buy Now, Pay Later with no hidden fees!","Manage your cash flow better. Buy the essentials today and pay in small, manageable installments."
ad_1448,Afterpay,18-24,1055,770.56,"Get it now, pay over time.","Shop your favorite brands and pay over 6 weeks. No interest, no hard credit check. No credit impact! Treat yourself now. Instant decision."
ad_1449,Sezzle,35-44,13069,2468.59,"Buy Now, Pay Later with no hidden fees!","Shop your favorite brands and pay over 6 weeks. No interest, no hard credit check. Smart budgeting for your family. No interest fees."
ad_1450,PayPal Pay Later,65+,2169,1666.78,Unlock your purchasing power.,"We help you buy what you want, when you want it. Download the app today. Smart budgeting for your family. No interest fees."
ad_1451,Afterpay,18-24,3349,2277.62,"Buy Now, Pay Later with no hidden fees!","Shop your favorite brands and pay over 6 weeks. No interest, no hard credit check. No credit impact! Treat yourself now. Instant decision."
ad_1452,Sezzle,18-24,3467,1040.76,"Buy Now, Pay Later with no hidden fees!",Instant approval! Just select our payment option at checkout. No credit impact! Treat yourself now. Instant decision.
ad_1453,Affirm,35-44,21228,149.26,Split your purchase into 4 easy payments.,Don't let tight budgets hold you back. Flexible payment options available now!
ad_1454,Afterpay,35-44,6769,3595.81,Unlock your purchasing power.,"We help you buy what you want, when you want it. Download the app today."
ad_1455,Klarna,25-34,6750,239.89,Unlock your purchasing power.,"We help you buy what you want, when you want it. Download the app today."
ad_1456,Klarna,18-24,2724,3646.16,"Get it now, pay over time.","We help you buy what you want, when you want it. Download the app today. No credit impact! Treat yourself now. Instant decision."
ad_1457,Sezzle,35-44,3080,2828.71,Zero interest when you pay in 4.,"Manage your cash flow better. Buy the essentials today and pay in small, manageable installments. Smart budgeting for your family. No interest fees."
ad_1458,Affirm,25-34,13881,4825.22,Unlock your purchasing power.,"Why wait until payday? Get the things you want now and split your payments. It's fast, easy, and risk-free."
ad_1459,Afterpay,18-24,4819,2919.18,Split your purchase into 4 easy payments.,"We help you buy what you want, when you want it. Download the app today. No credit impact! Treat yourself now. Instant decision."
ad_1460,PayPal Pay Later,35-44,1292,1565.88,"Buy Now, Pay Later with no hidden fees!","We help you buy what you want, when you want it. Download the app today. Smart budgeting for your family. No interest fees."
ad_1461,Affirm,25-34,8930,750.53,Split your purchase into 4 easy payments.,Instant approval! Just select our payment option at checkout.
ad_1462,Afterpay,55-64,1294,3463.19,Don't wait! Buy today and pay later.,"Why wait until payday? Get the things you want now and split your payments. It's fast, easy, and risk-free."
ad_1463,Zip,25-34,16931,544.93,Zero interest when you pay in 4.,"Manage your cash flow better. Buy the essentials today and pay in small, manageable installments. No credit impact! Treat yourself now. Instant decision."
ad_1464,PayPal Pay Later,25-34,1637,82.3,Zero interest when you pay in 4.,"Manage your cash flow better. Buy the essentials today and pay in small, manageable installments. No credit impact! Treat yourself now. Instant decision."
ad_1465,Klarna,18-24,9033,1865.42,Don't wait! Buy today and pay later.,Don't let tight budgets hold you back. Flexible payment options available now! No credit impact! Treat yourself now. Instant decision.
ad_1466,PayPal Pay Later,25-34,1348,3216.89,Split your purchase into 4 easy payments.,"Shop your favorite brands and pay over 6 weeks. No interest, no hard credit check."
ad_1467,Zip,55-64,4595,76.48,Zero interest when you pay in 4.,"We help you buy what you want, when you want it. Download the app today."
ad_1468,Affirm,18-24,2533,4671.71,Split your purchase into 4 easy payments.,Instant approval! Just select our payment option at checkout.
ad_1469,PayPal Pay Later,18-24,1247,53.91,"Get it now, pay over time.","Shop your favorite brands and pay over 6 weeks. No interest, no hard credit check. No credit impact! Treat yourself now. Instant decision."
ad_1470,PayPal Pay Later,25-34,17496,2920.18,Don't wait! Buy today and pay later.,"We help you buy what you want, when you want it. Download the app today."
ad_1471,Affirm,35-44,3388,4949.2,"Get it now, pay over time.","Why wait until payday? Get the things you want now and split your payments. It's fast, easy, and risk-free. Smart budgeting for your family. No interest fees."
ad_1472,Affirm,18-24,1250,3328.74,"Buy Now, Pay Later with no hidden fees!",Instant approval! Just select our payment option at checkout. No credit impact! Treat yourself now. Instant decision.
ad_1473,Klarna,35-44,8636,4452.13,Zero interest when you pay in 4.,"Why wait until payday? Get the things you want now and split your payments. It's fast, easy, and risk-free."
ad_1474,Affirm,25-34,5176,4464.51,Don't wait! Buy today and pay later.,"We help you buy what you want, when you want it. Download the app today. No credit impact! Treat yourself now. Instant decision."
ad_1475,Afterpay,25-34,2113,3314.15,"Buy Now, Pay Later with no hidden fees!","Shop your favorite brands and pay over 6 weeks. No interest, no hard credit check."
ad_1476,PayPal Pay Later,18-24,4031,2544.25,Unlock your purchasing power.,Don't let tight budgets hold you back. Flexible payment options available now!
ad_1477,Klarna,18-24,1724,4622.53,Split your purchase into 4 easy payments.,"Shop your favorite brands and pay over 6 weeks. No interest, no hard credit check. No credit impact! Treat yourself now. Instant decision."
ad_1478,Afterpay,25-34,2004,4666.57,Zero interest when you pay in 4.,Instant approval! Just select our payment option at checkout. No credit impact! Treat yourself now. Instant decision.
ad_1479,Klarna,25-34,14485,1469.74,Zero interest when you pay in 4.,"Manage your cash flow better. Buy the essentials today and pay in small, manageable installments."
ad_1480,PayPal Pay Later,45-54,3176,2767.22,Don't wait! Buy today and pay later.,"Why wait until payday? Get the things you want now and split your payments. It's fast, easy, and risk-free."
ad_1481,Zip,25-34,2055,4673.06,"Buy Now, Pay Later with no hidden fees!","Manage your cash flow better. Buy the essentials today and pay in small, manageable installments. No credit impact! Treat yourself now. Instant decision."
ad_1482,Zip,55-64,1828,1354.19,Unlock your purchasing power.,"Why wait until payday? Get the things you want now and split your payments. It's fast, easy, and risk-free. Smart budgeting for your family. No interest fees."
ad_1483,Affirm,18-24,1610,620.74,Unlock your purchasing power.,Instant approval! Just select our payment option at checkout. No credit impact! Treat yourself now. Instant decision.
ad_1484,Zip,45-54,2543,1188.1,Unlock your purchasing power.,"Manage your cash flow better. Buy the essentials today and pay in small, manageable installments. Smart budgeting for your family. No interest fees."
ad_1485,Zip,25-34,1190,3283.78,Split your purchase into 4 easy payments.,"Manage your cash flow better. Buy the essentials today and pay in small, manageable installments. No credit impact! Treat yourself now. Instant decision."
ad_1486,Affirm,18-24,14464,2285.61,Zero interest when you pay in 4.,Instant approval! Just select our payment option at checkout. No credit impact! Treat yourself now. Instant decision.
ad_1487,Afterpay,18-24,1616,2212.46,Don't wait! Buy today and pay later.,"Why wait until payday? Get the things you want now and split your payments. It's fast, easy, and risk-free. No credit impact! Treat yourself now. Instant decision."
ad_1488,Zip,25-34,4177,833.52,"Buy Now, Pay Later with no hidden fees!","Manage your cash flow better. Buy the essentials today and pay in small, manageable installments. No credit impact! Treat yourself now. Instant decision."
ad_1489,Sezzle,45-54,2290,4200.82,Zero interest when you pay in 4.,Don't let tight budgets hold you back. Flexible payment options available now! Smart budgeting for your family. No interest fees.
ad_1490,Klarna,25-34,1440,2350.21,Unlock your purchasing power.,"Manage your cash flow better. Buy the essentials today and pay in small, manageable installments."
ad_1491,PayPal Pay Later,25-34,2692,636.39,Don't wait! Buy today and pay later.,"Why wait until payday? Get the things you want now and split your payments. It's fast, easy, and risk-free. No credit impact! Treat yourself now. Instant decision."
ad_1492,PayPal Pay Later,25-34,5849,2585.89,Unlock your purchasing power.,"Shop your favorite brands and pay over 6 weeks. No interest, no hard credit check."
ad_1493,Affirm,25-34,1806,1195.18,"Buy Now, Pay Later with no hidden fees!","Manage your cash flow better. Buy the essentials today and pay in small, manageable installments. No credit impact! Treat yourself now. Instant decision."
ad_1494,Afterpay,25-34,454,1904.51,Don't wait! Buy today and pay later.,"Shop your favorite brands and pay over 6 weeks. No interest, no hard credit check."
ad_1495,Affirm,18-24,12577,1821.31,"Get it now, pay over time.","Manage your cash flow better. Buy the essentials today and pay in small, manageable installments."
ad_1496,Klarna,18-24,7845,126.46,Don't wait! Buy today and pay later.,Don't let tight budgets hold you back. Flexible payment options available now! No credit impact! Treat yourself now. Instant decision.
ad_1497,Zip,18-24,3979,2109.15,"Get it now, pay over time.","Manage your cash flow better. Buy the essentials today and pay in small, manageable installments. No credit impact! Treat yourself now. Instant decision."
ad_1498,Affirm,25-34,1801,2000.71,Unlock your purchasing power.,Don't let tight budgets hold you back. Flexible payment options available now! No credit impact! Treat yourself now. Instant decision.
ad_1499,Klarna,25-34,5222,4018.13,Don't wait! Buy today and pay later.,"We help you buy what you want, when you want it. Download the app today."
ad_1500,PayPal Pay Later,25-34,675,2069.41,"Buy Now, Pay Later with no hidden fees!","Manage your cash flow better. Buy the essentials today and pay in small, manageable installments. No credit impact! Treat yourself now. Instant decision."
ad_1501,Afterpay,18-24,507,4025.51,Don't wait! Buy today and pay later.,"Why wait until payday? Get the things you want now and split your payments. It's fast, easy, and risk-free."
ad_1502,Afterpay,18-24,7303,483.5,Split your purchase into 4 easy payments.,Don't let tight budgets hold you back. Flexible payment options available now! No credit impact! Treat yourself now. Instant decision.
ad_1503,Afterpay,25-34,1638,294.03,"Buy Now, Pay Later with no hidden fees!","Why wait until payday? Get the things you want now and split your payments. It's fast, easy, and risk-free. No credit impact! Treat yourself now. Instant decision."
ad_1504,Klarna,25-34,17448,3574.76,Zero interest when you pay in 4.,Instant approval! Just select our payment option at checkout.
ad_1505,Afterpay,18-24,1028,3185.65,"Get it now, pay over time.","Manage your cash flow better. Buy the essentials today and pay in small, manageable installments. No credit impact! Treat yourself now. Instant decision."
ad_1506,Sezzle,35-44,4416,3857.79,Unlock your purchasing power.,Instant approval! Just select our payment option at checkout. Smart budgeting for your family. No interest fees.
ad_1507,PayPal Pay Later,25-34,1989,610.02,Unlock your purchasing power.,"We help you buy what you want, when you want it. Download the app today."
ad_1508,Sezzle,18-24,320,3222.98,"Buy Now, Pay Later with no hidden fees!","Why wait until payday? Get the things you want now and split your payments. It's fast, easy, and risk-free. No credit impact! Treat yourself now. Instant decision."
ad_1509,Klarna,18-24,1993,4526.69,Unlock your purchasing power.,Don't let tight budgets hold you back. Flexible payment options available now! No credit impact! Treat yourself now. Instant decision.
ad_1510,Zip,25-34,2545,4753.55,"Get it now, pay over time.",Don't let tight budgets hold you back. Flexible payment options available now! No credit impact! Treat yourself now. Instant decision.
ad_1511,Afterpay,35-44,4057,4573.14,Don't wait! Buy today and pay later.,Don't let tight budgets hold you back. Flexible payment options available now!
ad_1512,Afterpay,18-24,2074,688.45,Don't wait! Buy today and pay later.,"We help you buy what you want, when you want it. Download the app today. No credit impact! Treat yourself now. Instant decision."
ad_1513,Zip,18-24,6259,1410.73,Zero interest when you pay in 4.,"We help you buy what you want, when you want it. Download the app today."
ad_1514,Affirm,55-64,2456,1333.12,Split your purchase into 4 easy payments.,"Manage your cash flow better. Buy the essentials today and pay in small, manageable installments. Smart budgeting for your family. No interest fees."
ad_1515,Affirm,25-34,2633,811.06,"Buy Now, Pay Later with no hidden fees!","Why wait until payday? Get the things you want now and split your payments. It's fast, easy, and risk-free."
ad_1516,Sezzle,18-24,6843,3096.68,Split your purchase into 4 easy payments.,"Manage your cash flow better. Buy the essentials today and pay in small, manageable installments. No credit impact! Treat yourself now. Instant decision."
ad_1517,Afterpay,18-24,1594,2221.42,"Get it now, pay over time.","We help you buy what you want, when you want it. Download the app today. No credit impact! Treat yourself now. Instant decision."
ad_1518,Sezzle,25-34,4942,3291.14,Zero interest when you pay in 4.,"We help you buy what you want, when you want it. Download the app today. No credit impact! Treat yourself now. Instant decision."
ad_1519,Zip,25-34,4611,2821.28,"Get it now, pay over time.","Shop your favorite brands and pay over 6 weeks. No interest, no hard credit check. No credit impact! Treat yourself now. Instant decision."
ad_1520,Afterpay,18-24,7193,567.18,Zero interest when you pay in 4.,"Shop your favorite brands and pay over 6 weeks. No interest, no hard credit check. No credit impact! Treat yourself now. Instant decision."
ad_1521,Affirm,18-24,2707,4955.73,"Buy Now, Pay Later with no hidden fees!",Instant approval! Just select our payment option at checkout. No credit impact! Treat yourself now. Instant decision.
ad_1522,Zip,18-24,2783,4205.07,Don't wait! Buy today and pay later.,"Why wait until payday? Get the things you want now and split your payments. It's fast, easy, and risk-free."
ad_1523,Sezzle,18-24,3067,2634.53,"Get it now, pay over time.",Don't let tight budgets hold you back. Flexible payment options available now! No credit impact! Treat yourself now. Instant decision.
ad_1524,PayPal Pay Later,25-34,2965,4216.95,Don't wait! Buy today and pay later.,"Shop your favorite brands and pay over 6 weeks. No interest, no hard credit check. No credit impact! Treat yourself now. Instant decision."
ad_1525,Sezzle,25-34,7908,3738.47,"Get it now, pay over time.","We help you buy what you want, when you want it. Download the app today. No credit impact! Treat yourself now. Instant decision."
ad_1526,Zip,18-24,11992,1799.71,"Get it now, pay over time.","Manage your cash flow better. Buy the essentials today and pay in small, manageable installments. No credit impact! Treat yourself now. Instant decision."
ad_1527,Affirm,35-44,3331,4378.35,Unlock your purchasing power.,Don't let tight budgets hold you back. Flexible payment options available now! Smart budgeting for your family. No interest fees.
ad_1528,Afterpay,18-24,1994,4866.57,"Buy Now, Pay Later with no hidden fees!","Why wait until payday? Get the things you want now and split your payments. It's fast, easy, and risk-free. No credit impact! Treat yourself now. Instant decision."
ad_1529,Affirm,18-24,7553,3540.06,Don't wait! Buy today and pay later.,"Why wait until payday? Get the things you want now and split your payments. It's fast, easy, and risk-free."
ad_1530,PayPal Pay Later,35-44,2399,3569.39,Zero interest when you pay in 4.,"Why wait until payday? Get the things you want now and split your payments. It's fast, easy, and risk-free. Smart budgeting for your family. No interest fees."
ad_1531,Afterpay,18-24,519,4803.32,Don't wait! Buy today and pay later.,"We help you buy what you want, when you want it. Download the app today."
ad_1532,Zip,18-24,925,2429.21,Don't wait! Buy today and pay later.,Instant approval! Just select our payment option at checkout. No credit impact! Treat yourself now. Instant decision.
ad_1533,Zip,25-34,1449,2013.8,Unlock your purchasing power.,"We help you buy what you want, when you want it. Download the app today. No credit impact! Treat yourself now. Instant decision."
ad_1534,Klarna,18-24,5847,1086.14,"Get it now, pay over time.","Manage your cash flow better. Buy the essentials today and pay in small, manageable installments."
ad_1535,Affirm,25-34,1718,392.41,"Buy Now, Pay Later with no hidden fees!",Don't let tight budgets hold you back. Flexible payment options available now! No credit impact! Treat yourself now. Instant decision.
ad_1536,Affirm,25-34,488,2455.98,Split your purchase into 4 easy payments.,"Why wait until payday? Get the things you want now and split your payments. It's fast, easy, and risk-free."
ad_1537,Zip,18-24,9726,572.29,Don't wait! Buy today and pay later.,"Manage your cash flow better. Buy the essentials today and pay in small, manageable installments. No credit impact! Treat yourself now. Instant decision."
ad_1538,Klarna,25-34,1945,1236.56,Unlock your purchasing power.,Instant approval! Just select our payment option at checkout. No credit impact! Treat yourself now. Instant decision.
ad_1539,PayPal Pay Later,25-34,5184,715.73,Unlock your purchasing power.,"Manage your cash flow better. Buy the essentials today and pay in small, manageable installments. No credit impact! Treat yourself now. Instant decision."
ad_1540,Zip,25-34,1826,1275.44,"Get it now, pay over time.","Shop your favorite brands and pay over 6 weeks. No interest, no hard credit check."
ad_1541,Zip,18-24,4082,284.71,Don't wait! Buy today and pay later.,Instant approval! Just select our payment option at checkout. No credit impact! Treat yourself now. Instant decision.
ad_1542,Affirm,18-24,16343,3863.54,Zero interest when you pay in 4.,"Shop your favorite brands and pay over 6 weeks. No interest, no hard credit check. No credit impact! Treat yourself now. Instant decision."
ad_1543,PayPal Pay Later,65+,2874,3333.64,Zero interest when you pay in 4.,Instant approval! Just select our payment option at checkout. Smart budgeting for your family. No interest fees.
ad_1544,Afterpay,25-34,7507,2995.02,"Get it now, pay over time.","We help you buy what you want, when you want it. Download the app today. No credit impact! Treat yourself now. Instant decision."
ad_1545,Sezzle,18-24,1756,3291.96,"Buy Now, Pay Later with no hidden fees!",Don't let tight budgets hold you back. Flexible payment options available now!
ad_1546,Sezzle,18-24,43680,2827.7,Zero interest when you pay in 4.,"We help you buy what you want, when you want it. Download the app today."
ad_1547,Zip,25-34,6681,364.5,Don't wait! Buy today and pay later.,"We help you buy what you want, when you want it. Download the app today."
ad_1548,Klarna,25-34,7932,2106.69,Unlock your purchasing power.,"Manage your cash flow better. Buy the essentials today and pay in small, manageable installments."
ad_1549,Affirm,18-24,2321,4757.16,"Get it now, pay over time.",Don't let tight budgets hold you back. Flexible payment options available now! No credit impact! Treat yourself now. Instant decision.
ad_1550,Afterpay,45-54,956,2694.39,Unlock your purchasing power.,Instant approval! Just select our payment option at checkout.
ad_1551,Afterpay,55-64,1310,3985.61,Don't wait! Buy today and pay later.,"Manage your cash flow better. Buy the essentials today and pay in small, manageable installments."
ad_1552,Affirm,45-54,4330,2881.67,Split your purchase into 4 easy payments.,"Shop your favorite brands and pay over 6 weeks. No interest, no hard credit check. Smart budgeting for your family. No interest fees."
ad_1553,Klarna,25-34,1360,2430.66,Zero interest when you pay in 4.,Don't let tight budgets hold you back. Flexible payment options available now! No credit impact! Treat yourself now. Instant decision.
ad_1554,Afterpay,18-24,968,1239.55,Don't wait! Buy today and pay later.,"Why wait until payday? Get the things you want now and split your payments. It's fast, easy, and risk-free. No credit impact! Treat yourself now. Instant decision."
ad_1555,PayPal Pay Later,65+,5235,1030.25,Split your purchase into 4 easy payments.,"We help you buy what you want, when you want it. Download the app today."
ad_1556,Klarna,45-54,1524,4955.38,"Buy Now, Pay Later with no hidden fees!","We help you buy what you want, when you want it. Download the app today. Smart budgeting for your family. No interest fees."
ad_1557,Sezzle,25-34,933,1855.85,Don't wait! Buy today and pay later.,Don't let tight budgets hold you back. Flexible payment options available now! No credit impact! Treat yourself now. Instant decision.
ad_1558,Klarna,25-34,2188,1786.15,Unlock your purchasing power.,"We help you buy what you want, when you want it. Download the app today. No credit impact! Treat yourself now. Instant decision."
ad_1559,Afterpay,25-34,1927,64.07,"Buy Now, Pay Later with no hidden fees!","Shop your favorite brands and pay over 6 weeks. No interest, no hard credit check."
ad_1560,Sezzle,18-24,890,678.82,"Buy Now, Pay Later with no hidden fees!","Shop your favorite brands and pay over 6 weeks. No interest, no hard credit check. No credit impact! Treat yourself now. Instant decision."
ad_1561,Affirm,35-44,6694,4905.88,Unlock your purchasing power.,"We help you buy what you want, when you want it. Download the app today."
ad_1562,Zip,25-34,1320,3458.79,Don't wait! Buy today and pay later.,"We help you buy what you want, when you want it. Download the app today. No credit impact! Treat yourself now. Instant decision."
ad_1563,Affirm,45-54,2264,4031.31,"Get it now, pay over time.","We help you buy what you want, when you want it. Download the app today. Smart budgeting for your family. No interest fees."
ad_1564,Afterpay,18-24,4003,4878.48,Zero interest when you pay in 4.,"Manage your cash flow better. Buy the essentials today and pay in small, manageable installments."
ad_1565,PayPal Pay Later,18-24,899,1600.72,"Buy Now, Pay Later with no hidden fees!","We help you buy what you want, when you want it. Download the app today."
ad_1566,Sezzle,18-24,597,4550.7,Zero interest when you pay in 4.,Instant approval! Just select our payment option at checkout. No credit impact! Treat yourself now. Instant decision.
ad_1567,PayPal Pay Later,18-24,2053,3565.36,"Get it now, pay over time.","Shop your favorite brands and pay over 6 weeks. No interest, no hard credit check."
ad_1568,Sezzle,25-34,1030,3355.64,Split your purchase into 4 easy payments.,"Manage your cash flow better. Buy the essentials today and pay in small, manageable installments."
ad_1569,Zip,35-44,12054,4024.88,Zero interest when you pay in 4.,"Shop your favorite brands and pay over 6 weeks. No interest, no hard credit check. Smart budgeting for your family. No interest fees."
ad_1570,Affirm,25-34,8650,1296.48,"Buy Now, Pay Later with no hidden fees!","We help you buy what you want, when you want it. Download the app today."
ad_1571,PayPal Pay Later,18-24,2302,3804.1,Don't wait! Buy today and pay later.,"Manage your cash flow better. Buy the essentials today and pay in small, manageable installments. No credit impact! Treat yourself now. Instant decision."
ad_1572,Affirm,25-34,10997,3495.36,Zero interest when you pay in 4.,"Shop your favorite brands and pay over 6 weeks. No interest, no hard credit check. No credit impact! Treat yourself now. Instant decision."
ad_1573,PayPal Pay Later,25-34,614,712.12,Unlock your purchasing power.,"Why wait until payday? Get the things you want now and split your payments. It's fast, easy, and risk-free. No credit impact! Treat yourself now. Instant decision."
ad_1574,Zip,25-34,199,2020.53,"Buy Now, Pay Later with no hidden fees!","Shop your favorite brands and pay over 6 weeks. No interest, no hard credit check. No credit impact! Treat yourself now. Instant decision."
ad_1575,Sezzle,18-24,4185,174.44,Split your purchase into 4 easy payments.,Don't let tight budgets hold you back. Flexible payment options available now!
ad_1576,Affirm,35-44,5970,2263.44,Don't wait! Buy today and pay later.,"Shop your favorite brands and pay over 6 weeks. No interest, no hard credit check."
ad_1577,Zip,18-24,4028,987.34,Unlock your purchasing power.,Instant approval! Just select our payment option at checkout. No credit impact! Treat yourself now. Instant decision.
ad_1578,Zip,35-44,3158,1078.46,Unlock your purchasing power.,"Shop your favorite brands and pay over 6 weeks. No interest, no hard credit check. Smart budgeting for your family. No interest fees."
ad_1579,Klarna,25-34,3406,1239.3,Unlock your purchasing power.,Instant approval! Just select our payment option at checkout.
ad_1580,Klarna,18-24,1778,2121.33,Split your purchase into 4 easy payments.,"Shop your favorite brands and pay over 6 weeks. No interest, no hard credit check. No credit impact! Treat yourself now. Instant decision."
ad_1581,Afterpay,18-24,1071,194.39,"Get it now, pay over time.","Manage your cash flow better. Buy the essentials today and pay in small, manageable installments."
ad_1582,Affirm,45-54,1476,900.77,Split your purchase into 4 easy payments.,Instant approval! Just select our payment option at checkout. Smart budgeting for your family. No interest fees.
ad_1583,Klarna,25-34,2446,1070.07,Zero interest when you pay in 4.,"We help you buy what you want, when you want it. Download the app today. No credit impact! Treat yourself now. Instant decision."
ad_1584,PayPal Pay Later,18-24,9985,2815.18,Zero interest when you pay in 4.,Don't let tight budgets hold you back. Flexible payment options available now! No credit impact! Treat yourself now. Instant decision.
ad_1585,PayPal Pay Later,25-34,8275,677.23,"Get it now, pay over time.","Shop your favorite brands and pay over 6 weeks. No interest, no hard credit check. No credit impact! Treat yourself now. Instant decision."
ad_1586,Sezzle,25-34,2916,2339.97,"Buy Now, Pay Later with no hidden fees!","Shop your favorite brands and pay over 6 weeks. No interest, no hard credit check. No credit impact! Treat yourself now. Instant decision."
ad_1587,Afterpay,18-24,6046,668.35,"Get it now, pay over time.","We help you buy what you want, when you want it. Download the app today."
ad_1588,Klarna,35-44,25412,4158.66,Split your purchase into 4 easy payments.,Instant approval! Just select our payment option at checkout. Smart budgeting for your family. No interest fees.
ad_1589,Klarna,25-34,1863,3824.73,Zero interest when you pay in 4.,"Manage your cash flow better. Buy the essentials today and pay in small, manageable installments."
ad_1590,Afterpay,45-54,26190,4998.55,"Buy Now, Pay Later with no hidden fees!",Instant approval! Just select our payment option at checkout.
ad_1591,PayPal Pay Later,25-34,296,3534.37,Don't wait! Buy today and pay later.,Don't let tight budgets hold you back. Flexible payment options available now!
ad_1592,Klarna,35-44,1236,823.84,Don't wait! Buy today and pay later.,Don't let tight budgets hold you back. Flexible payment options available now! Smart budgeting for your family. No interest fees.
ad_1593,Klarna,25-34,3901,2924.65,Zero interest when you pay in 4.,"Shop your favorite brands and pay over 6 weeks. No interest, no hard credit check. No credit impact! Treat yourself now. Instant decision."
ad_1594,Affirm,18-24,858,1736.39,Unlock your purchasing power.,"We help you buy what you want, when you want it. Download the app today. No credit impact! Treat yourself now. Instant decision."
ad_1595,Afterpay,18-24,2983,4156.86,Don't wait! Buy today and pay later.,Don't let tight budgets hold you back. Flexible payment options available now! No credit impact! Treat yourself now. Instant decision.
ad_1596,Zip,25-34,2294,4783.42,Unlock your purchasing power.,Don't let tight budgets hold you back. Flexible payment options available now! No credit impact! Treat yourself now. Instant decision.
ad_1597,Afterpay,25-34,472,919.22,Split your purchase into 4 easy payments.,Instant approval! Just select our payment option at checkout. No credit impact! Treat yourself now. Instant decision.
ad_1598,PayPal Pay Later,18-24,6930,1866.62,Zero interest when you pay in 4.,"Shop your favorite brands and pay over 6 weeks. No interest, no hard credit check. No credit impact! Treat yourself now. Instant decision."
ad_1599,Sezzle,35-44,1608,1814.01,Unlock your purchasing power.,Instant approval! Just select our payment option at checkout. Smart budgeting for your family. No interest fees.
ad_1600,PayPal Pay Later,18-24,3168,1930.8,"Buy Now, Pay Later with no hidden fees!",Instant approval! Just select our payment option at checkout.
ad_1601,Afterpay,65+,588,3873.43,Split your purchase into 4 easy payments.,Instant approval! Just select our payment option at checkout. Smart budgeting for your family. No interest fees.
ad_1602,Affirm,18-24,4330,3815.49,Split your purchase into 4 easy payments.,"We help you buy what you want, when you want it. Download the app today. No credit impact! Treat yourself now. Instant decision."
ad_1603,Zip,18-24,12777,1178.91,Zero interest when you pay in 4.,"Manage your cash flow better. Buy the essentials today and pay in small, manageable installments."
ad_1604,Affirm,18-24,1393,1035.46,Split your purchase into 4 easy payments.,"We help you buy what you want, when you want it. Download the app today. No credit impact! Treat yourself now. Instant decision."
ad_1605,Klarna,45-54,2011,4809.42,Zero interest when you pay in 4.,"We help you buy what you want, when you want it. Download the app today."
ad_1606,Afterpay,18-24,7318,405.48,Split your purchase into 4 easy payments.,"We help you buy what you want, when you want it. Download the app today. No credit impact! Treat yourself now. Instant decision."
ad_1607,Sezzle,25-34,9979,2110.27,Unlock your purchasing power.,Instant approval! Just select our payment option at checkout.
ad_1608,PayPal Pay Later,18-24,1327,4487.54,"Buy Now, Pay Later with no hidden fees!","Manage your cash flow better. Buy the essentials today and pay in small, manageable installments. No credit impact! Treat yourself now. Instant decision."
ad_1609,Sezzle,55-64,1162,750.98,"Buy Now, Pay Later with no hidden fees!","Shop your favorite brands and pay over 6 weeks. No interest, no hard credit check. Smart budgeting for your family. No interest fees."
ad_1610,Afterpay,35-44,5735,3443.74,"Buy Now, Pay Later with no hidden fees!",Don't let tight budgets hold you back. Flexible payment options available now!
ad_1611,PayPal Pay Later,65+,1341,1300.68,Split your purchase into 4 easy payments.,"Manage your cash flow better. Buy the essentials today and pay in small, manageable installments."
ad_1612,PayPal Pay Later,18-24,7644,2636.74,"Get it now, pay over time.","We help you buy what you want, when you want it. Download the app today. No credit impact! Treat yourself now. Instant decision."
ad_1613,Sezzle,18-24,9666,1277.27,"Buy Now, Pay Later with no hidden fees!",Instant approval! Just select our payment option at checkout.
ad_1614,Sezzle,18-24,4382,139.29,"Get it now, pay over time.",Instant approval! Just select our payment option at checkout. No credit impact! Treat yourself now. Instant decision.
ad_1615,Zip,35-44,1754,718.44,Unlock your purchasing power.,"We help you buy what you want, when you want it. Download the app today."
ad_1616,PayPal Pay Later,18-24,853,1614.72,Don't wait! Buy today and pay later.,"Manage your cash flow better. Buy the essentials today and pay in small, manageable installments. No credit impact! Treat yourself now. Instant decision."
ad_1617,PayPal Pay Later,45-54,3680,3342.34,Split your purchase into 4 easy payments.,"Manage your cash flow better. Buy the essentials today and pay in small, manageable installments."
ad_1618,PayPal Pay Later,18-24,6467,1475.27,Unlock your purchasing power.,"Manage your cash flow better. Buy the essentials today and pay in small, manageable installments. No credit impact! Treat yourself now. Instant decision."
ad_1619,Affirm,25-34,3565,4293.11,Unlock your purchasing power.,Instant approval! Just select our payment option at checkout.
ad_1620,Sezzle,55-64,2750,4238.66,Split your purchase into 4 easy payments.,Instant approval! Just select our payment option at checkout. Smart budgeting for your family. No interest fees.
ad_1621,PayPal Pay Later,35-44,6631,3323.73,"Get it now, pay over time.","Shop your favorite brands and pay over 6 weeks. No interest, no hard credit check."
ad_1622,Klarna,25-34,14508,4844.76,Unlock your purchasing power.,"Manage your cash flow better. Buy the essentials today and pay in small, manageable installments. No credit impact! Treat yourself now. Instant decision."
ad_1623,Klarna,25-34,730,2905.99,"Get it now, pay over time.",Instant approval! Just select our payment option at checkout. No credit impact! Treat yourself now. Instant decision.
ad_1624,Sezzle,18-24,8426,681.5,Split your purchase into 4 easy payments.,Instant approval! Just select our payment option at checkout. No credit impact! Treat yourself now. Instant decision.
ad_1625,PayPal Pay Later,35-44,5064,4022.69,Don't wait! Buy today and pay later.,"We help you buy what you want, when you want it. Download the app today. Smart budgeting for your family. No interest fees."
ad_1626,Zip,55-64,2654,376.18,Zero interest when you pay in 4.,"Shop your favorite brands and pay over 6 weeks. No interest, no hard credit check. Smart budgeting for your family. No interest fees."
ad_1627,Zip,25-34,4331,1815.28,Don't wait! Buy today and pay later.,"Manage your cash flow better. Buy the essentials today and pay in small, manageable installments. No credit impact! Treat yourself now. Instant decision."
ad_1628,Sezzle,25-34,4770,3435.02,Don't wait! Buy today and pay later.,"Manage your cash flow better. Buy the essentials today and pay in small, manageable installments. No credit impact! Treat yourself now. Instant decision."
ad_1629,Afterpay,25-34,2747,4599.24,Unlock your purchasing power.,"We help you buy what you want, when you want it. Download the app today. No credit impact! Treat yourself now. Instant decision."
ad_1630,Afterpay,18-24,2767,914.81,"Get it now, pay over time.",Don't let tight budgets hold you back. Flexible payment options available now! No credit impact! Treat yourself now. Instant decision.
ad_1631,Afterpay,65+,5441,1376.66,Unlock your purchasing power.,"Shop your favorite brands and pay over 6 weeks. No interest, no hard credit check."
ad_1632,Zip,18-24,2719,3853.68,"Buy Now, Pay Later with no hidden fees!",Instant approval! Just select our payment option at checkout.
ad_1633,Klarna,35-44,2501,732.58,"Get it now, pay over time.","Why wait until payday? Get the things you want now and split your payments. It's fast, easy, and risk-free."
ad_1634,Klarna,25-34,7392,97.22,Don't wait! Buy today and pay later.,"We help you buy what you want, when you want it. Download the app today."
ad_1635,Afterpay,18-24,4658,4641.21,"Buy Now, Pay Later with no hidden fees!","Why wait until payday? Get the things you want now and split your payments. It's fast, easy, and risk-free. No credit impact! Treat yourself now. Instant decision."
ad_1636,Klarna,25-34,1150,3585.06,Zero interest when you pay in 4.,"Shop your favorite brands and pay over 6 weeks. No interest, no hard credit check. No credit impact! Treat yourself now. Instant decision."
ad_1637,Zip,25-34,18242,3171.65,Split your purchase into 4 easy payments.,"Why wait until payday? Get the things you want now and split your payments. It's fast, easy, and risk-free. No credit impact! Treat yourself now. Instant decision."
ad_1638,Klarna,18-24,691,2146.53,"Get it now, pay over time.","Shop your favorite brands and pay over 6 weeks. No interest, no hard credit check. No credit impact! Treat yourself now. Instant decision."
ad_1639,Afterpay,18-24,976,4754.38,Don't wait! Buy today and pay later.,"Shop your favorite brands and pay over 6 weeks. No interest, no hard credit check. No credit impact! Treat yourself now. Instant decision."
ad_1640,Afterpay,25-34,1381,4230.38,Don't wait! Buy today and pay later.,"Why wait until payday? Get the things you want now and split your payments. It's fast, easy, and risk-free. No credit impact! Treat yourself now. Instant decision."
ad_1641,Afterpay,35-44,3937,150.99,"Get it now, pay over time.","We help you buy what you want, when you want it. Download the app today. Smart budgeting for your family. No interest fees."
ad_1642,Klarna,45-54,7914,3387.39,Zero interest when you pay in 4.,"We help you buy what you want, when you want it. Download the app today. Smart budgeting for your family. No interest fees."
ad_1643,Klarna,25-34,960,4893.3,Split your purchase into 4 easy payments.,"Manage your cash flow better. Buy the essentials today and pay in small, manageable installments. No credit impact! Treat yourself now. Instant decision."
ad_1644,Afterpay,55-64,8196,1822.82,Unlock your purchasing power.,"We help you buy what you want, when you want it. Download the app today. Smart budgeting for your family. No interest fees."
ad_1645,Zip,18-24,3019,2704.15,"Get it now, pay over time.","We help you buy what you want, when you want it. Download the app today. No credit impact! Treat yourself now. Instant decision."
ad_1646,Klarna,25-34,1603,2093.15,Don't wait! Buy today and pay later.,Instant approval! Just select our payment option at checkout. No credit impact! Treat yourself now. Instant decision.
ad_1647,PayPal Pay Later,18-24,1659,2231.79,Don't wait! Buy today and pay later.,Instant approval! Just select our payment option at checkout.
ad_1648,Affirm,18-24,2503,2089.86,Split your purchase into 4 easy payments.,"We help you buy what you want, when you want it. Download the app today. No credit impact! Treat yourself now. Instant decision."
ad_1649,Zip,55-64,8115,4807.05,Split your purchase into 4 easy payments.,Don't let tight budgets hold you back. Flexible payment options available now! Smart budgeting for your family. No interest fees.
ad_1650,Sezzle,18-24,6306,4738.49,"Get it now, pay over time.",Instant approval! Just select our payment option at checkout. No credit impact! Treat yourself now. Instant decision.
ad_1651,Affirm,18-24,1640,893.32,"Get it now, pay over time.","Manage your cash flow better. Buy the essentials today and pay in small, manageable installments. No credit impact! Treat yourself now. Instant decision."
ad_1652,Zip,18-24,6818,4994.55,Split your purchase into 4 easy payments.,"Manage your cash flow better. Buy the essentials today and pay in small, manageable installments."
ad_1653,Klarna,18-24,2423,2948.16,Don't wait! Buy today and pay later.,Don't let tight budgets hold you back. Flexible payment options available now! No credit impact! Treat yourself now. Instant decision.
ad_1654,PayPal Pay Later,18-24,5111,171.18,"Buy Now, Pay Later with no hidden fees!",Instant approval! Just select our payment option at checkout. No credit impact! Treat yourself now. Instant decision.
ad_1655,Affirm,18-24,33193,2618.74,"Buy Now, Pay Later with no hidden fees!","Shop your favorite brands and pay over 6 weeks. No interest, no hard credit check. No credit impact! Treat yourself now. Instant decision."
ad_1656,Afterpay,18-24,2528,2324.5,"Buy Now, Pay Later with no hidden fees!","Shop your favorite brands and pay over 6 weeks. No interest, no hard credit check. No credit impact! Treat yourself now. Instant decision."
ad_1657,PayPal Pay Later,18-24,6680,1224.41,Zero interest when you pay in 4.,Instant approval! Just select our payment option at checkout. No credit impact! Treat yourself now. Instant decision.
ad_1658,Sezzle,45-54,4451,1112.46,Unlock your purchasing power.,"Shop your favorite brands and pay over 6 weeks. No interest, no hard credit check."
ad_1659,Zip,18-24,6887,3337.42,Unlock your purchasing power.,"Manage your cash flow better. Buy the essentials today and pay in small, manageable installments. No credit impact! Treat yourself now. Instant decision."
ad_1660,Affirm,35-44,4636,4127.11,Unlock your purchasing power.,"Shop your favorite brands and pay over 6 weeks. No interest, no hard credit check."
ad_1661,Zip,18-24,2284,4335.35,Don't wait! Buy today and pay later.,"Manage your cash flow better. Buy the essentials today and pay in small, manageable installments. No credit impact! Treat yourself now. Instant decision."
ad_1662,Klarna,25-34,5588,2152.16,Split your purchase into 4 easy payments.,"Shop your favorite brands and pay over 6 weeks. No interest, no hard credit check. No credit impact! Treat yourself now. Instant decision."
ad_1663,Zip,18-24,949,4911.28,Don't wait! Buy today and pay later.,"Shop your favorite brands and pay over 6 weeks. No interest, no hard credit check. No credit impact! Treat yourself now. Instant decision."
ad_1664,Klarna,18-24,550,843.59,Zero interest when you pay in 4.,Don't let tight budgets hold you back. Flexible payment options available now! No credit impact! Treat yourself now. Instant decision.
ad_1665,Affirm,25-34,1657,202.34,"Buy Now, Pay Later with no hidden fees!",Instant approval! Just select our payment option at checkout.
ad_1666,Zip,18-24,858,1294.58,Zero interest when you pay in 4.,Instant approval! Just select our payment option at checkout. No credit impact! Treat yourself now. Instant decision.
ad_1667,Afterpay,18-24,4674,1106.15,Zero interest when you pay in 4.,"Why wait until payday? Get the things you want now and split your payments. It's fast, easy, and risk-free. No credit impact! Treat yourself now. Instant decision."
ad_1668,PayPal Pay Later,25-34,7683,863.74,Zero interest when you pay in 4.,"We help you buy what you want, when you want it. Download the app today. No credit impact! Treat yourself now. Instant decision."
ad_1669,Klarna,18-24,3149,1342.09,"Buy Now, Pay Later with no hidden fees!","Why wait until payday? Get the things you want now and split your payments. It's fast, easy, and risk-free."
ad_1670,Sezzle,35-44,1712,2699.5,Zero interest when you pay in 4.,"We help you buy what you want, when you want it. Download the app today. Smart budgeting for your family. No interest fees."
ad_1671,Affirm,18-24,2947,1428.91,Zero interest when you pay in 4.,Instant approval! Just select our payment option at checkout.
ad_1672,Affirm,35-44,1193,2207.45,Unlock your purchasing power.,"Shop your favorite brands and pay over 6 weeks. No interest, no hard credit check."
ad_1673,Afterpay,18-24,1824,612.26,"Get it now, pay over time.","We help you buy what you want, when you want it. Download the app today."
ad_1674,Klarna,25-34,690,1651.26,"Get it now, pay over time.",Instant approval! Just select our payment option at checkout. No credit impact! Treat yourself now. Instant decision.
ad_1675,Affirm,18-24,10927,2409.27,Split your purchase into 4 easy payments.,Instant approval! Just select our payment option at checkout. No credit impact! Treat yourself now. Instant decision.
ad_1676,PayPal Pay Later,25-34,2237,3850.91,"Get it now, pay over time.",Instant approval! Just select our payment option at checkout. No credit impact! Treat yourself now. Instant decision.
ad_1677,Sezzle,25-34,9419,481.06,Zero interest when you pay in 4.,Don't let tight budgets hold you back. Flexible payment options available now! No credit impact! Treat yourself now. Instant decision.
ad_1678,Zip,25-34,5871,1818.35,Split your purchase into 4 easy payments.,"We help you buy what you want, when you want it. Download the app today. No credit impact! Treat yourself now. Instant decision."
ad_1679,PayPal Pay Later,18-24,15464,4841.7,Zero interest when you pay in 4.,Don't let tight budgets hold you back. Flexible payment options available now! No credit impact! Treat yourself now. Instant decision.
ad_1680,Affirm,25-34,5913,4217.56,Unlock your purchasing power.,"Manage your cash flow better. Buy the essentials today and pay in small, manageable installments. No credit impact! Treat yourself now. Instant decision."
ad_1681,Zip,25-34,301,90.91,"Get it now, pay over time.","We help you buy what you want, when you want it. Download the app today."
ad_1682,Sezzle,25-34,9105,1247.54,"Buy Now, Pay Later with no hidden fees!","Shop your favorite brands and pay over 6 weeks. No interest, no hard credit check. No credit impact! Treat yourself now. Instant decision."
ad_1683,Zip,25-34,3759,4668.91,"Get it now, pay over time.",Don't let tight budgets hold you back. Flexible payment options available now!
ad_1684,Klarna,25-34,3108,2508.39,"Buy Now, Pay Later with no hidden fees!","Why wait until payday? Get the things you want now and split your payments. It's fast, easy, and risk-free. No credit impact! Treat yourself now. Instant decision."
ad_1685,Zip,25-34,1454,4973.07,Unlock your purchasing power.,"Manage your cash flow better. Buy the essentials today and pay in small, manageable installments. No credit impact! Treat yourself now. Instant decision."
ad_1686,Zip,18-24,620,4186.05,Zero interest when you pay in 4.,Don't let tight budgets hold you back. Flexible payment options available now!
ad_1687,Zip,18-24,2264,3491.39,Split your purchase into 4 easy payments.,Instant approval! Just select our payment option at checkout. No credit impact! Treat yourself now. Instant decision.
ad_1688,Sezzle,25-34,11851,1160.08,"Get it now, pay over time.","We help you buy what you want, when you want it. Download the app today."
ad_1689,Afterpay,25-34,7161,811.44,"Get it now, pay over time.","We help you buy what you want, when you want it. Download the app today. No credit impact! Treat yourself now. Instant decision."
ad_1690,PayPal Pay Later,25-34,1808,1632.28,Don't wait! Buy today and pay later.,"Shop your favorite brands and pay over 6 weeks. No interest, no hard credit check."
ad_1691,PayPal Pay Later,18-24,2803,2172.75,Don't wait! Buy today and pay later.,Instant approval! Just select our payment option at checkout.
ad_1692,PayPal Pay Later,35-44,2965,98.02,"Buy Now, Pay Later with no hidden fees!","Why wait until payday? Get the things you want now and split your payments. It's fast, easy, and risk-free. Smart budgeting for your family. No interest fees."
ad_1693,PayPal Pay Later,55-64,4441,2659.77,Don't wait! Buy today and pay later.,"Why wait until payday? Get the things you want now and split your payments. It's fast, easy, and risk-free."
ad_1694,Affirm,45-54,6047,3053.26,Split your purchase into 4 easy payments.,Don't let tight budgets hold you back. Flexible payment options available now!
ad_1695,PayPal Pay Later,25-34,6482,602.33,Zero interest when you pay in 4.,"Shop your favorite brands and pay over 6 weeks. No interest, no hard credit check. No credit impact! Treat yourself now. Instant decision."
ad_1696,Affirm,25-34,4618,1117.42,Zero interest when you pay in 4.,"Why wait until payday? Get the things you want now and split your payments. It's fast, easy, and risk-free. No credit impact! Treat yourself now. Instant decision."
ad_1697,Klarna,65+,4127,3039.18,Unlock your purchasing power.,"Manage your cash flow better. Buy the essentials today and pay in small, manageable installments. Smart budgeting for your family. No interest fees."
ad_1698,Zip,25-34,3319,4148.81,Zero interest when you pay in 4.,"Manage your cash flow better. Buy the essentials today and pay in small, manageable installments. No credit impact! Treat yourself now. Instant decision."
ad_1699,Klarna,18-24,1937,2982.58,"Buy Now, Pay Later with no hidden fees!",Don't let tight budgets hold you back. Flexible payment options available now! No credit impact! Treat yourself now. Instant decision.
ad_1700,Zip,18-24,14999,581.14,Zero interest when you pay in 4.,"Shop your favorite brands and pay over 6 weeks. No interest, no hard credit check. No credit impact! Treat yourself now. Instant decision."
ad_1701,PayPal Pay Later,35-44,1697,361.32,"Buy Now, Pay Later with no hidden fees!","Shop your favorite brands and pay over 6 weeks. No interest, no hard credit check."
ad_1702,Zip,25-34,8133,4649.84,Unlock your purchasing power.,"Manage your cash flow better. Buy the essentials today and pay in small, manageable installments. No credit impact! Treat yourself now. Instant decision."
ad_1703,PayPal Pay Later,35-44,2200,4936.06,"Get it now, pay over time.",Instant approval! Just select our payment option at checkout.
ad_1704,Klarna,18-24,441,1647.28,"Get it now, pay over time.",Don't let tight budgets hold you back. Flexible payment options available now! No credit impact! Treat yourself now. Instant decision.
ad_1705,Sezzle,18-24,6435,1737.37,Zero interest when you pay in 4.,Instant approval! Just select our payment option at checkout.
ad_1706,Afterpay,25-34,3071,3324.55,Unlock your purchasing power.,"Why wait until payday? Get the things you want now and split your payments. It's fast, easy, and risk-free."
ad_1707,PayPal Pay Later,25-34,2303,2769.97,Don't wait! Buy today and pay later.,"We help you buy what you want, when you want it. Download the app today. No credit impact! Treat yourself now. Instant decision."
ad_1708,Klarna,18-24,1417,3484.53,Don't wait! Buy today and pay later.,Don't let tight budgets hold you back. Flexible payment options available now! No credit impact! Treat yourself now. Instant decision.
ad_1709,Sezzle,25-34,1761,1697.45,Split your purchase into 4 easy payments.,"Why wait until payday? Get the things you want now and split your payments. It's fast, easy, and risk-free."
ad_1710,Klarna,35-44,27403,1898.92,Zero interest when you pay in 4.,"Manage your cash flow better. Buy the essentials today and pay in small, manageable installments."
ad_1711,Zip,25-34,1236,2587.28,Split your purchase into 4 easy payments.,"Why wait until payday? Get the things you want now and split your payments. It's fast, easy, and risk-free."
ad_1712,Sezzle,18-24,2188,1515.52,Don't wait! Buy today and pay later.,"We help you buy what you want, when you want it. Download the app today. No credit impact! Treat yourself now. Instant decision."
ad_1713,Sezzle,35-44,363,1900.94,Don't wait! Buy today and pay later.,"Shop your favorite brands and pay over 6 weeks. No interest, no hard credit check."
ad_1714,Sezzle,18-24,6826,4268.13,Zero interest when you pay in 4.,"Why wait until payday? Get the things you want now and split your payments. It's fast, easy, and risk-free. No credit impact! Treat yourself now. Instant decision."
ad_1715,Klarna,25-34,1003,849.91,Unlock your purchasing power.,"Why wait until payday? Get the things you want now and split your payments. It's fast, easy, and risk-free. No credit impact! Treat yourself now. Instant decision."
ad_1716,PayPal Pay Later,45-54,22887,4576.57,Zero interest when you pay in 4.,"Manage your cash flow better. Buy the essentials today and pay in small, manageable installments."
ad_1717,PayPal Pay Later,18-24,1748,4074.0,Zero interest when you pay in 4.,"Manage your cash flow better. Buy the essentials today and pay in small, manageable installments. No credit impact! Treat yourself now. Instant decision."
ad_1718,Affirm,18-24,2852,1562.6,"Get it now, pay over time.","Manage your cash flow better. Buy the essentials today and pay in small, manageable installments."
ad_1719,Klarna,25-34,8843,4049.43,Zero interest when you pay in 4.,"We help you buy what you want, when you want it. Download the app today."
ad_1720,Affirm,18-24,4308,157.61,"Get it now, pay over time.","We help you buy what you want, when you want it. Download the app today. No credit impact! Treat yourself now. Instant decision."
ad_1721,Affirm,18-24,625,4238.29,Unlock your purchasing power.,Instant approval! Just select our payment option at checkout. No credit impact! Treat yourself now. Instant decision.
ad_1722,Affirm,65+,2414,2152.91,Don't wait! Buy today and pay later.,"Why wait until payday? Get the things you want now and split your payments. It's fast, easy, and risk-free. Smart budgeting for your family. No interest fees."
ad_1723,Afterpay,25-34,1007,2611.29,Don't wait! Buy today and pay later.,Instant approval! Just select our payment option at checkout.
ad_1724,Affirm,25-34,3617,251.89,Zero interest when you pay in 4.,"Why wait until payday? Get the things you want now and split your payments. It's fast, easy, and risk-free."
ad_1725,Sezzle,45-54,11046,1180.36,Zero interest when you pay in 4.,Don't let tight budgets hold you back. Flexible payment options available now!
ad_1726,Afterpay,45-54,4496,1994.04,Zero interest when you pay in 4.,"Shop your favorite brands and pay over 6 weeks. No interest, no hard credit check."
ad_1727,PayPal Pay Later,25-34,5050,200.96,"Buy Now, Pay Later with no hidden fees!","Shop your favorite brands and pay over 6 weeks. No interest, no hard credit check."
ad_1728,Klarna,35-44,5375,1881.49,"Get it now, pay over time.",Instant approval! Just select our payment option at checkout.
ad_1729,Klarna,18-24,210,1722.95,Unlock your purchasing power.,"Shop your favorite brands and pay over 6 weeks. No interest, no hard credit check. No credit impact! Treat yourself now. Instant decision."
ad_1730,Afterpay,35-44,1268,2025.25,Unlock your purchasing power.,Instant approval! Just select our payment option at checkout.
ad_1731,Afterpay,25-34,1992,2193.22,"Get it now, pay over time.","We help you buy what you want, when you want it. Download the app today. No credit impact! Treat yourself now. Instant decision."
ad_1732,PayPal Pay Later,25-34,7072,4080.79,Zero interest when you pay in 4.,Instant approval! Just select our payment option at checkout.
ad_1733,Affirm,25-34,2689,3970.42,Split your purchase into 4 easy payments.,"Shop your favorite brands and pay over 6 weeks. No interest, no hard credit check. No credit impact! Treat yourself now. Instant decision."
ad_1734,PayPal Pay Later,18-24,2230,1364.77,"Get it now, pay over time.","We help you buy what you want, when you want it. Download the app today. No credit impact! Treat yourself now. Instant decision."
ad_1735,Zip,25-34,178,2332.12,"Buy Now, Pay Later with no hidden fees!","Manage your cash flow better. Buy the essentials today and pay in small, manageable installments. No credit impact! Treat yourself now. Instant decision."
ad_1736,PayPal Pay Later,25-34,6143,1290.38,Unlock your purchasing power.,Don't let tight budgets hold you back. Flexible payment options available now!
ad_1737,PayPal Pay Later,25-34,23288,4480.58,"Buy Now, Pay Later with no hidden fees!",Don't let tight budgets hold you back. Flexible payment options available now! No credit impact! Treat yourself now. Instant decision.
ad_1738,Sezzle,25-34,16500,4698.59,"Buy Now, Pay Later with no hidden fees!","Why wait until payday? Get the things you want now and split your payments. It's fast, easy, and risk-free. No credit impact! Treat yourself now. Instant decision."
ad_1739,Zip,25-34,6428,2628.04,Don't wait! Buy today and pay later.,"Shop your favorite brands and pay over 6 weeks. No interest, no hard credit check. No credit impact! Treat yourself now. Instant decision."
ad_1740,PayPal Pay Later,25-34,2640,3976.83,Split your purchase into 4 easy payments.,"Shop your favorite brands and pay over 6 weeks. No interest, no hard credit check. No credit impact! Treat yourself now. Instant decision."
ad_1741,Zip,25-34,12563,2999.94,"Get it now, pay over time.","Shop your favorite brands and pay over 6 weeks. No interest, no hard credit check. No credit impact! Treat yourself now. Instant decision."
ad_1742,Sezzle,25-34,507,2065.46,Unlock your purchasing power.,"Shop your favorite brands and pay over 6 weeks. No interest, no hard credit check. No credit impact! Treat yourself now. Instant decision."
ad_1743,Affirm,35-44,1005,967.5,"Get it now, pay over time.","Shop your favorite brands and pay over 6 weeks. No interest, no hard credit check."
ad_1744,Zip,25-34,2814,4666.6,Unlock your purchasing power.,"Why wait until payday? Get the things you want now and split your payments. It's fast, easy, and risk-free."
ad_1745,Klarna,18-24,2833,2806.78,Zero interest when you pay in 4.,"Shop your favorite brands and pay over 6 weeks. No interest, no hard credit check."
ad_1746,PayPal Pay Later,35-44,4464,4111.28,"Buy Now, Pay Later with no hidden fees!","Manage your cash flow better. Buy the essentials today and pay in small, manageable installments."
ad_1747,Afterpay,18-24,2656,703.73,Don't wait! Buy today and pay later.,Don't let tight budgets hold you back. Flexible payment options available now! No credit impact! Treat yourself now. Instant decision.
ad_1748,Sezzle,18-24,5393,3026.73,Unlock your purchasing power.,"Shop your favorite brands and pay over 6 weeks. No interest, no hard credit check. No credit impact! Treat yourself now. Instant decision."
ad_1749,Afterpay,55-64,11126,92.42,Split your purchase into 4 easy payments.,"Why wait until payday? Get the things you want now and split your payments. It's fast, easy, and risk-free. Smart budgeting for your family. No interest fees."
ad_1750,Klarna,25-34,4172,3525.38,Zero interest when you pay in 4.,"Manage your cash flow better. Buy the essentials today and pay in small, manageable installments. No credit impact! Treat yourself now. Instant decision."
ad_1751,Sezzle,18-24,1426,4771.91,"Buy Now, Pay Later with no hidden fees!",Instant approval! Just select our payment option at checkout. No credit impact! Treat yourself now. Instant decision.
ad_1752,Zip,25-34,2785,1069.82,Don't wait! Buy today and pay later.,Don't let tight budgets hold you back. Flexible payment options available now! No credit impact! Treat yourself now. Instant decision.
ad_1753,Zip,18-24,10123,2552.65,"Get it now, pay over time.",Instant approval! Just select our payment option at checkout. No credit impact! Treat yourself now. Instant decision.
ad_1754,PayPal Pay Later,45-54,233,851.74,Split your purchase into 4 easy payments.,Don't let tight budgets hold you back. Flexible payment options available now! Smart budgeting for your family. No interest fees.
ad_1755,PayPal Pay Later,35-44,4125,2935.94,Unlock your purchasing power.,"Shop your favorite brands and pay over 6 weeks. No interest, no hard credit check."
ad_1756,Klarna,35-44,564,2284.54,Zero interest when you pay in 4.,Don't let tight budgets hold you back. Flexible payment options available now! Smart budgeting for your family. No interest fees.
ad_1757,Sezzle,25-34,7210,2686.92,Don't wait! Buy today and pay later.,"Why wait until payday? Get the things you want now and split your payments. It's fast, easy, and risk-free. No credit impact! Treat yourself now. Instant decision."
ad_1758,Sezzle,18-24,7368,1950.55,"Buy Now, Pay Later with no hidden fees!","Why wait until payday? Get the things you want now and split your payments. It's fast, easy, and risk-free."
ad_1759,Affirm,18-24,2378,3799.44,Split your purchase into 4 easy payments.,"Shop your favorite brands and pay over 6 weeks. No interest, no hard credit check."
ad_1760,Afterpay,18-24,668,676.08,Don't wait! Buy today and pay later.,"Shop your favorite brands and pay over 6 weeks. No interest, no hard credit check. No credit impact! Treat yourself now. Instant decision."
ad_1761,Sezzle,35-44,9508,2591.81,Don't wait! Buy today and pay later.,"We help you buy what you want, when you want it. Download the app today."
ad_1762,PayPal Pay Later,45-54,155,1036.94,"Buy Now, Pay Later with no hidden fees!","Manage your cash flow better. Buy the essentials today and pay in small, manageable installments."
ad_1763,Zip,25-34,1569,1280.25,Don't wait! Buy today and pay later.,"We help you buy what you want, when you want it. Download the app today. No credit impact! Treat yourself now. Instant decision."
ad_1764,PayPal Pay Later,18-24,1539,3885.55,Zero interest when you pay in 4.,Instant approval! Just select our payment option at checkout. No credit impact! Treat yourself now. Instant decision.
ad_1765,Sezzle,25-34,1781,3452.58,"Buy Now, Pay Later with no hidden fees!","Manage your cash flow better. Buy the essentials today and pay in small, manageable installments. No credit impact! Treat yourself now. Instant decision."
ad_1766,Afterpay,25-34,2716,1137.11,Unlock your purchasing power.,Don't let tight budgets hold you back. Flexible payment options available now! No credit impact! Treat yourself now. Instant decision.
ad_1767,Sezzle,35-44,3766,4883.68,"Buy Now, Pay Later with no hidden fees!",Instant approval! Just select our payment option at checkout.
ad_1768,PayPal Pay Later,45-54,11034,4088.31,"Get it now, pay over time.","Why wait until payday? Get the things you want now and split your payments. It's fast, easy, and risk-free. Smart budgeting for your family. No interest fees."
ad_1769,Zip,25-34,3145,3066.05,"Get it now, pay over time.",Instant approval! Just select our payment option at checkout. No credit impact! Treat yourself now. Instant decision.
ad_1770,Affirm,25-34,17734,2847.12,Zero interest when you pay in 4.,"Why wait until payday? Get the things you want now and split your payments. It's fast, easy, and risk-free. No credit impact! Treat yourself now. Instant decision."
ad_1771,Sezzle,45-54,28927,4017.01,Don't wait! Buy today and pay later.,Instant approval! Just select our payment option at checkout.
ad_1772,Klarna,18-24,10003,2550.57,Unlock your purchasing power.,Don't let tight budgets hold you back. Flexible payment options available now! No credit impact! Treat yourself now. Instant decision.
ad_1773,Affirm,25-34,2929,4409.31,Split your purchase into 4 easy payments.,Instant approval! Just select our payment option at checkout. No credit impact! Treat yourself now. Instant decision.
ad_1774,Sezzle,18-24,1211,2798.55,Unlock your purchasing power.,"Manage your cash flow better. Buy the essentials today and pay in small, manageable installments."
ad_1775,Klarna,55-64,12325,1811.44,Don't wait! Buy today and pay later.,"Shop your favorite brands and pay over 6 weeks. No interest, no hard credit check."
ad_1776,Afterpay,45-54,905,952.56,"Buy Now, Pay Later with no hidden fees!",Don't let tight budgets hold you back. Flexible payment options available now! Smart budgeting for your family. No interest fees.
ad_1777,Afterpay,18-24,20817,1721.67,"Buy Now, Pay Later with no hidden fees!","Manage your cash flow better. Buy the essentials today and pay in small, manageable installments. No credit impact! Treat yourself now. Instant decision."
ad_1778,Afterpay,25-34,823,3181.75,Unlock your purchasing power.,Don't let tight budgets hold you back. Flexible payment options available now! No credit impact! Treat yourself now. Instant decision.
ad_1779,Affirm,25-34,1798,1752.08,Unlock your purchasing power.,"Manage your cash flow better. Buy the essentials today and pay in small, manageable installments. No credit impact! Treat yourself now. Instant decision."
ad_1780,Klarna,25-34,735,3040.82,"Buy Now, Pay Later with no hidden fees!","Why wait until payday? Get the things you want now and split your payments. It's fast, easy, and risk-free."
ad_1781,Sezzle,18-24,1543,2062.8,Split your purchase into 4 easy payments.,"Shop your favorite brands and pay over 6 weeks. No interest, no hard credit check."
ad_1782,Klarna,18-24,3364,2950.19,Zero interest when you pay in 4.,"Shop your favorite brands and pay over 6 weeks. No interest, no hard credit check."
ad_1783,Klarna,18-24,19546,611.69,"Buy Now, Pay Later with no hidden fees!",Don't let tight budgets hold you back. Flexible payment options available now!
ad_1784,Sezzle,18-24,3115,2680.09,Zero interest when you pay in 4.,"We help you buy what you want, when you want it. Download the app today. No credit impact! Treat yourself now. Instant decision."
ad_1785,Affirm,25-34,475,3914.89,"Get it now, pay over time.","We help you buy what you want, when you want it. Download the app today. No credit impact! Treat yourself now. Instant decision."
ad_1786,Zip,18-24,6742,2076.77,"Get it now, pay over time.","We help you buy what you want, when you want it. Download the app today."
ad_1787,Zip,18-24,1034,932.4,"Buy Now, Pay Later with no hidden fees!","Why wait until payday? Get the things you want now and split your payments. It's fast, easy, and risk-free. No credit impact! Treat yourself now. Instant decision."
ad_1788,Affirm,18-24,3522,3340.76,"Get it now, pay over time.","We help you buy what you want, when you want it. Download the app today. No credit impact! Treat yourself now. Instant decision."
ad_1789,Sezzle,25-34,3649,3612.49,"Buy Now, Pay Later with no hidden fees!","Manage your cash flow better. Buy the essentials today and pay in small, manageable installments. No credit impact! Treat yourself now. Instant decision."
ad_1790,PayPal Pay Later,18-24,3769,688.73,Split your purchase into 4 easy payments.,"Shop your favorite brands and pay over 6 weeks. No interest, no hard credit check. No credit impact! Treat yourself now. Instant decision."
ad_1791,Afterpay,18-24,14266,2821.47,"Buy Now, Pay Later with no hidden fees!","Shop your favorite brands and pay over 6 weeks. No interest, no hard credit check. No credit impact! Treat yourself now. Instant decision."
ad_1792,Klarna,25-34,3649,1034.2,Zero interest when you pay in 4.,Instant approval! Just select our payment option at checkout. No credit impact! Treat yourself now. Instant decision.
ad_1793,Klarna,25-34,628,310.58,"Buy Now, Pay Later with no hidden fees!","Shop your favorite brands and pay over 6 weeks. No interest, no hard credit check."
ad_1794,Sezzle,45-54,10365,750.68,Zero interest when you pay in 4.,"We help you buy what you want, when you want it. Download the app today."
ad_1795,Sezzle,18-24,5723,3099.66,"Buy Now, Pay Later with no hidden fees!","We help you buy what you want, when you want it. Download the app today. No credit impact! Treat yourself now. Instant decision."
ad_1796,PayPal Pay Later,18-24,1509,1402.98,Don't wait! Buy today and pay later.,"Manage your cash flow better. Buy the essentials today and pay in small, manageable installments. No credit impact! Treat yourself now. Instant decision."
ad_1797,Klarna,25-34,3264,4997.51,Unlock your purchasing power.,Don't let tight budgets hold you back. Flexible payment options available now! No credit impact! Treat yourself now. Instant decision.
ad_1798,Sezzle,25-34,2329,2308.72,Zero interest when you pay in 4.,"Shop your favorite brands and pay over 6 weeks. No interest, no hard credit check. No credit impact! Treat yourself now. Instant decision."
ad_1799,PayPal Pay Later,18-24,2356,4862.22,Unlock your purchasing power.,Instant approval! Just select our payment option at checkout. No credit impact! Treat yourself now. Instant decision.
ad_1800,Klarna,25-34,3913,1450.93,Split your purchase into 4 easy payments.,Instant approval! Just select our payment option at checkout. No credit impact! Treat yourself now. Instant decision.
ad_1801,Sezzle,18-24,3661,1931.97,Unlock your purchasing power.,"Manage your cash flow better. Buy the essentials today and pay in small, manageable installments. No credit impact! Treat yourself now. Instant decision."
ad_1802,Klarna,65+,3720,2268.73,Don't wait! Buy today and pay later.,Instant approval! Just select our payment option at checkout. Smart budgeting for your family. No interest fees.
ad_1803,Affirm,35-44,1667,4775.46,Split your purchase into 4 easy payments.,"We help you buy what you want, when you want it. Download the app today. Smart budgeting for your family. No interest fees."
ad_1804,Zip,18-24,1812,3639.21,Zero interest when you pay in 4.,"Why wait until payday? Get the things you want now and split your payments. It's fast, easy, and risk-free."
ad_1805,Zip,45-54,7408,4085.14,Split your purchase into 4 easy payments.,"Why wait until payday? Get the things you want now and split your payments. It's fast, easy, and risk-free. Smart budgeting for your family. No interest fees."
ad_1806,Klarna,18-24,8980,842.97,"Buy Now, Pay Later with no hidden fees!","We help you buy what you want, when you want it. Download the app today."
ad_1807,Afterpay,18-24,10070,457.63,Zero interest when you pay in 4.,Instant approval! Just select our payment option at checkout. No credit impact! Treat yourself now. Instant decision.
ad_1808,Sezzle,18-24,1631,1774.97,Zero interest when you pay in 4.,Instant approval! Just select our payment option at checkout. No credit impact! Treat yourself now. Instant decision.
ad_1809,Afterpay,25-34,2986,2940.25,Zero interest when you pay in 4.,"Shop your favorite brands and pay over 6 weeks. No interest, no hard credit check."
ad_1810,Afterpay,55-64,3252,3693.29,Zero interest when you pay in 4.,Instant approval! Just select our payment option at checkout. Smart budgeting for your family. No interest fees.
ad_1811,Klarna,18-24,669,2345.2,Zero interest when you pay in 4.,"Shop your favorite brands and pay over 6 weeks. No interest, no hard credit check."
ad_1812,Klarna,18-24,3497,2684.94,"Get it now, pay over time.","Why wait until payday? Get the things you want now and split your payments. It's fast, easy, and risk-free."
ad_1813,Klarna,18-24,880,1252.69,Unlock your purchasing power.,"Shop your favorite brands and pay over 6 weeks. No interest, no hard credit check. No credit impact! Treat yourself now. Instant decision."
ad_1814,Klarna,18-24,2796,4832.19,Split your purchase into 4 easy payments.,Don't let tight budgets hold you back. Flexible payment options available now! No credit impact! Treat yourself now. Instant decision.
ad_1815,Sezzle,18-24,553,2349.34,Don't wait! Buy today and pay later.,Instant approval! Just select our payment option at checkout.
ad_1816,Affirm,65+,2474,4231.31,"Buy Now, Pay Later with no hidden fees!","Manage your cash flow better. Buy the essentials today and pay in small, manageable installments. Smart budgeting for your family. No interest fees."
ad_1817,Afterpay,25-34,5372,3883.66,Split your purchase into 4 easy payments.,"We help you buy what you want, when you want it. Download the app today. No credit impact! Treat yourself now. Instant decision."
ad_1818,Afterpay,18-24,7663,838.98,Don't wait! Buy today and pay later.,"We help you buy what you want, when you want it. Download the app today."
ad_1819,PayPal Pay Later,25-34,1493,4143.17,Split your purchase into 4 easy payments.,"Why wait until payday? Get the things you want now and split your payments. It's fast, easy, and risk-free. No credit impact! Treat yourself now. Instant decision."
ad_1820,Afterpay,18-24,4610,1279.92,"Buy Now, Pay Later with no hidden fees!","Shop your favorite brands and pay over 6 weeks. No interest, no hard credit check. No credit impact! Treat yourself now. Instant decision."
ad_1821,Zip,25-34,2461,3500.6,Unlock your purchasing power.,"Shop your favorite brands and pay over 6 weeks. No interest, no hard credit check. No credit impact! Treat yourself now. Instant decision."
ad_1822,Zip,18-24,4196,1926.85,Don't wait! Buy today and pay later.,"Shop your favorite brands and pay over 6 weeks. No interest, no hard credit check."
ad_1823,Klarna,25-34,20277,4224.15,"Buy Now, Pay Later with no hidden fees!","Manage your cash flow better. Buy the essentials today and pay in small, manageable installments."
ad_1824,Affirm,45-54,1976,3452.49,Zero interest when you pay in 4.,Don't let tight budgets hold you back. Flexible payment options available now!
ad_1825,Affirm,25-34,1841,3726.97,"Get it now, pay over time.","Manage your cash flow better. Buy the essentials today and pay in small, manageable installments. No credit impact! Treat yourself now. Instant decision."
ad_1826,Affirm,55-64,539,120.3,Unlock your purchasing power.,"Shop your favorite brands and pay over 6 weeks. No interest, no hard credit check."
ad_1827,Affirm,35-44,1104,944.24,Zero interest when you pay in 4.,Instant approval! Just select our payment option at checkout. Smart budgeting for your family. No interest fees.
ad_1828,PayPal Pay Later,35-44,1528,1162.07,"Get it now, pay over time.","Why wait until payday? Get the things you want now and split your payments. It's fast, easy, and risk-free."
ad_1829,PayPal Pay Later,18-24,21478,1908.72,"Get it now, pay over time.","We help you buy what you want, when you want it. Download the app today."
ad_1830,PayPal Pay Later,18-24,13081,1177.82,Unlock your purchasing power.,"Why wait until payday? Get the things you want now and split your payments. It's fast, easy, and risk-free. No credit impact! Treat yourself now. Instant decision."
ad_1831,Sezzle,35-44,3303,161.89,Don't wait! Buy today and pay later.,"Shop your favorite brands and pay over 6 weeks. No interest, no hard credit check. Smart budgeting for your family. No interest fees."
ad_1832,Affirm,45-54,271,2274.94,Split your purchase into 4 easy payments.,"Why wait until payday? Get the things you want now and split your payments. It's fast, easy, and risk-free."
ad_1833,Affirm,45-54,1324,3455.1,Zero interest when you pay in 4.,"Shop your favorite brands and pay over 6 weeks. No interest, no hard credit check."
ad_1834,Klarna,45-54,575,2381.06,"Buy Now, Pay Later with no hidden fees!","We help you buy what you want, when you want it. Download the app today."
ad_1835,Sezzle,18-24,1682,1684.96,Zero interest when you pay in 4.,Don't let tight budgets hold you back. Flexible payment options available now!
ad_1836,Klarna,18-24,1007,3492.0,"Get it now, pay over time.","Manage your cash flow better. Buy the essentials today and pay in small, manageable installments. No credit impact! Treat yourself now. Instant decision."
ad_1837,Sezzle,18-24,2072,1034.64,Split your purchase into 4 easy payments.,Don't let tight budgets hold you back. Flexible payment options available now! No credit impact! Treat yourself now. Instant decision.
ad_1838,Sezzle,25-34,5306,1006.13,"Get it now, pay over time.","Shop your favorite brands and pay over 6 weeks. No interest, no hard credit check. No credit impact! Treat yourself now. Instant decision."
ad_1839,Zip,25-34,5426,853.07,Split your purchase into 4 easy payments.,"Why wait until payday? Get the things you want now and split your payments. It's fast, easy, and risk-free."
ad_1840,Sezzle,25-34,1566,851.38,Zero interest when you pay in 4.,"Shop your favorite brands and pay over 6 weeks. No interest, no hard credit check. No credit impact! Treat yourself now. Instant decision."
ad_1841,Sezzle,45-54,1204,1898.22,Unlock your purchasing power.,Instant approval! Just select our payment option at checkout.
ad_1842,Affirm,55-64,1536,4358.46,Split your purchase into 4 easy payments.,"Why wait until payday? Get the things you want now and split your payments. It's fast, easy, and risk-free."
ad_1843,PayPal Pay Later,18-24,647,328.56,Don't wait! Buy today and pay later.,"Manage your cash flow better. Buy the essentials today and pay in small, manageable installments. No credit impact! Treat yourself now. Instant decision."
ad_1844,Klarna,25-34,2360,3505.47,Unlock your purchasing power.,"Manage your cash flow better. Buy the essentials today and pay in small, manageable installments."
ad_1845,Affirm,25-34,13039,2153.73,"Get it now, pay over time.",Instant approval! Just select our payment option at checkout.
ad_1846,PayPal Pay Later,25-34,393,3622.16,Don't wait! Buy today and pay later.,"Why wait until payday? Get the things you want now and split your payments. It's fast, easy, and risk-free. No credit impact! Treat yourself now. Instant decision."
ad_1847,PayPal Pay Later,35-44,2268,2792.01,"Get it now, pay over time.","Shop your favorite brands and pay over 6 weeks. No interest, no hard credit check. Smart budgeting for your family. No interest fees."
ad_1848,Affirm,25-34,1707,3316.11,"Get it now, pay over time.",Don't let tight budgets hold you back. Flexible payment options available now! No credit impact! Treat yourself now. Instant decision.
ad_1849,Sezzle,18-24,2161,4506.16,Don't wait! Buy today and pay later.,Instant approval! Just select our payment option at checkout. No credit impact! Treat yourself now. Instant decision.
ad_1850,Afterpay,25-34,5276,1114.27,Don't wait! Buy today and pay later.,"Manage your cash flow better. Buy the essentials today and pay in small, manageable installments. No credit impact! Treat yourself now. Instant decision."
ad_1851,Afterpay,18-24,5589,904.42,Zero interest when you pay in 4.,Instant approval! Just select our payment option at checkout. No credit impact! Treat yourself now. Instant decision.
ad_1852,Klarna,45-54,943,1128.63,"Buy Now, Pay Later with no hidden fees!",Don't let tight budgets hold you back. Flexible payment options available now! Smart budgeting for your family. No interest fees.
ad_1853,Affirm,25-34,2980,2519.31,Unlock your purchasing power.,"Manage your cash flow better. Buy the essentials today and pay in small, manageable installments."
ad_1854,Zip,18-24,10115,706.59,"Get it now, pay over time.","Shop your favorite brands and pay over 6 weeks. No interest, no hard credit check."
ad_1855,Sezzle,18-24,5107,856.44,Don't wait! Buy today and pay later.,"Why wait until payday? Get the things you want now and split your payments. It's fast, easy, and risk-free. No credit impact! Treat yourself now. Instant decision."
ad_1856,Affirm,18-24,2435,3925.52,Zero interest when you pay in 4.,"Manage your cash flow better. Buy the essentials today and pay in small, manageable installments."
ad_1857,Affirm,25-34,15564,2574.8,"Buy Now, Pay Later with no hidden fees!","Manage your cash flow better. Buy the essentials today and pay in small, manageable installments. No credit impact! Treat yourself now. Instant decision."
ad_1858,PayPal Pay Later,35-44,803,2612.51,Unlock your purchasing power.,"Shop your favorite brands and pay over 6 weeks. No interest, no hard credit check."
ad_1859,PayPal Pay Later,25-34,297,3230.01,"Buy Now, Pay Later with no hidden fees!",Instant approval! Just select our payment option at checkout.
ad_1860,Sezzle,25-34,9477,2897.28,Zero interest when you pay in 4.,Instant approval! Just select our payment option at checkout.
ad_1861,Afterpay,18-24,1547,4958.78,"Buy Now, Pay Later with no hidden fees!","Why wait until payday? Get the things you want now and split your payments. It's fast, easy, and risk-free. No credit impact! Treat yourself now. Instant decision."
ad_1862,Sezzle,45-54,5309,3816.41,Don't wait! Buy today and pay later.,"Manage your cash flow better. Buy the essentials today and pay in small, manageable installments. Smart budgeting for your family. No interest fees."
ad_1863,Affirm,35-44,872,1393.23,Unlock your purchasing power.,"Manage your cash flow better. Buy the essentials today and pay in small, manageable installments."
ad_1864,Afterpay,25-34,548,222.66,Don't wait! Buy today and pay later.,"Manage your cash flow better. Buy the essentials today and pay in small, manageable installments. No credit impact! Treat yourself now. Instant decision."
ad_1865,Zip,18-24,3295,1994.29,"Get it now, pay over time.",Instant approval! Just select our payment option at checkout. No credit impact! Treat yourself now. Instant decision.
ad_1866,Sezzle,18-24,3920,3253.2,"Buy Now, Pay Later with no hidden fees!","Why wait until payday? Get the things you want now and split your payments. It's fast, easy, and risk-free. No credit impact! Treat yourself now. Instant decision."
ad_1867,Klarna,18-24,1484,2611.14,"Get it now, pay over time.","We help you buy what you want, when you want it. Download the app today. No credit impact! Treat yourself now. Instant decision."
ad_1868,Klarna,25-34,6334,3244.46,Split your purchase into 4 easy payments.,Instant approval! Just select our payment option at checkout. No credit impact! Treat yourself now. Instant decision.
ad_1869,Klarna,35-44,3393,1040.04,Don't wait! Buy today and pay later.,"Shop your favorite brands and pay over 6 weeks. No interest, no hard credit check. Smart budgeting for your family. No interest fees."
ad_1870,PayPal Pay Later,18-24,511,1319.61,Unlock your purchasing power.,Instant approval! Just select our payment option at checkout.
ad_1871,Affirm,25-34,1572,609.87,Zero interest when you pay in 4.,"Shop your favorite brands and pay over 6 weeks. No interest, no hard credit check."
ad_1872,Afterpay,18-24,4127,159.68,"Get it now, pay over time.",Instant approval! Just select our payment option at checkout. No credit impact! Treat yourself now. Instant decision.
ad_1873,Affirm,18-24,4741,3200.04,"Get it now, pay over time.","We help you buy what you want, when you want it. Download the app today."
ad_1874,PayPal Pay Later,25-34,3612,2020.13,"Buy Now, Pay Later with no hidden fees!","Shop your favorite brands and pay over 6 weeks. No interest, no hard credit check. No credit impact! Treat yourself now. Instant decision."
ad_1875,Zip,18-24,7952,4977.81,Unlock your purchasing power.,Instant approval! Just select our payment option at checkout. No credit impact! Treat yourself now. Instant decision.
ad_1876,PayPal Pay Later,18-24,1664,635.81,Split your purchase into 4 easy payments.,"Shop your favorite brands and pay over 6 weeks. No interest, no hard credit check. No credit impact! Treat yourself now. Instant decision."
ad_1877,PayPal Pay Later,18-24,9816,3565.7,Don't wait! Buy today and pay later.,Instant approval! Just select our payment option at checkout. No credit impact! Treat yourself now. Instant decision.
ad_1878,Klarna,35-44,3696,83.59,Don't wait! Buy today and pay later.,"Why wait until payday? Get the things you want now and split your payments. It's fast, easy, and risk-free. Smart budgeting for your family. No interest fees."
ad_1879,PayPal Pay Later,25-34,1441,3692.71,Zero interest when you pay in 4.,Don't let tight budgets hold you back. Flexible payment options available now! No credit impact! Treat yourself now. Instant decision.
ad_1880,Sezzle,18-24,441,816.96,Unlock your purchasing power.,"Why wait until payday? Get the things you want now and split your payments. It's fast, easy, and risk-free. No credit impact! Treat yourself now. Instant decision."
ad_1881,Klarna,25-34,5933,3344.27,"Get it now, pay over time.",Don't let tight budgets hold you back. Flexible payment options available now! No credit impact! Treat yourself now. Instant decision.
ad_1882,Klarna,25-34,2416,1476.22,Split your purchase into 4 easy payments.,Instant approval! Just select our payment option at checkout.
ad_1883,Affirm,25-34,2767,1353.65,Zero interest when you pay in 4.,"Shop your favorite brands and pay over 6 weeks. No interest, no hard credit check."
ad_1884,Zip,18-24,2538,3617.29,"Get it now, pay over time.",Don't let tight budgets hold you back. Flexible payment options available now! No credit impact! Treat yourself now. Instant decision.
ad_1885,Klarna,35-44,1710,2835.21,Zero interest when you pay in 4.,"We help you buy what you want, when you want it. Download the app today. Smart budgeting for your family. No interest fees."
ad_1886,Afterpay,25-34,3352,961.0,Unlock your purchasing power.,Instant approval! Just select our payment option at checkout.
ad_1887,PayPal Pay Later,65+,3468,4018.65,"Get it now, pay over time.",Instant approval! Just select our payment option at checkout. Smart budgeting for your family. No interest fees.
ad_1888,Sezzle,25-34,7596,255.9,Don't wait! Buy today and pay later.,"Why wait until payday? Get the things you want now and split your payments. It's fast, easy, and risk-free. No credit impact! Treat yourself now. Instant decision."
ad_1889,PayPal Pay Later,18-24,4955,2814.0,"Buy Now, Pay Later with no hidden fees!",Don't let tight budgets hold you back. Flexible payment options available now! No credit impact! Treat yourself now. Instant decision.
ad_1890,Afterpay,35-44,1096,4695.42,Zero interest when you pay in 4.,Instant approval! Just select our payment option at checkout. Smart budgeting for your family. No interest fees.
ad_1891,Klarna,18-24,26731,4543.03,Unlock your purchasing power.,"We help you buy what you want, when you want it. Download the app today. No credit impact! Treat yourself now. Instant decision."
ad_1892,Klarna,25-34,5689,504.66,Don't wait! Buy today and pay later.,"Shop your favorite brands and pay over 6 weeks. No interest, no hard credit check."
ad_1893,Klarna,35-44,30069,4472.62,Don't wait! Buy today and pay later.,"Why wait until payday? Get the things you want now and split your payments. It's fast, easy, and risk-free."
ad_1894,Klarna,65+,10839,3118.49,Unlock your purchasing power.,Don't let tight budgets hold you back. Flexible payment options available now! Smart budgeting for your family. No interest fees.
ad_1895,Klarna,18-24,1785,444.71,Don't wait! Buy today and pay later.,"We help you buy what you want, when you want it. Download the app today. No credit impact! Treat yourself now. Instant decision."
ad_1896,Zip,18-24,892,2581.61,"Get it now, pay over time.","Why wait until payday? Get the things you want now and split your payments. It's fast, easy, and risk-free. No credit impact! Treat yourself now. Instant decision."
ad_1897,PayPal Pay Later,25-34,1229,1966.3,Don't wait! Buy today and pay later.,"Shop your favorite brands and pay over 6 weeks. No interest, no hard credit check. No credit impact! Treat yourself now. Instant decision."
ad_1898,Zip,25-34,9447,4017.95,"Buy Now, Pay Later with no hidden fees!",Instant approval! Just select our payment option at checkout. No credit impact! Treat yourself now. Instant decision.
ad_1899,Afterpay,25-34,1166,2874.91,Zero interest when you pay in 4.,"Shop your favorite brands and pay over 6 weeks. No interest, no hard credit check. No credit impact! Treat yourself now. Instant decision."
ad_1900,Affirm,18-24,11385,3018.61,"Get it now, pay over time.","We help you buy what you want, when you want it. Download the app today. No credit impact! Treat yourself now. Instant decision."
ad_1901,PayPal Pay Later,18-24,1372,379.81,Split your purchase into 4 easy payments.,"Manage your cash flow better. Buy the essentials today and pay in small, manageable installments."
ad_1902,Affirm,55-64,5733,2376.97,"Get it now, pay over time.","We help you buy what you want, when you want it. Download the app today."
ad_1903,PayPal Pay Later,55-64,4802,3189.55,Don't wait! Buy today and pay later.,Instant approval! Just select our payment option at checkout. Smart budgeting for your family. No interest fees.
ad_1904,Zip,25-34,3372,1139.0,Zero interest when you pay in 4.,Don't let tight budgets hold you back. Flexible payment options available now! No credit impact! Treat yourself now. Instant decision.
ad_1905,Klarna,25-34,4998,4741.96,Unlock your purchasing power.,Don't let tight budgets hold you back. Flexible payment options available now!
ad_1906,Zip,35-44,4696,2205.55,Unlock your purchasing power.,Instant approval! Just select our payment option at checkout. Smart budgeting for your family. No interest fees.
ad_1907,Affirm,18-24,1380,3055.97,Split your purchase into 4 easy payments.,"Manage your cash flow better. Buy the essentials today and pay in small, manageable installments. No credit impact! Treat yourself now. Instant decision."
ad_1908,PayPal Pay Later,18-24,10457,3809.46,Split your purchase into 4 easy payments.,Don't let tight budgets hold you back. Flexible payment options available now! No credit impact! Treat yourself now. Instant decision.
ad_1909,Zip,25-34,5923,2474.97,"Get it now, pay over time.","Manage your cash flow better. Buy the essentials today and pay in small, manageable installments. No credit impact! Treat yourself now. Instant decision."
ad_1910,Afterpay,25-34,413,4831.98,"Get it now, pay over time.","Shop your favorite brands and pay over 6 weeks. No interest, no hard credit check. No credit impact! Treat yourself now. Instant decision."
ad_1911,Afterpay,18-24,16040,4551.06,"Get it now, pay over time.","Manage your cash flow better. Buy the essentials today and pay in small, manageable installments. No credit impact! Treat yourself now. Instant decision."
ad_1912,Klarna,18-24,776,1387.73,Unlock your purchasing power.,"Why wait until payday? Get the things you want now and split your payments. It's fast, easy, and risk-free. No credit impact! Treat yourself now. Instant decision."
ad_1913,Afterpay,45-54,4266,4480.78,"Buy Now, Pay Later with no hidden fees!","Shop your favorite brands and pay over 6 weeks. No interest, no hard credit check. Smart budgeting for your family. No interest fees."
ad_1914,Zip,18-24,8592,4340.48,Zero interest when you pay in 4.,"We help you buy what you want, when you want it. Download the app today. No credit impact! Treat yourself now. Instant decision."
ad_1915,Klarna,18-24,1421,1163.24,"Get it now, pay over time.","Manage your cash flow better. Buy the essentials today and pay in small, manageable installments. No credit impact! Treat yourself now. Instant decision."
ad_1916,Afterpay,18-24,2357,3231.59,"Buy Now, Pay Later with no hidden fees!","We help you buy what you want, when you want it. Download the app today. No credit impact! Treat yourself now. Instant decision."
ad_1917,Zip,25-34,2792,2355.56,Don't wait! Buy today and pay later.,Instant approval! Just select our payment option at checkout. No credit impact! Treat yourself now. Instant decision.
ad_1918,Affirm,18-24,4794,4578.03,Unlock your purchasing power.,"Why wait until payday? Get the things you want now and split your payments. It's fast, easy, and risk-free. No credit impact! Treat yourself now. Instant decision."
ad_1919,Affirm,18-24,1877,2936.82,Split your purchase into 4 easy payments.,"We help you buy what you want, when you want it. Download the app today. No credit impact! Treat yourself now. Instant decision."
ad_1920,Sezzle,18-24,4254,4504.29,Split your purchase into 4 easy payments.,"We help you buy what you want, when you want it. Download the app today."
ad_1921,Sezzle,18-24,5181,479.4,Don't wait! Buy today and pay later.,Don't let tight budgets hold you back. Flexible payment options available now! No credit impact! Treat yourself now. Instant decision.
ad_1922,Afterpay,18-24,2274,331.36,"Buy Now, Pay Later with no hidden fees!","Shop your favorite brands and pay over 6 weeks. No interest, no hard credit check. No credit impact! Treat yourself now. Instant decision."
ad_1923,Affirm,18-24,742,1772.67,Zero interest when you pay in 4.,Don't let tight budgets hold you back. Flexible payment options available now! No credit impact! Treat yourself now. Instant decision.
ad_1924,PayPal Pay Later,18-24,1620,583.89,Don't wait! Buy today and pay later.,Instant approval! Just select our payment option at checkout. No credit impact! Treat yourself now. Instant decision.
ad_1925,Zip,35-44,3514,4148.16,"Buy Now, Pay Later with no hidden fees!","Shop your favorite brands and pay over 6 weeks. No interest, no hard credit check. Smart budgeting for your family. No interest fees."
ad_1926,Klarna,18-24,3793,3053.96,Unlock your purchasing power.,"Why wait until payday? Get the things you want now and split your payments. It's fast, easy, and risk-free."
ad_1927,PayPal Pay Later,25-34,529,1151.89,Don't wait! Buy today and pay later.,"Why wait until payday? Get the things you want now and split your payments. It's fast, easy, and risk-free."
ad_1928,Afterpay,18-24,1767,226.95,Split your purchase into 4 easy payments.,"Why wait until payday? Get the things you want now and split your payments. It's fast, easy, and risk-free. No credit impact! Treat yourself now. Instant decision."
ad_1929,PayPal Pay Later,18-24,1432,3361.32,Zero interest when you pay in 4.,"Manage your cash flow better. Buy the essentials today and pay in small, manageable installments."
ad_1930,Sezzle,35-44,4124,411.19,Unlock your purchasing power.,Don't let tight budgets hold you back. Flexible payment options available now!
ad_1931,Affirm,35-44,5327,3023.66,Don't wait! Buy today and pay later.,"Shop your favorite brands and pay over 6 weeks. No interest, no hard credit check."
ad_1932,Klarna,25-34,2869,3144.82,Don't wait! Buy today and pay later.,Don't let tight budgets hold you back. Flexible payment options available now! No credit impact! Treat yourself now. Instant decision.
ad_1933,Affirm,18-24,1030,4579.41,Unlock your purchasing power.,Instant approval! Just select our payment option at checkout. No credit impact! Treat yourself now. Instant decision.
ad_1934,Sezzle,25-34,5872,2620.44,"Buy Now, Pay Later with no hidden fees!",Instant approval! Just select our payment option at checkout. No credit impact! Treat yourself now. Instant decision.
ad_1935,Zip,25-34,5815,928.29,Unlock your purchasing power.,Don't let tight budgets hold you back. Flexible payment options available now!
ad_1936,Zip,25-34,563,1862.89,Split your purchase into 4 easy payments.,"Why wait until payday? Get the things you want now and split your payments. It's fast, easy, and risk-free."
ad_1937,Klarna,35-44,3891,2789.98,"Get it now, pay over time.",Instant approval! Just select our payment option at checkout. Smart budgeting for your family. No interest fees.
ad_1938,Afterpay,18-24,486,2515.85,Zero interest when you pay in 4.,"Why wait until payday? Get the things you want now and split your payments. It's fast, easy, and risk-free."
ad_1939,Affirm,18-24,1152,1176.08,Unlock your purchasing power.,Don't let tight budgets hold you back. Flexible payment options available now! No credit impact! Treat yourself now. Instant decision.
ad_1940,PayPal Pay Later,18-24,20447,3651.59,Split your purchase into 4 easy payments.,"Shop your favorite brands and pay over 6 weeks. No interest, no hard credit check. No credit impact! Treat yourself now. Instant decision."
ad_1941,Zip,18-24,989,4460.72,Don't wait! Buy today and pay later.,"Manage your cash flow better. Buy the essentials today and pay in small, manageable installments."
ad_1942,Afterpay,18-24,2869,978.67,Unlock your purchasing power.,"Why wait until payday? Get the things you want now and split your payments. It's fast, easy, and risk-free."
ad_1943,Zip,25-34,2344,474.47,Unlock your purchasing power.,"Manage your cash flow better. Buy the essentials today and pay in small, manageable installments."
ad_1944,Zip,25-34,1452,1209.26,Split your purchase into 4 easy payments.,"Manage your cash flow better. Buy the essentials today and pay in small, manageable installments. No credit impact! Treat yourself now. Instant decision."
ad_1945,Afterpay,18-24,5609,4263.0,Unlock your purchasing power.,Instant approval! Just select our payment option at checkout. No credit impact! Treat yourself now. Instant decision.
ad_1946,Klarna,25-34,11219,2416.58,Don't wait! Buy today and pay later.,"Why wait until payday? Get the things you want now and split your payments. It's fast, easy, and risk-free."
ad_1947,PayPal Pay Later,25-34,6898,4491.35,Zero interest when you pay in 4.,"We help you buy what you want, when you want it. Download the app today. No credit impact! Treat yourself now. Instant decision."
ad_1948,PayPal Pay Later,35-44,663,2732.31,"Get it now, pay over time.","Shop your favorite brands and pay over 6 weeks. No interest, no hard credit check."
ad_1949,Afterpay,18-24,8068,4381.85,Zero interest when you pay in 4.,"We help you buy what you want, when you want it. Download the app today."
ad_1950,Sezzle,25-34,8141,2107.88,Don't wait! Buy today and pay later.,Instant approval! Just select our payment option at checkout. No credit impact! Treat yourself now. Instant decision.
ad_1951,Sezzle,18-24,14952,4309.53,Split your purchase into 4 easy payments.,"Manage your cash flow better. Buy the essentials today and pay in small, manageable installments. No credit impact! Treat yourself now. Instant decision."
ad_1952,PayPal Pay Later,55-64,2346,2124.42,"Buy Now, Pay Later with no hidden fees!","Manage your cash flow better. Buy the essentials today and pay in small, manageable installments."
ad_1953,Zip,18-24,1554,2554.88,Split your purchase into 4 easy payments.,Instant approval! Just select our payment option at checkout. No credit impact! Treat yourself now. Instant decision.
ad_1954,Afterpay,18-24,5769,108.24,Zero interest when you pay in 4.,Don't let tight budgets hold you back. Flexible payment options available now! No credit impact! Treat yourself now. Instant decision.
ad_1955,PayPal Pay Later,45-54,2572,465.81,Don't wait! Buy today and pay later.,"We help you buy what you want, when you want it. Download the app today. Smart budgeting for your family. No interest fees."
ad_1956,Klarna,25-34,2552,4075.06,Split your purchase into 4 easy payments.,"Shop your favorite brands and pay over 6 weeks. No interest, no hard credit check. No credit impact! Treat yourself now. Instant decision."
ad_1957,Afterpay,65+,1815,488.73,Split your purchase into 4 easy payments.,Instant approval! Just select our payment option at checkout.
ad_1958,Affirm,25-34,3373,4012.03,"Get it now, pay over time.","Shop your favorite brands and pay over 6 weeks. No interest, no hard credit check. No credit impact! Treat yourself now. Instant decision."
ad_1959,Klarna,25-34,1738,3352.71,"Buy Now, Pay Later with no hidden fees!","Why wait until payday? Get the things you want now and split your payments. It's fast, easy, and risk-free."
ad_1960,Sezzle,18-24,3357,343.72,Zero interest when you pay in 4.,"Manage your cash flow better. Buy the essentials today and pay in small, manageable installments. No credit impact! Treat yourself now. Instant decision."
ad_1961,Sezzle,25-34,4116,1802.4,Unlock your purchasing power.,"Manage your cash flow better. Buy the essentials today and pay in small, manageable installments. No credit impact! Treat yourself now. Instant decision."
ad_1962,Zip,25-34,1867,3705.5,Split your purchase into 4 easy payments.,"Manage your cash flow better. Buy the essentials today and pay in small, manageable installments. No credit impact! Treat yourself now. Instant decision."
ad_1963,PayPal Pay Later,65+,1557,1329.99,Zero interest when you pay in 4.,"Why wait until payday? Get the things you want now and split your payments. It's fast, easy, and risk-free. Smart budgeting for your family. No interest fees."
ad_1964,Affirm,18-24,553,4567.87,"Buy Now, Pay Later with no hidden fees!","We help you buy what you want, when you want it. Download the app today. No credit impact! Treat yourself now. Instant decision."
ad_1965,Afterpay,25-34,1499,2795.73,Unlock your purchasing power.,"Why wait until payday? Get the things you want now and split your payments. It's fast, easy, and risk-free. No credit impact! Treat yourself now. Instant decision."
ad_1966,Sezzle,25-34,1818,1202.01,Don't wait! Buy today and pay later.,"We help you buy what you want, when you want it. Download the app today. No credit impact! Treat yourself now. Instant decision."
ad_1967,Affirm,25-34,677,2920.81,Zero interest when you pay in 4.,"Shop your favorite brands and pay over 6 weeks. No interest, no hard credit check."
ad_1968,Afterpay,18-24,1497,2114.39,Don't wait! Buy today and pay later.,Don't let tight budgets hold you back. Flexible payment options available now! No credit impact! Treat yourself now. Instant decision.
ad_1969,PayPal Pay Later,18-24,6561,2849.94,Zero interest when you pay in 4.,"Why wait until payday? Get the things you want now and split your payments. It's fast, easy, and risk-free. No credit impact! Treat yourself now. Instant decision."
ad_1970,Affirm,35-44,73774,1046.19,Don't wait! Buy today and pay later.,"Manage your cash flow better. Buy the essentials today and pay in small, manageable installments. Smart budgeting for your family. No interest fees."
ad_1971,PayPal Pay Later,35-44,1325,2205.75,Split your purchase into 4 easy payments.,"We help you buy what you want, when you want it. Download the app today."
ad_1972,PayPal Pay Later,25-34,1668,3720.51,Zero interest when you pay in 4.,"Manage your cash flow better. Buy the essentials today and pay in small, manageable installments."
ad_1973,Afterpay,45-54,4700,60.6,Zero interest when you pay in 4.,"Shop your favorite brands and pay over 6 weeks. No interest, no hard credit check. Smart budgeting for your family. No interest fees."
ad_1974,Klarna,18-24,8658,666.3,"Buy Now, Pay Later with no hidden fees!",Don't let tight budgets hold you back. Flexible payment options available now!
ad_1975,Klarna,18-24,1703,699.52,Split your purchase into 4 easy payments.,"Manage your cash flow better. Buy the essentials today and pay in small, manageable installments. No credit impact! Treat yourself now. Instant decision."
ad_1976,PayPal Pay Later,18-24,6285,295.64,Split your purchase into 4 easy payments.,"Shop your favorite brands and pay over 6 weeks. No interest, no hard credit check."
ad_1977,PayPal Pay Later,45-54,1557,4472.55,Split your purchase into 4 easy payments.,Don't let tight budgets hold you back. Flexible payment options available now!
ad_1978,Sezzle,65+,3319,3249.69,Don't wait! Buy today and pay later.,Instant approval! Just select our payment option at checkout. Smart budgeting for your family. No interest fees.
ad_1979,Affirm,25-34,8088,2551.39,"Buy Now, Pay Later with no hidden fees!",Don't let tight budgets hold you back. Flexible payment options available now! No credit impact! Treat yourself now. Instant decision.
ad_1980,Zip,25-34,15945,2007.25,"Get it now, pay over time.",Instant approval! Just select our payment option at checkout. No credit impact! Treat yourself now. Instant decision.
ad_1981,PayPal Pay Later,18-24,931,924.95,"Buy Now, Pay Later with no hidden fees!",Instant approval! Just select our payment option at checkout. No credit impact! Treat yourself now. Instant decision.
ad_1982,Sezzle,18-24,4024,4137.07,"Get it now, pay over time.",Instant approval! Just select our payment option at checkout. No credit impact! Treat yourself now. Instant decision.
ad_1983,Affirm,18-24,2579,3231.62,Zero interest when you pay in 4.,"Manage your cash flow better. Buy the essentials today and pay in small, manageable installments."
ad_1984,PayPal Pay Later,25-34,1352,1499.88,Unlock your purchasing power.,Instant approval! Just select our payment option at checkout. No credit impact! Treat yourself now. Instant decision.
ad_1985,Afterpay,35-44,5761,562.7,Unlock your purchasing power.,Instant approval! Just select our payment option at checkout.
ad_1986,Zip,45-54,1481,2193.19,Don't wait! Buy today and pay later.,"We help you buy what you want, when you want it. Download the app today. Smart budgeting for your family. No interest fees."
ad_1987,Affirm,35-44,12907,4272.27,"Get it now, pay over time.",Don't let tight budgets hold you back. Flexible payment options available now! Smart budgeting for your family. No interest fees.
ad_1988,Afterpay,18-24,5243,288.95,Zero interest when you pay in 4.,"Shop your favorite brands and pay over 6 weeks. No interest, no hard credit check. No credit impact! Treat yourself now. Instant decision."
ad_1989,Zip,55-64,3442,4183.1,"Buy Now, Pay Later with no hidden fees!","Shop your favorite brands and pay over 6 weeks. No interest, no hard credit check."
ad_1990,PayPal Pay Later,18-24,1503,2928.58,Unlock your purchasing power.,"Why wait until payday? Get the things you want now and split your payments. It's fast, easy, and risk-free. No credit impact! Treat yourself now. Instant decision."
ad_1991,Sezzle,25-34,1912,151.44,Zero interest when you pay in 4.,"Manage your cash flow better. Buy the essentials today and pay in small, manageable installments. No credit impact! Treat yourself now. Instant decision."
ad_1992,Klarna,18-24,2726,3134.58,Zero interest when you pay in 4.,"Why wait until payday? Get the things you want now and split your payments. It's fast, easy, and risk-free. No credit impact! Treat yourself now. Instant decision."
ad_1993,Afterpay,18-24,1594,2335.76,"Get it now, pay over time.","Why wait until payday? Get the things you want now and split your payments. It's fast, easy, and risk-free."
ad_1994,PayPal Pay Later,18-24,325,1294.99,Split your purchase into 4 easy payments.,"We help you buy what you want, when you want it. Download the app today."
ad_1995,Afterpay,18-24,2451,3052.3,"Get it now, pay over time.","Shop your favorite brands and pay over 6 weeks. No interest, no hard credit check. No credit impact! Treat yourself now. Instant decision."
ad_1996,Zip,25-34,961,94.58,Don't wait! Buy today and pay later.,"We help you buy what you want, when you want it. Download the app today. No credit impact! Treat yourself now. Instant decision."
ad_1997,Afterpay,25-34,1345,874.4,"Get it now, pay over time.","We help you buy what you want, when you want it. Download the app today. No credit impact! Treat yourself now. Instant decision."
ad_1998,PayPal Pay Later,18-24,8325,2187.08,"Buy Now, Pay Later with no hidden fees!",Don't let tight budgets hold you back. Flexible payment options available now! No credit impact! Treat yourself now. Instant decision.
ad_1999,Sezzle,25-34,1586,1403.84,"Buy Now, Pay Later with no hidden fees!","Shop your favorite brands and pay over 6 weeks. No interest, no hard credit check. No credit impact! Treat yourself now. Instant decision."
ad_2000,Klarna,18-24,22028,2495.92,"Buy Now, Pay Later with no hidden fees!",Instant approval! Just select our payment option at checkout. No credit impact! Treat yourself now. Instant decision.
ad_2001,PayPal Pay Later,25-34,1362,3544.39,Zero interest when you pay in 4.,"Manage your cash flow better. Buy the essentials today and pay in small, manageable installments. No credit impact! Treat yourself now. Instant decision."
ad_2002,PayPal Pay Later,18-24,3347,4330.54,Zero interest when you pay in 4.,Instant approval! Just select our payment option at checkout. No credit impact! Treat yourself now. Instant decision.
ad_2003,Afterpay,45-54,2610,202.38,Unlock your purchasing power.,Instant approval! Just select our payment option at checkout. Smart budgeting for your family. No interest fees.
ad_2004,PayPal Pay Later,45-54,601,3988.75,Unlock your purchasing power.,"Why wait until payday? Get the things you want now and split your payments. It's fast, easy, and risk-free. Smart budgeting for your family. No interest fees."
ad_2005,Klarna,18-24,1306,2835.14,Unlock your purchasing power.,Instant approval! Just select our payment option at checkout.
ad_2006,PayPal Pay Later,35-44,980,3310.99,Unlock your purchasing power.,"Why wait until payday? Get the things you want now and split your payments. It's fast, easy, and risk-free."
ad_2007,PayPal Pay Later,18-24,923,1940.82,Zero interest when you pay in 4.,Instant approval! Just select our payment option at checkout.
ad_2008,Afterpay,25-34,13606,2573.96,Split your purchase into 4 easy payments.,Don't let tight budgets hold you back. Flexible payment options available now! No credit impact! Treat yourself now. Instant decision.
ad_2009,Affirm,18-24,4946,2871.41,"Get it now, pay over time.",Instant approval! Just select our payment option at checkout. No credit impact! Treat yourself now. Instant decision.
ad_2010,Afterpay,18-24,3083,4986.27,Don't wait! Buy today and pay later.,"Why wait until payday? Get the things you want now and split your payments. It's fast, easy, and risk-free. No credit impact! Treat yourself now. Instant decision."
ad_2011,Sezzle,45-54,6032,2971.98,"Get it now, pay over time.","Shop your favorite brands and pay over 6 weeks. No interest, no hard credit check."
ad_2012,PayPal Pay Later,25-34,1664,1394.15,Split your purchase into 4 easy payments.,Instant approval! Just select our payment option at checkout.
ad_2013,PayPal Pay Later,45-54,1552,1471.3,"Buy Now, Pay Later with no hidden fees!",Instant approval! Just select our payment option at checkout.
ad_2014,Klarna,18-24,2303,847.18,Unlock your purchasing power.,Don't let tight budgets hold you back. Flexible payment options available now!
ad_2015,Afterpay,35-44,22219,740.66,Zero interest when you pay in 4.,Instant approval! Just select our payment option at checkout. Smart budgeting for your family. No interest fees.
ad_2016,Afterpay,25-34,2774,138.47,Zero interest when you pay in 4.,Instant approval! Just select our payment option at checkout. No credit impact! Treat yourself now. Instant decision.
ad_2017,PayPal Pay Later,25-34,28491,500.78,Don't wait! Buy today and pay later.,"We help you buy what you want, when you want it. Download the app today. No credit impact! Treat yourself now. Instant decision."
ad_2018,Affirm,18-24,5740,2048.6,"Get it now, pay over time.","Manage your cash flow better. Buy the essentials today and pay in small, manageable installments. No credit impact! Treat yourself now. Instant decision."
ad_2019,Sezzle,55-64,3854,169.64,Zero interest when you pay in 4.,"We help you buy what you want, when you want it. Download the app today."
ad_2020,Afterpay,18-24,929,2580.91,Don't wait! Buy today and pay later.,Instant approval! Just select our payment option at checkout. No credit impact! Treat yourself now. Instant decision.
ad_2021,Zip,18-24,601,905.31,Don't wait! Buy today and pay later.,Don't let tight budgets hold you back. Flexible payment options available now!
ad_2022,Affirm,25-34,8045,2649.75,Don't wait! Buy today and pay later.,"Shop your favorite brands and pay over 6 weeks. No interest, no hard credit check. No credit impact! Treat yourself now. Instant decision."
ad_2023,PayPal Pay Later,25-34,4679,2055.53,Unlock your purchasing power.,"Shop your favorite brands and pay over 6 weeks. No interest, no hard credit check."
ad_2024,Zip,55-64,14387,3766.52,Split your purchase into 4 easy payments.,"Why wait until payday? Get the things you want now and split your payments. It's fast, easy, and risk-free."
ad_2025,Affirm,45-54,2109,2402.23,"Get it now, pay over time.",Instant approval! Just select our payment option at checkout.
ad_2026,PayPal Pay Later,18-24,3766,1942.7,Don't wait! Buy today and pay later.,Instant approval! Just select our payment option at checkout. No credit impact! Treat yourself now. Instant decision.
ad_2027,Zip,25-34,9556,1409.51,Unlock your purchasing power.,"Shop your favorite brands and pay over 6 weeks. No interest, no hard credit check."
ad_2028,PayPal Pay Later,25-34,24815,738.98,"Get it now, pay over time.",Don't let tight budgets hold you back. Flexible payment options available now! No credit impact! Treat yourself now. Instant decision.
ad_2029,Klarna,25-34,792,2335.8,"Buy Now, Pay Later with no hidden fees!","Manage your cash flow better. Buy the essentials today and pay in small, manageable installments. No credit impact! Treat yourself now. Instant decision."
ad_2030,Sezzle,18-24,6153,2213.77,Don't wait! Buy today and pay later.,Instant approval! Just select our payment option at checkout. No credit impact! Treat yourself now. Instant decision.
ad_2031,PayPal Pay Later,25-34,1328,4774.01,Zero interest when you pay in 4.,"Why wait until payday? Get the things you want now and split your payments. It's fast, easy, and risk-free. No credit impact! Treat yourself now. Instant decision."
ad_2032,Klarna,18-24,780,4241.27,Don't wait! Buy today and pay later.,Don't let tight budgets hold you back. Flexible payment options available now! No credit impact! Treat yourself now. Instant decision.
ad_2033,Zip,18-24,1721,4777.74,Zero interest when you pay in 4.,"We help you buy what you want, when you want it. Download the app today."
ad_2034,Sezzle,18-24,2501,1875.95,Split your purchase into 4 easy payments.,Don't let tight budgets hold you back. Flexible payment options available now!
ad_2035,Affirm,25-34,2710,514.85,"Get it now, pay over time.","Manage your cash flow better. Buy the essentials today and pay in small, manageable installments. No credit impact! Treat yourself now. Instant decision."
ad_2036,Klarna,55-64,6493,1193.89,Unlock your purchasing power.,Instant approval! Just select our payment option at checkout.
ad_2037,Affirm,18-24,970,4263.73,Unlock your purchasing power.,Instant approval! Just select our payment option at checkout. No credit impact! Treat yourself now. Instant decision.
ad_2038,Afterpay,25-34,4714,1852.56,Unlock your purchasing power.,"Shop your favorite brands and pay over 6 weeks. No interest, no hard credit check. No credit impact! Treat yourself now. Instant decision."
ad_2039,Zip,18-24,987,4002.78,"Buy Now, Pay Later with no hidden fees!","Manage your cash flow better. Buy the essentials today and pay in small, manageable installments. No credit impact! Treat yourself now. Instant decision."
ad_2040,Sezzle,35-44,637,1016.11,Zero interest when you pay in 4.,"Manage your cash flow better. Buy the essentials today and pay in small, manageable installments."
ad_2041,Zip,18-24,2762,3773.01,Unlock your purchasing power.,"Manage your cash flow better. Buy the essentials today and pay in small, manageable installments."
ad_2042,PayPal Pay Later,45-54,2580,126.06,Zero interest when you pay in 4.,"Shop your favorite brands and pay over 6 weeks. No interest, no hard credit check. Smart budgeting for your family. No interest fees."
ad_2043,Affirm,25-34,8804,3274.11,"Buy Now, Pay Later with no hidden fees!","Why wait until payday? Get the things you want now and split your payments. It's fast, easy, and risk-free."
ad_2044,PayPal Pay Later,18-24,2946,273.04,Zero interest when you pay in 4.,"We help you buy what you want, when you want it. Download the app today."
ad_2045,Sezzle,65+,478,3711.76,"Buy Now, Pay Later with no hidden fees!","Manage your cash flow better. Buy the essentials today and pay in small, manageable installments."
ad_2046,Zip,25-34,502,2438.13,Split your purchase into 4 easy payments.,"Why wait until payday? Get the things you want now and split your payments. It's fast, easy, and risk-free. No credit impact! Treat yourself now. Instant decision."
ad_2047,PayPal Pay Later,35-44,8640,60.81,Split your purchase into 4 easy payments.,Don't let tight budgets hold you back. Flexible payment options available now!
ad_2048,PayPal Pay Later,25-34,1889,2240.42,Zero interest when you pay in 4.,"Shop your favorite brands and pay over 6 weeks. No interest, no hard credit check. No credit impact! Treat yourself now. Instant decision."
ad_2049,Sezzle,45-54,4518,3548.49,"Buy Now, Pay Later with no hidden fees!",Don't let tight budgets hold you back. Flexible payment options available now!
ad_2050,Affirm,25-34,4194,4320.8,Unlock your purchasing power.,"Why wait until payday? Get the things you want now and split your payments. It's fast, easy, and risk-free. No credit impact! Treat yourself now. Instant decision."
ad_2051,Sezzle,18-24,2368,3550.98,"Buy Now, Pay Later with no hidden fees!","We help you buy what you want, when you want it. Download the app today."
ad_2052,Affirm,18-24,520,3830.05,"Buy Now, Pay Later with no hidden fees!",Don't let tight budgets hold you back. Flexible payment options available now!
ad_2053,Affirm,25-34,1037,2652.15,Split your purchase into 4 easy payments.,"Shop your favorite brands and pay over 6 weeks. No interest, no hard credit check. No credit impact! Treat yourself now. Instant decision."
ad_2054,Affirm,18-24,1783,2719.93,Don't wait! Buy today and pay later.,"We help you buy what you want, when you want it. Download the app today."
ad_2055,Afterpay,35-44,1259,634.0,Zero interest when you pay in 4.,"We help you buy what you want, when you want it. Download the app today. Smart budgeting for your family. No interest fees."
ad_2056,PayPal Pay Later,55-64,1072,3625.13,Don't wait! Buy today and pay later.,"Shop your favorite brands and pay over 6 weeks. No interest, no hard credit check. Smart budgeting for your family. No interest fees."
ad_2057,Affirm,18-24,4457,2069.56,Don't wait! Buy today and pay later.,"Shop your favorite brands and pay over 6 weeks. No interest, no hard credit check. No credit impact! Treat yourself now. Instant decision."
ad_2058,Klarna,25-34,1884,4627.5,"Buy Now, Pay Later with no hidden fees!",Don't let tight budgets hold you back. Flexible payment options available now! No credit impact! Treat yourself now. Instant decision.
ad_2059,Sezzle,55-64,2998,1038.26,Split your purchase into 4 easy payments.,"We help you buy what you want, when you want it. Download the app today."
ad_2060,Sezzle,25-34,409,3871.22,"Get it now, pay over time.","Why wait until payday? Get the things you want now and split your payments. It's fast, easy, and risk-free. No credit impact! Treat yourself now. Instant decision."
ad_2061,Affirm,25-34,11002,2772.69,Zero interest when you pay in 4.,Instant approval! Just select our payment option at checkout.
ad_2062,Affirm,25-34,9496,567.14,Unlock your purchasing power.,"We help you buy what you want, when you want it. Download the app today. No credit impact! Treat yourself now. Instant decision."
ad_2063,Afterpay,18-24,2916,3829.34,Don't wait! Buy today and pay later.,"Manage your cash flow better. Buy the essentials today and pay in small, manageable installments. No credit impact! Treat yourself now. Instant decision."
ad_2064,PayPal Pay Later,55-64,1401,2557.18,Don't wait! Buy today and pay later.,"Why wait until payday? Get the things you want now and split your payments. It's fast, easy, and risk-free. Smart budgeting for your family. No interest fees."
ad_2065,Affirm,18-24,2188,3779.84,Zero interest when you pay in 4.,"Shop your favorite brands and pay over 6 weeks. No interest, no hard credit check. No credit impact! Treat yourself now. Instant decision."
ad_2066,Affirm,25-34,7060,1275.71,Unlock your purchasing power.,Instant approval! Just select our payment option at checkout. No credit impact! Treat yourself now. Instant decision.
ad_2067,Afterpay,18-24,7182,4664.2,Split your purchase into 4 easy payments.,"Shop your favorite brands and pay over 6 weeks. No interest, no hard credit check. No credit impact! Treat yourself now. Instant decision."
ad_2068,Sezzle,25-34,782,2985.29,Split your purchase into 4 easy payments.,"Manage your cash flow better. Buy the essentials today and pay in small, manageable installments. No credit impact! Treat yourself now. Instant decision."
ad_2069,Zip,18-24,1922,3671.46,"Get it now, pay over time.","We help you buy what you want, when you want it. Download the app today."
ad_2070,Sezzle,18-24,1927,3080.43,"Buy Now, Pay Later with no hidden fees!","Why wait until payday? Get the things you want now and split your payments. It's fast, easy, and risk-free. No credit impact! Treat yourself now. Instant decision."
ad_2071,Klarna,25-34,8502,703.32,"Buy Now, Pay Later with no hidden fees!","Manage your cash flow better. Buy the essentials today and pay in small, manageable installments."
ad_2072,Klarna,25-34,2903,1534.87,"Buy Now, Pay Later with no hidden fees!",Instant approval! Just select our payment option at checkout.
ad_2073,Sezzle,35-44,12907,1188.5,Split your purchase into 4 easy payments.,"We help you buy what you want, when you want it. Download the app today. Smart budgeting for your family. No interest fees."
ad_2074,PayPal Pay Later,35-44,1074,3118.83,Don't wait! Buy today and pay later.,"Shop your favorite brands and pay over 6 weeks. No interest, no hard credit check. Smart budgeting for your family. No interest fees."
ad_2075,Affirm,25-34,1267,3065.65,Zero interest when you pay in 4.,"Shop your favorite brands and pay over 6 weeks. No interest, no hard credit check. No credit impact! Treat yourself now. Instant decision."
ad_2076,PayPal Pay Later,25-34,2948,2101.52,"Get it now, pay over time.","Manage your cash flow better. Buy the essentials today and pay in small, manageable installments. No credit impact! Treat yourself now. Instant decision."
ad_2077,Affirm,35-44,2253,1188.93,Don't wait! Buy today and pay later.,"We help you buy what you want, when you want it. Download the app today. Smart budgeting for your family. No interest fees."
ad_2078,Zip,18-24,5692,2193.75,"Get it now, pay over time.","We help you buy what you want, when you want it. Download the app today. No credit impact! Treat yourself now. Instant decision."
ad_2079,PayPal Pay Later,18-24,1503,177.75,Unlock your purchasing power.,"Shop your favorite brands and pay over 6 weeks. No interest, no hard credit check."
ad_2080,Sezzle,25-34,980,1730.49,Split your purchase into 4 easy payments.,"Manage your cash flow better. Buy the essentials today and pay in small, manageable installments. No credit impact! Treat yourself now. Instant decision."
ad_2081,Affirm,18-24,927,4534.09,Split your purchase into 4 easy payments.,"Manage your cash flow better. Buy the essentials today and pay in small, manageable installments. No credit impact! Treat yourself now. Instant decision."
ad_2082,Zip,18-24,781,211.49,Split your purchase into 4 easy payments.,Instant approval! Just select our payment option at checkout. No credit impact! Treat yourself now. Instant decision.
ad_2083,Klarna,25-34,3643,3526.86,Zero interest when you pay in 4.,"Shop your favorite brands and pay over 6 weeks. No interest, no hard credit check. No credit impact! Treat yourself now. Instant decision."
ad_2084,Zip,25-34,12832,4490.38,Split your purchase into 4 easy payments.,Don't let tight budgets hold you back. Flexible payment options available now! No credit impact! Treat yourself now. Instant decision.
ad_2085,PayPal Pay Later,18-24,1589,790.07,Zero interest when you pay in 4.,Don't let tight budgets hold you back. Flexible payment options available now!
ad_2086,Zip,18-24,5233,1270.76,Don't wait! Buy today and pay later.,"Shop your favorite brands and pay over 6 weeks. No interest, no hard credit check. No credit impact! Treat yourself now. Instant decision."
ad_2087,Affirm,55-64,2597,3696.45,Don't wait! Buy today and pay later.,Don't let tight budgets hold you back. Flexible payment options available now!
ad_2088,Affirm,18-24,4295,1536.12,"Get it now, pay over time.",Don't let tight budgets hold you back. Flexible payment options available now! No credit impact! Treat yourself now. Instant decision.
ad_2089,Zip,18-24,13999,2878.25,"Buy Now, Pay Later with no hidden fees!","We help you buy what you want, when you want it. Download the app today. No credit impact! Treat yourself now. Instant decision."
ad_2090,PayPal Pay Later,25-34,8553,2427.32,"Buy Now, Pay Later with no hidden fees!","Manage your cash flow better. Buy the essentials today and pay in small, manageable installments."
ad_2091,Sezzle,18-24,4213,2842.22,Split your purchase into 4 easy payments.,"Why wait until payday? Get the things you want now and split your payments. It's fast, easy, and risk-free."
ad_2092,Zip,25-34,643,2746.69,"Get it now, pay over time.","Manage your cash flow better. Buy the essentials today and pay in small, manageable installments. No credit impact! Treat yourself now. Instant decision."
ad_2093,Afterpay,25-34,3080,4968.5,Split your purchase into 4 easy payments.,Instant approval! Just select our payment option at checkout. No credit impact! Treat yourself now. Instant decision.
ad_2094,Affirm,25-34,4966,2019.5,"Get it now, pay over time.",Instant approval! Just select our payment option at checkout. No credit impact! Treat yourself now. Instant decision.
ad_2095,Zip,18-24,3647,3545.75,Unlock your purchasing power.,"Shop your favorite brands and pay over 6 weeks. No interest, no hard credit check."
ad_2096,Zip,18-24,10632,126.64,"Buy Now, Pay Later with no hidden fees!","Manage your cash flow better. Buy the essentials today and pay in small, manageable installments. No credit impact! Treat yourself now. Instant decision."
ad_2097,Sezzle,25-34,2648,473.86,Unlock your purchasing power.,Instant approval! Just select our payment option at checkout.
ad_2098,PayPal Pay Later,25-34,3812,3887.81,Split your purchase into 4 easy payments.,"Shop your favorite brands and pay over 6 weeks. No interest, no hard credit check. No credit impact! Treat yourself now. Instant decision."
ad_2099,Zip,18-24,2585,655.58,"Buy Now, Pay Later with no hidden fees!","Shop your favorite brands and pay over 6 weeks. No interest, no hard credit check."
ad_2100,Klarna,18-24,14118,883.51,"Buy Now, Pay Later with no hidden fees!","Shop your favorite brands and pay over 6 weeks. No interest, no hard credit check. No credit impact! Treat yourself now. Instant decision."
ad_2101,Sezzle,18-24,2821,3290.38,"Get it now, pay over time.","Shop your favorite brands and pay over 6 weeks. No interest, no hard credit check. No credit impact! Treat yourself now. Instant decision."
ad_2102,Affirm,25-34,635,1892.78,"Buy Now, Pay Later with no hidden fees!","Why wait until payday? Get the things you want now and split your payments. It's fast, easy, and risk-free. No credit impact! Treat yourself now. Instant decision."
ad_2103,Zip,45-54,1834,4074.87,Unlock your purchasing power.,"Shop your favorite brands and pay over 6 weeks. No interest, no hard credit check. Smart budgeting for your family. No interest fees."
ad_2104,Affirm,18-24,3354,2685.12,Unlock your purchasing power.,Instant approval! Just select our payment option at checkout.
ad_2105,Zip,18-24,365,275.47,Zero interest when you pay in 4.,Instant approval! Just select our payment option at checkout.
ad_2106,Affirm,25-34,1557,4104.86,Don't wait! Buy today and pay later.,"Manage your cash flow better. Buy the essentials today and pay in small, manageable installments. No credit impact! Treat yourself now. Instant decision."
ad_2107,Sezzle,25-34,2001,2556.54,Unlock your purchasing power.,Don't let tight budgets hold you back. Flexible payment options available now!
ad_2108,Zip,25-34,2098,3856.3,"Buy Now, Pay Later with no hidden fees!","We help you buy what you want, when you want it. Download the app today. No credit impact! Treat yourself now. Instant decision."
ad_2109,Klarna,25-34,3787,2379.43,Split your purchase into 4 easy payments.,"Manage your cash flow better. Buy the essentials today and pay in small, manageable installments."
ad_2110,Zip,25-34,2609,4848.12,Split your purchase into 4 easy payments.,"We help you buy what you want, when you want it. Download the app today. No credit impact! Treat yourself now. Instant decision."
ad_2111,Afterpay,25-34,1975,169.35,"Get it now, pay over time.","Why wait until payday? Get the things you want now and split your payments. It's fast, easy, and risk-free."
ad_2112,Afterpay,18-24,2795,2869.08,Unlock your purchasing power.,Instant approval! Just select our payment option at checkout. No credit impact! Treat yourself now. Instant decision.
ad_2113,Klarna,25-34,1890,3781.33,Unlock your purchasing power.,Instant approval! Just select our payment option at checkout. No credit impact! Treat yourself now. Instant decision.
ad_2114,Sezzle,18-24,12504,139.88,Zero interest when you pay in 4.,"We help you buy what you want, when you want it. Download the app today. No credit impact! Treat yourself now. Instant decision."
ad_2115,PayPal Pay Later,25-34,751,4515.77,Zero interest when you pay in 4.,Don't let tight budgets hold you back. Flexible payment options available now! No credit impact! Treat yourself now. Instant decision.
ad_2116,Klarna,35-44,1111,3410.45,Zero interest when you pay in 4.,Instant approval! Just select our payment option at checkout.
ad_2117,Sezzle,18-24,908,4504.92,"Get it now, pay over time.","Shop your favorite brands and pay over 6 weeks. No interest, no hard credit check. No credit impact! Treat yourself now. Instant decision."
ad_2118,PayPal Pay Later,55-64,5879,150.08,"Buy Now, Pay Later with no hidden fees!","Shop your favorite brands and pay over 6 weeks. No interest, no hard credit check. Smart budgeting for your family. No interest fees."
ad_2119,Klarna,18-24,1465,4318.9,"Buy Now, Pay Later with no hidden fees!","We help you buy what you want, when you want it. Download the app today. No credit impact! Treat yourself now. Instant decision."
ad_2120,Zip,25-34,647,3125.85,Unlock your purchasing power.,"Manage your cash flow better. Buy the essentials today and pay in small, manageable installments. No credit impact! Treat yourself now. Instant decision."
ad_2121,Sezzle,18-24,2018,4797.7,Don't wait! Buy today and pay later.,Don't let tight budgets hold you back. Flexible payment options available now! No credit impact! Treat yourself now. Instant decision.
ad_2122,Zip,18-24,332,2922.64,"Buy Now, Pay Later with no hidden fees!","We help you buy what you want, when you want it. Download the app today. No credit impact! Treat yourself now. Instant decision."
ad_2123,Afterpay,25-34,2916,475.57,"Buy Now, Pay Later with no hidden fees!",Instant approval! Just select our payment option at checkout. No credit impact! Treat yourself now. Instant decision.
ad_2124,Affirm,25-34,526,1436.26,Unlock your purchasing power.,"Why wait until payday? Get the things you want now and split your payments. It's fast, easy, and risk-free. No credit impact! Treat yourself now. Instant decision."
ad_2125,PayPal Pay Later,25-34,10558,4532.07,Unlock your purchasing power.,Don't let tight budgets hold you back. Flexible payment options available now!
ad_2126,Affirm,25-34,872,3218.45,"Get it now, pay over time.",Don't let tight budgets hold you back. Flexible payment options available now! No credit impact! Treat yourself now. Instant decision.
ad_2127,Zip,18-24,7699,361.24,"Buy Now, Pay Later with no hidden fees!",Instant approval! Just select our payment option at checkout.
ad_2128,PayPal Pay Later,25-34,6862,1544.1,"Get it now, pay over time.",Instant approval! Just select our payment option at checkout. No credit impact! Treat yourself now. Instant decision.
ad_2129,Zip,18-24,6027,3051.97,Zero interest when you pay in 4.,"Shop your favorite brands and pay over 6 weeks. No interest, no hard credit check."
ad_2130,PayPal Pay Later,18-24,599,643.47,Don't wait! Buy today and pay later.,Don't let tight budgets hold you back. Flexible payment options available now!
ad_2131,Sezzle,18-24,1976,240.25,Unlock your purchasing power.,"We help you buy what you want, when you want it. Download the app today. No credit impact! Treat yourself now. Instant decision."
ad_2132,Afterpay,18-24,2696,4662.54,Split your purchase into 4 easy payments.,"Why wait until payday? Get the things you want now and split your payments. It's fast, easy, and risk-free. No credit impact! Treat yourself now. Instant decision."
ad_2133,Sezzle,25-34,1607,3836.0,Zero interest when you pay in 4.,Instant approval! Just select our payment option at checkout. No credit impact! Treat yourself now. Instant decision.
ad_2134,PayPal Pay Later,18-24,841,1526.98,"Buy Now, Pay Later with no hidden fees!","We help you buy what you want, when you want it. Download the app today. No credit impact! Treat yourself now. Instant decision."
ad_2135,Afterpay,25-34,15170,203.92,Unlock your purchasing power.,"Manage your cash flow better. Buy the essentials today and pay in small, manageable installments. No credit impact! Treat yourself now. Instant decision."
ad_2136,PayPal Pay Later,25-34,1174,4377.55,Don't wait! Buy today and pay later.,"Manage your cash flow better. Buy the essentials today and pay in small, manageable installments."
ad_2137,Zip,18-24,1388,3877.85,Split your purchase into 4 easy payments.,"We help you buy what you want, when you want it. Download the app today. No credit impact! Treat yourself now. Instant decision."
ad_2138,Sezzle,18-24,8662,4856.33,"Buy Now, Pay Later with no hidden fees!","We help you buy what you want, when you want it. Download the app today. No credit impact! Treat yourself now. Instant decision."
ad_2139,Klarna,45-54,538,1676.12,Zero interest when you pay in 4.,"We help you buy what you want, when you want it. Download the app today. Smart budgeting for your family. No interest fees."
ad_2140,Klarna,18-24,2088,218.52,"Buy Now, Pay Later with no hidden fees!","Manage your cash flow better. Buy the essentials today and pay in small, manageable installments. No credit impact! Treat yourself now. Instant decision."
ad_2141,Zip,18-24,9601,1291.92,Don't wait! Buy today and pay later.,Instant approval! Just select our payment option at checkout. No credit impact! Treat yourself now. Instant decision.
ad_2142,Afterpay,18-24,7067,2687.81,Unlock your purchasing power.,"Shop your favorite brands and pay over 6 weeks. No interest, no hard credit check."
ad_2143,Zip,25-34,4059,1266.9,Split your purchase into 4 easy payments.,"We help you buy what you want, when you want it. Download the app today. No credit impact! Treat yourself now. Instant decision."
ad_2144,Sezzle,18-24,9988,3818.68,Zero interest when you pay in 4.,"Shop your favorite brands and pay over 6 weeks. No interest, no hard credit check. No credit impact! Treat yourself now. Instant decision."
ad_2145,Afterpay,25-34,4437,4468.37,Unlock your purchasing power.,"Shop your favorite brands and pay over 6 weeks. No interest, no hard credit check."
ad_2146,Affirm,55-64,1425,3550.25,Zero interest when you pay in 4.,"We help you buy what you want, when you want it. Download the app today."
ad_2147,Sezzle,25-34,423,1158.5,"Get it now, pay over time.","We help you buy what you want, when you want it. Download the app today."
ad_2148,Klarna,35-44,1353,1770.95,Zero interest when you pay in 4.,Instant approval! Just select our payment option at checkout.
ad_2149,Affirm,25-34,555,3243.43,Zero interest when you pay in 4.,Instant approval! Just select our payment option at checkout. No credit impact! Treat yourself now. Instant decision.
ad_2150,Klarna,55-64,4616,386.23,Unlock your purchasing power.,"Shop your favorite brands and pay over 6 weeks. No interest, no hard credit check. Smart budgeting for your family. No interest fees."
ad_2151,Afterpay,55-64,1407,3909.06,"Buy Now, Pay Later with no hidden fees!",Instant approval! Just select our payment option at checkout.
ad_2152,Sezzle,25-34,4956,115.49,Unlock your purchasing power.,"Why wait until payday? Get the things you want now and split your payments. It's fast, easy, and risk-free. No credit impact! Treat yourself now. Instant decision."
ad_2153,Klarna,25-34,4375,3196.33,Split your purchase into 4 easy payments.,"Manage your cash flow better. Buy the essentials today and pay in small, manageable installments. No credit impact! Treat yourself now. Instant decision."
ad_2154,Klarna,35-44,1407,2850.8,"Get it now, pay over time.","Manage your cash flow better. Buy the essentials today and pay in small, manageable installments. Smart budgeting for your family. No interest fees."
ad_2155,Affirm,45-54,4985,2047.44,"Get it now, pay over time.","Shop your favorite brands and pay over 6 weeks. No interest, no hard credit check. Smart budgeting for your family. No interest fees."
ad_2156,Zip,18-24,2135,4760.44,Split your purchase into 4 easy payments.,Instant approval! Just select our payment option at checkout. No credit impact! Treat yourself now. Instant decision.
ad_2157,PayPal Pay Later,35-44,7377,3003.37,Unlock your purchasing power.,"Why wait until payday? Get the things you want now and split your payments. It's fast, easy, and risk-free."
ad_2158,Affirm,18-24,5808,4006.37,Don't wait! Buy today and pay later.,"Manage your cash flow better. Buy the essentials today and pay in small, manageable installments. No credit impact! Treat yourself now. Instant decision."
ad_2159,PayPal Pay Later,18-24,635,1836.29,Don't wait! Buy today and pay later.,"Manage your cash flow better. Buy the essentials today and pay in small, manageable installments."
ad_2160,PayPal Pay Later,35-44,597,738.34,"Get it now, pay over time.",Don't let tight budgets hold you back. Flexible payment options available now! Smart budgeting for your family. No interest fees.
ad_2161,Affirm,35-44,4351,2193.72,Don't wait! Buy today and pay later.,Instant approval! Just select our payment option at checkout.
ad_2162,Klarna,18-24,4246,4348.89,"Get it now, pay over time.","Shop your favorite brands and pay over 6 weeks. No interest, no hard credit check. No credit impact! Treat yourself now. Instant decision."
ad_2163,Afterpay,35-44,5718,3045.1,Split your purchase into 4 easy payments.,"Shop your favorite brands and pay over 6 weeks. No interest, no hard credit check. Smart budgeting for your family. No interest fees."
ad_2164,Sezzle,18-24,7077,2209.44,"Get it now, pay over time.","Manage your cash flow better. Buy the essentials today and pay in small, manageable installments."
ad_2165,Sezzle,18-24,575,3280.01,Unlock your purchasing power.,Don't let tight budgets hold you back. Flexible payment options available now!
ad_2166,PayPal Pay Later,25-34,4352,1382.59,Unlock your purchasing power.,"We help you buy what you want, when you want it. Download the app today. No credit impact! Treat yourself now. Instant decision."
ad_2167,Klarna,65+,1625,2151.63,"Buy Now, Pay Later with no hidden fees!",Don't let tight budgets hold you back. Flexible payment options available now! Smart budgeting for your family. No interest fees.
ad_2168,Afterpay,35-44,830,2926.48,"Buy Now, Pay Later with no hidden fees!",Instant approval! Just select our payment option at checkout. Smart budgeting for your family. No interest fees.
ad_2169,Affirm,18-24,4333,2112.71,Zero interest when you pay in 4.,"Why wait until payday? Get the things you want now and split your payments. It's fast, easy, and risk-free."
ad_2170,Klarna,25-34,4761,1909.74,"Get it now, pay over time.",Instant approval! Just select our payment option at checkout.
ad_2171,Sezzle,18-24,2406,3824.55,"Buy Now, Pay Later with no hidden fees!",Don't let tight budgets hold you back. Flexible payment options available now! No credit impact! Treat yourself now. Instant decision.
ad_2172,Afterpay,25-34,1926,546.05,Don't wait! Buy today and pay later.,"Manage your cash flow better. Buy the essentials today and pay in small, manageable installments. No credit impact! Treat yourself now. Instant decision."
ad_2173,Zip,18-24,8705,2272.45,Don't wait! Buy today and pay later.,Instant approval! Just select our payment option at checkout.
ad_2174,Klarna,65+,11272,2563.53,"Get it now, pay over time.",Instant approval! Just select our payment option at checkout. Smart budgeting for your family. No interest fees.
ad_2175,PayPal Pay Later,35-44,2567,1516.47,Split your purchase into 4 easy payments.,"We help you buy what you want, when you want it. Download the app today."
ad_2176,Affirm,55-64,6921,3541.51,"Buy Now, Pay Later with no hidden fees!","Manage your cash flow better. Buy the essentials today and pay in small, manageable installments."
ad_2177,Sezzle,35-44,23586,1373.11,"Buy Now, Pay Later with no hidden fees!","We help you buy what you want, when you want it. Download the app today."
ad_2178,Zip,65+,2512,1570.39,"Get it now, pay over time.","We help you buy what you want, when you want it. Download the app today."
ad_2179,Klarna,18-24,1219,451.88,"Buy Now, Pay Later with no hidden fees!","Why wait until payday? Get the things you want now and split your payments. It's fast, easy, and risk-free. No credit impact! Treat yourself now. Instant decision."
ad_2180,Zip,25-34,1062,4295.06,"Get it now, pay over time.",Instant approval! Just select our payment option at checkout. No credit impact! Treat yourself now. Instant decision.
ad_2181,Afterpay,18-24,5815,4122.77,Don't wait! Buy today and pay later.,"We help you buy what you want, when you want it. Download the app today. No credit impact! Treat yourself now. Instant decision."
ad_2182,Affirm,18-24,13248,1606.66,Don't wait! Buy today and pay later.,"Why wait until payday? Get the things you want now and split your payments. It's fast, easy, and risk-free. No credit impact! Treat yourself now. Instant decision."
ad_2183,Zip,18-24,6153,2810.33,Split your purchase into 4 easy payments.,Instant approval! Just select our payment option at checkout.
ad_2184,Afterpay,25-34,4698,4719.01,"Get it now, pay over time.","We help you buy what you want, when you want it. Download the app today. No credit impact! Treat yourself now. Instant decision."
ad_2185,Sezzle,18-24,634,2107.73,Split your purchase into 4 easy payments.,"Shop your favorite brands and pay over 6 weeks. No interest, no hard credit check."
ad_2186,Klarna,25-34,2614,1390.13,Unlock your purchasing power.,"Why wait until payday? Get the things you want now and split your payments. It's fast, easy, and risk-free. No credit impact! Treat yourself now. Instant decision."
ad_2187,Klarna,45-54,1673,3397.36,Don't wait! Buy today and pay later.,Don't let tight budgets hold you back. Flexible payment options available now!
ad_2188,PayPal Pay Later,35-44,843,258.12,"Get it now, pay over time.","Shop your favorite brands and pay over 6 weeks. No interest, no hard credit check. Smart budgeting for your family. No interest fees."
ad_2189,PayPal Pay Later,18-24,871,2014.81,Zero interest when you pay in 4.,Instant approval! Just select our payment option at checkout.
ad_2190,Afterpay,18-24,4598,4280.1,Don't wait! Buy today and pay later.,"We help you buy what you want, when you want it. Download the app today."
ad_2191,Affirm,25-34,1417,1871.12,Zero interest when you pay in 4.,"Manage your cash flow better. Buy the essentials today and pay in small, manageable installments. No credit impact! Treat yourself now. Instant decision."
ad_2192,Klarna,18-24,1596,1160.62,"Get it now, pay over time.",Instant approval! Just select our payment option at checkout.
ad_2193,Zip,25-34,9695,2990.82,"Get it now, pay over time.","Why wait until payday? Get the things you want now and split your payments. It's fast, easy, and risk-free. No credit impact! Treat yourself now. Instant decision."
ad_2194,Zip,18-24,2781,1542.9,"Buy Now, Pay Later with no hidden fees!","We help you buy what you want, when you want it. Download the app today. No credit impact! Treat yourself now. Instant decision."
ad_2195,Afterpay,18-24,1363,4332.69,"Buy Now, Pay Later with no hidden fees!","We help you buy what you want, when you want it. Download the app today."
ad_2196,Zip,25-34,10102,4311.61,Unlock your purchasing power.,Instant approval! Just select our payment option at checkout. No credit impact! Treat yourself now. Instant decision.
ad_2197,Sezzle,25-34,22327,1305.8,"Get it now, pay over time.",Don't let tight budgets hold you back. Flexible payment options available now!
ad_2198,PayPal Pay Later,35-44,1157,3784.16,"Get it now, pay over time.","Why wait until payday? Get the things you want now and split your payments. It's fast, easy, and risk-free."
ad_2199,Afterpay,18-24,2949,3918.38,Split your purchase into 4 easy payments.,"Shop your favorite brands and pay over 6 weeks. No interest, no hard credit check. No credit impact! Treat yourself now. Instant decision."
ad_2200,Klarna,55-64,512,2502.85,"Get it now, pay over time.",Don't let tight budgets hold you back. Flexible payment options available now!
ad_2201,Affirm,45-54,5714,3589.77,Split your purchase into 4 easy payments.,"Shop your favorite brands and pay over 6 weeks. No interest, no hard credit check. Smart budgeting for your family. No interest fees."
ad_2202,Zip,18-24,3226,2665.34,Unlock your purchasing power.,"We help you buy what you want, when you want it. Download the app today. No credit impact! Treat yourself now. Instant decision."
ad_2203,PayPal Pay Later,18-24,9175,1506.89,Don't wait! Buy today and pay later.,Instant approval! Just select our payment option at checkout.
ad_2204,Afterpay,25-34,2159,3298.33,"Buy Now, Pay Later with no hidden fees!","Manage your cash flow better. Buy the essentials today and pay in small, manageable installments. No credit impact! Treat yourself now. Instant decision."
ad_2205,Afterpay,35-44,1963,1918.85,Split your purchase into 4 easy payments.,"Why wait until payday? Get the things you want now and split your payments. It's fast, easy, and risk-free. Smart budgeting for your family. No interest fees."
ad_2206,Sezzle,55-64,3630,4163.65,Zero interest when you pay in 4.,"Why wait until payday? Get the things you want now and split your payments. It's fast, easy, and risk-free."
ad_2207,Afterpay,18-24,3596,4647.58,Zero interest when you pay in 4.,Don't let tight budgets hold you back. Flexible payment options available now! No credit impact! Treat yourself now. Instant decision.
ad_2208,Affirm,25-34,7177,396.67,"Get it now, pay over time.",Don't let tight budgets hold you back. Flexible payment options available now! No credit impact! Treat yourself now. Instant decision.
ad_2209,Sezzle,25-34,1687,1421.38,"Buy Now, Pay Later with no hidden fees!",Instant approval! Just select our payment option at checkout. No credit impact! Treat yourself now. Instant decision.
ad_2210,Zip,25-34,5530,1632.26,Unlock your purchasing power.,"We help you buy what you want, when you want it. Download the app today. No credit impact! Treat yourself now. Instant decision."
ad_2211,Zip,25-34,4215,3852.03,"Get it now, pay over time.","Why wait until payday? Get the things you want now and split your payments. It's fast, easy, and risk-free. No credit impact! Treat yourself now. Instant decision."
ad_2212,Klarna,65+,2302,3650.1,"Get it now, pay over time.","Shop your favorite brands and pay over 6 weeks. No interest, no hard credit check."
ad_2213,Zip,25-34,10661,1466.62,"Buy Now, Pay Later with no hidden fees!","Shop your favorite brands and pay over 6 weeks. No interest, no hard credit check."
ad_2214,Afterpay,25-34,3817,4753.91,"Get it now, pay over time.","Manage your cash flow better. Buy the essentials today and pay in small, manageable installments. No credit impact! Treat yourself now. Instant decision."
ad_2215,Sezzle,35-44,7234,1934.44,Unlock your purchasing power.,Instant approval! Just select our payment option at checkout. Smart budgeting for your family. No interest fees.
ad_2216,Afterpay,45-54,8896,4758.01,Split your purchase into 4 easy payments.,"We help you buy what you want, when you want it. Download the app today."
ad_2217,PayPal Pay Later,18-24,1005,765.15,"Buy Now, Pay Later with no hidden fees!","Why wait until payday? Get the things you want now and split your payments. It's fast, easy, and risk-free. No credit impact! Treat yourself now. Instant decision."
ad_2218,Klarna,18-24,887,623.44,Split your purchase into 4 easy payments.,"Shop your favorite brands and pay over 6 weeks. No interest, no hard credit check."
ad_2219,Klarna,18-24,2185,4440.59,"Buy Now, Pay Later with no hidden fees!",Don't let tight budgets hold you back. Flexible payment options available now! No credit impact! Treat yourself now. Instant decision.
ad_2220,Zip,18-24,2497,3792.55,"Buy Now, Pay Later with no hidden fees!",Don't let tight budgets hold you back. Flexible payment options available now! No credit impact! Treat yourself now. Instant decision.
ad_2221,Zip,25-34,3446,907.43,Unlock your purchasing power.,Instant approval! Just select our payment option at checkout. No credit impact! Treat yourself now. Instant decision.
ad_2222,Affirm,45-54,2808,4852.43,Unlock your purchasing power.,Instant approval! Just select our payment option at checkout. Smart budgeting for your family. No interest fees.
ad_2223,Afterpay,25-34,2776,577.77,Zero interest when you pay in 4.,"Shop your favorite brands and pay over 6 weeks. No interest, no hard credit check. No credit impact! Treat yourself now. Instant decision."
ad_2224,Sezzle,55-64,8591,631.44,Zero interest when you pay in 4.,"Shop your favorite brands and pay over 6 weeks. No interest, no hard credit check. Smart budgeting for your family. No interest fees."
ad_2225,Afterpay,18-24,4000,2043.63,"Get it now, pay over time.","Shop your favorite brands and pay over 6 weeks. No interest, no hard credit check. No credit impact! Treat yourself now. Instant decision."
ad_2226,Sezzle,18-24,1435,4330.06,Split your purchase into 4 easy payments.,Instant approval! Just select our payment option at checkout. No credit impact! Treat yourself now. Instant decision.
ad_2227,Affirm,18-24,2071,4870.98,Unlock your purchasing power.,"We help you buy what you want, when you want it. Download the app today. No credit impact! Treat yourself now. Instant decision."
ad_2228,Afterpay,25-34,1172,1568.53,Unlock your purchasing power.,"Shop your favorite brands and pay over 6 weeks. No interest, no hard credit check. No credit impact! Treat yourself now. Instant decision."
ad_2229,Sezzle,35-44,5845,1408.54,Don't wait! Buy today and pay later.,"We help you buy what you want, when you want it. Download the app today. Smart budgeting for your family. No interest fees."
ad_2230,Klarna,25-34,1083,2218.09,"Buy Now, Pay Later with no hidden fees!",Don't let tight budgets hold you back. Flexible payment options available now! No credit impact! Treat yourself now. Instant decision.
ad_2231,Afterpay,65+,914,239.62,Unlock your purchasing power.,Don't let tight budgets hold you back. Flexible payment options available now! Smart budgeting for your family. No interest fees.
ad_2232,Affirm,18-24,4185,231.59,Don't wait! Buy today and pay later.,"We help you buy what you want, when you want it. Download the app today. No credit impact! Treat yourself now. Instant decision."
ad_2233,Klarna,25-34,5485,4682.56,"Get it now, pay over time.",Don't let tight budgets hold you back. Flexible payment options available now! No credit impact! Treat yourself now. Instant decision.
ad_2234,PayPal Pay Later,55-64,1339,4092.05,Split your purchase into 4 easy payments.,"Manage your cash flow better. Buy the essentials today and pay in small, manageable installments. Smart budgeting for your family. No interest fees."
ad_2235,Klarna,25-34,3079,1322.08,Don't wait! Buy today and pay later.,"Manage your cash flow better. Buy the essentials today and pay in small, manageable installments. No credit impact! Treat yourself now. Instant decision."
ad_2236,Zip,18-24,1394,4934.64,"Get it now, pay over time.",Don't let tight budgets hold you back. Flexible payment options available now! No credit impact! Treat yourself now. Instant decision.
ad_2237,Sezzle,18-24,1465,842.48,Zero interest when you pay in 4.,Instant approval! Just select our payment option at checkout. No credit impact! Treat yourself now. Instant decision.
ad_2238,PayPal Pay Later,18-24,1757,3673.89,Don't wait! Buy today and pay later.,Instant approval! Just select our payment option at checkout. No credit impact! Treat yourself now. Instant decision.
ad_2239,PayPal Pay Later,25-34,3930,4100.15,"Buy Now, Pay Later with no hidden fees!",Instant approval! Just select our payment option at checkout.
ad_2240,PayPal Pay Later,25-34,841,3807.31,Split your purchase into 4 easy payments.,"Shop your favorite brands and pay over 6 weeks. No interest, no hard credit check."
ad_2241,Affirm,18-24,26681,2005.63,"Buy Now, Pay Later with no hidden fees!",Instant approval! Just select our payment option at checkout.
ad_2242,PayPal Pay Later,18-24,6105,2910.85,Unlock your purchasing power.,"Manage your cash flow better. Buy the essentials today and pay in small, manageable installments. No credit impact! Treat yourself now. Instant decision."
ad_2243,Afterpay,18-24,4035,199.45,Don't wait! Buy today and pay later.,Don't let tight budgets hold you back. Flexible payment options available now! No credit impact! Treat yourself now. Instant decision.
ad_2244,Afterpay,18-24,2004,2814.44,"Get it now, pay over time.","We help you buy what you want, when you want it. Download the app today. No credit impact! Treat yourself now. Instant decision."
ad_2245,Klarna,18-24,13965,3795.28,Don't wait! Buy today and pay later.,"We help you buy what you want, when you want it. Download the app today. No credit impact! Treat yourself now. Instant decision."
ad_2246,Zip,25-34,12218,4098.68,Unlock your purchasing power.,"Shop your favorite brands and pay over 6 weeks. No interest, no hard credit check. No credit impact! Treat yourself now. Instant decision."
ad_2247,PayPal Pay Later,18-24,2187,258.64,"Get it now, pay over time.",Don't let tight budgets hold you back. Flexible payment options available now! No credit impact! Treat yourself now. Instant decision.
ad_2248,Affirm,25-34,5391,3188.45,Zero interest when you pay in 4.,"Shop your favorite brands and pay over 6 weeks. No interest, no hard credit check. No credit impact! Treat yourself now. Instant decision."
ad_2249,Sezzle,18-24,4372,110.84,"Buy Now, Pay Later with no hidden fees!",Don't let tight budgets hold you back. Flexible payment options available now! No credit impact! Treat yourself now. Instant decision.
ad_2250,Klarna,65+,1683,4868.96,Unlock your purchasing power.,"Shop your favorite brands and pay over 6 weeks. No interest, no hard credit check. Smart budgeting for your family. No interest fees."
ad_2251,Zip,25-34,7833,644.01,Zero interest when you pay in 4.,Instant approval! Just select our payment option at checkout. No credit impact! Treat yourself now. Instant decision.
ad_2252,Afterpay,35-44,4005,123.41,Zero interest when you pay in 4.,"We help you buy what you want, when you want it. Download the app today. Smart budgeting for your family. No interest fees."
ad_2253,Klarna,35-44,3589,694.46,Don't wait! Buy today and pay later.,"We help you buy what you want, when you want it. Download the app today. Smart budgeting for your family. No interest fees."
ad_2254,Affirm,25-34,2053,2397.09,"Get it now, pay over time.",Instant approval! Just select our payment option at checkout. No credit impact! Treat yourself now. Instant decision.
ad_2255,Klarna,18-24,17461,815.09,"Buy Now, Pay Later with no hidden fees!","Why wait until payday? Get the things you want now and split your payments. It's fast, easy, and risk-free. No credit impact! Treat yourself now. Instant decision."
ad_2256,Affirm,45-54,661,890.13,Zero interest when you pay in 4.,"Manage your cash flow better. Buy the essentials today and pay in small, manageable installments."
ad_2257,Klarna,18-24,2835,1257.0,Don't wait! Buy today and pay later.,"Why wait until payday? Get the things you want now and split your payments. It's fast, easy, and risk-free. No credit impact! Treat yourself now. Instant decision."
ad_2258,PayPal Pay Later,25-34,553,2248.12,"Buy Now, Pay Later with no hidden fees!","Why wait until payday? Get the things you want now and split your payments. It's fast, easy, and risk-free. No credit impact! Treat yourself now. Instant decision."
ad_2259,Klarna,18-24,9127,2329.61,Don't wait! Buy today and pay later.,Instant approval! Just select our payment option at checkout. No credit impact! Treat yourself now. Instant decision.
ad_2260,Afterpay,25-34,16101,3793.84,Don't wait! Buy today and pay later.,Instant approval! Just select our payment option at checkout.
ad_2261,PayPal Pay Later,18-24,1494,554.36,Zero interest when you pay in 4.,Instant approval! Just select our payment option at checkout. No credit impact! Treat yourself now. Instant decision.
ad_2262,Sezzle,25-34,5635,4123.99,Unlock your purchasing power.,"Why wait until payday? Get the things you want now and split your payments. It's fast, easy, and risk-free. No credit impact! Treat yourself now. Instant decision."
ad_2263,PayPal Pay Later,65+,1853,1515.32,"Get it now, pay over time.","Why wait until payday? Get the things you want now and split your payments. It's fast, easy, and risk-free."
ad_2264,PayPal Pay Later,18-24,609,3464.71,"Buy Now, Pay Later with no hidden fees!","We help you buy what you want, when you want it. Download the app today. No credit impact! Treat yourself now. Instant decision."
ad_2265,PayPal Pay Later,18-24,2422,3869.74,"Get it now, pay over time.","Shop your favorite brands and pay over 6 weeks. No interest, no hard credit check. No credit impact! Treat yourself now. Instant decision."
ad_2266,Sezzle,18-24,1220,688.24,"Buy Now, Pay Later with no hidden fees!","We help you buy what you want, when you want it. Download the app today."
ad_2267,Sezzle,35-44,2880,1881.79,"Buy Now, Pay Later with no hidden fees!","Manage your cash flow better. Buy the essentials today and pay in small, manageable installments."
ad_2268,Sezzle,18-24,1893,485.37,Unlock your purchasing power.,"Shop your favorite brands and pay over 6 weeks. No interest, no hard credit check."
ad_2269,Zip,55-64,7457,4243.43,"Buy Now, Pay Later with no hidden fees!",Instant approval! Just select our payment option at checkout. Smart budgeting for your family. No interest fees.
ad_2270,Afterpay,25-34,8403,545.16,"Buy Now, Pay Later with no hidden fees!","We help you buy what you want, when you want it. Download the app today. No credit impact! Treat yourself now. Instant decision."
ad_2271,Affirm,18-24,2620,3412.03,"Buy Now, Pay Later with no hidden fees!",Instant approval! Just select our payment option at checkout.
ad_2272,Afterpay,18-24,2535,4589.26,Unlock your purchasing power.,"We help you buy what you want, when you want it. Download the app today. No credit impact! Treat yourself now. Instant decision."
ad_2273,Klarna,25-34,9074,799.24,Don't wait! Buy today and pay later.,"Manage your cash flow better. Buy the essentials today and pay in small, manageable installments. No credit impact! Treat yourself now. Instant decision."
ad_2274,PayPal Pay Later,18-24,610,917.36,Don't wait! Buy today and pay later.,Instant approval! Just select our payment option at checkout.
ad_2275,Sezzle,25-34,5602,4196.81,"Get it now, pay over time.","We help you buy what you want, when you want it. Download the app today."
ad_2276,PayPal Pay Later,65+,4354,1618.88,Zero interest when you pay in 4.,Instant approval! Just select our payment option at checkout. Smart budgeting for your family. No interest fees.
ad_2277,Afterpay,18-24,2523,3879.71,Split your purchase into 4 easy payments.,"Why wait until payday? Get the things you want now and split your payments. It's fast, easy, and risk-free. No credit impact! Treat yourself now. Instant decision."
ad_2278,Klarna,25-34,2571,4897.28,Split your purchase into 4 easy payments.,"Why wait until payday? Get the things you want now and split your payments. It's fast, easy, and risk-free. No credit impact! Treat yourself now. Instant decision."
ad_2279,PayPal Pay Later,35-44,8698,1162.58,"Buy Now, Pay Later with no hidden fees!","Why wait until payday? Get the things you want now and split your payments. It's fast, easy, and risk-free."
ad_2280,Afterpay,18-24,4488,4582.18,Zero interest when you pay in 4.,"Shop your favorite brands and pay over 6 weeks. No interest, no hard credit check. No credit impact! Treat yourself now. Instant decision."
ad_2281,Sezzle,65+,2355,2225.49,Split your purchase into 4 easy payments.,Don't let tight budgets hold you back. Flexible payment options available now! Smart budgeting for your family. No interest fees.
ad_2282,Zip,18-24,13169,1300.35,"Buy Now, Pay Later with no hidden fees!",Don't let tight budgets hold you back. Flexible payment options available now!
ad_2283,Klarna,55-64,1170,1122.98,Zero interest when you pay in 4.,"Manage your cash flow better. Buy the essentials today and pay in small, manageable installments. Smart budgeting for your family. No interest fees."
ad_2284,Zip,35-44,1378,1024.11,Unlock your purchasing power.,"Manage your cash flow better. Buy the essentials today and pay in small, manageable installments. Smart budgeting for your family. No interest fees."
ad_2285,Afterpay,18-24,5817,3071.54,Split your purchase into 4 easy payments.,Instant approval! Just select our payment option at checkout. No credit impact! Treat yourself now. Instant decision.
ad_2286,Klarna,65+,1933,1424.93,"Get it now, pay over time.","Manage your cash flow better. Buy the essentials today and pay in small, manageable installments."
ad_2287,PayPal Pay Later,35-44,4413,3760.16,Zero interest when you pay in 4.,"Manage your cash flow better. Buy the essentials today and pay in small, manageable installments."
ad_2288,Zip,25-34,3553,4763.89,Unlock your purchasing power.,"Manage your cash flow better. Buy the essentials today and pay in small, manageable installments. No credit impact! Treat yourself now. Instant decision."
ad_2289,Affirm,18-24,1069,988.5,"Buy Now, Pay Later with no hidden fees!","Shop your favorite brands and pay over 6 weeks. No interest, no hard credit check. No credit impact! Treat yourself now. Instant decision."
ad_2290,Afterpay,18-24,1988,2104.64,Split your purchase into 4 easy payments.,"Manage your cash flow better. Buy the essentials today and pay in small, manageable installments."
ad_2291,Klarna,25-34,412,4382.88,Zero interest when you pay in 4.,"Shop your favorite brands and pay over 6 weeks. No interest, no hard credit check. No credit impact! Treat yourself now. Instant decision."
ad_2292,Klarna,25-34,3233,2791.19,Zero interest when you pay in 4.,"Shop your favorite brands and pay over 6 weeks. No interest, no hard credit check."
ad_2293,Affirm,35-44,1918,316.62,"Buy Now, Pay Later with no hidden fees!","We help you buy what you want, when you want it. Download the app today. Smart budgeting for your family. No interest fees."
ad_2294,Sezzle,25-34,538,1260.31,Unlock your purchasing power.,"Shop your favorite brands and pay over 6 weeks. No interest, no hard credit check. No credit impact! Treat yourself now. Instant decision."
ad_2295,Afterpay,25-34,4321,973.23,"Buy Now, Pay Later with no hidden fees!","Manage your cash flow better. Buy the essentials today and pay in small, manageable installments. No credit impact! Treat yourself now. Instant decision."
ad_2296,Affirm,45-54,2579,637.43,"Get it now, pay over time.","Why wait until payday? Get the things you want now and split your payments. It's fast, easy, and risk-free."
ad_2297,PayPal Pay Later,35-44,1930,1543.81,Don't wait! Buy today and pay later.,"Shop your favorite brands and pay over 6 weeks. No interest, no hard credit check."
ad_2298,Zip,35-44,4782,4773.07,Zero interest when you pay in 4.,Instant approval! Just select our payment option at checkout. Smart budgeting for your family. No interest fees.
ad_2299,PayPal Pay Later,35-44,2799,4978.26,Unlock your purchasing power.,"Shop your favorite brands and pay over 6 weeks. No interest, no hard credit check. Smart budgeting for your family. No interest fees."
ad_2300,Afterpay,25-34,7251,813.61,"Get it now, pay over time.","Manage your cash flow better. Buy the essentials today and pay in small, manageable installments. No credit impact! Treat yourself now. Instant decision."
ad_2301,Zip,18-24,1719,4945.92,Unlock your purchasing power.,Don't let tight budgets hold you back. Flexible payment options available now! No credit impact! Treat yourself now. Instant decision.
ad_2302,Affirm,25-34,1002,4399.81,Zero interest when you pay in 4.,"Manage your cash flow better. Buy the essentials today and pay in small, manageable installments. No credit impact! Treat yourself now. Instant decision."
ad_2303,Afterpay,35-44,1420,3059.46,"Buy Now, Pay Later with no hidden fees!","Shop your favorite brands and pay over 6 weeks. No interest, no hard credit check."
ad_2304,Afterpay,18-24,880,3884.02,Unlock your purchasing power.,"Why wait until payday? Get the things you want now and split your payments. It's fast, easy, and risk-free."
ad_2305,Afterpay,25-34,27681,189.91,"Buy Now, Pay Later with no hidden fees!","Why wait until payday? Get the things you want now and split your payments. It's fast, easy, and risk-free. No credit impact! Treat yourself now. Instant decision."
ad_2306,Klarna,18-24,1827,733.24,Zero interest when you pay in 4.,"Manage your cash flow better. Buy the essentials today and pay in small, manageable installments."
ad_2307,Klarna,18-24,191,2621.18,"Get it now, pay over time.",Don't let tight budgets hold you back. Flexible payment options available now! No credit impact! Treat yourself now. Instant decision.
ad_2308,Affirm,25-34,5360,1270.28,Zero interest when you pay in 4.,"We help you buy what you want, when you want it. Download the app today. No credit impact! Treat yourself now. Instant decision."
ad_2309,Zip,25-34,2624,4311.23,Unlock your purchasing power.,Instant approval! Just select our payment option at checkout. No credit impact! Treat yourself now. Instant decision.
ad_2310,Klarna,18-24,9706,4195.72,Split your purchase into 4 easy payments.,"We help you buy what you want, when you want it. Download the app today."
ad_2311,Zip,18-24,621,3047.37,"Buy Now, Pay Later with no hidden fees!",Instant approval! Just select our payment option at checkout. No credit impact! Treat yourself now. Instant decision.
ad_2312,Sezzle,45-54,331,409.78,Split your purchase into 4 easy payments.,"Why wait until payday? Get the things you want now and split your payments. It's fast, easy, and risk-free."
ad_2313,Sezzle,25-34,10601,4112.87,"Buy Now, Pay Later with no hidden fees!","We help you buy what you want, when you want it. Download the app today."
ad_2314,Klarna,18-24,3387,1590.4,Zero interest when you pay in 4.,"We help you buy what you want, when you want it. Download the app today. No credit impact! Treat yourself now. Instant decision."
ad_2315,Sezzle,18-24,5629,3413.56,"Buy Now, Pay Later with no hidden fees!","We help you buy what you want, when you want it. Download the app today."
ad_2316,Sezzle,25-34,3732,3605.45,Zero interest when you pay in 4.,"Shop your favorite brands and pay over 6 weeks. No interest, no hard credit check. No credit impact! Treat yourself now. Instant decision."
ad_2317,Afterpay,25-34,4108,4316.62,"Get it now, pay over time.","We help you buy what you want, when you want it. Download the app today. No credit impact! Treat yourself now. Instant decision."
ad_2318,PayPal Pay Later,25-34,1540,1675.34,Zero interest when you pay in 4.,"Why wait until payday? Get the things you want now and split your payments. It's fast, easy, and risk-free. No credit impact! Treat yourself now. Instant decision."
ad_2319,PayPal Pay Later,18-24,4033,2452.0,Split your purchase into 4 easy payments.,"Why wait until payday? Get the things you want now and split your payments. It's fast, easy, and risk-free."
ad_2320,Zip,18-24,543,3093.92,"Buy Now, Pay Later with no hidden fees!","Manage your cash flow better. Buy the essentials today and pay in small, manageable installments. No credit impact! Treat yourself now. Instant decision."
ad_2321,Zip,18-24,4333,384.39,Split your purchase into 4 easy payments.,Instant approval! Just select our payment option at checkout. No credit impact! Treat yourself now. Instant decision.
ad_2322,Zip,35-44,2217,4960.59,"Get it now, pay over time.",Instant approval! Just select our payment option at checkout.
ad_2323,PayPal Pay Later,25-34,6051,710.31,Unlock your purchasing power.,Don't let tight budgets hold you back. Flexible payment options available now! No credit impact! Treat yourself now. Instant decision.
ad_2324,Klarna,18-24,9167,3891.89,Unlock your purchasing power.,Don't let tight budgets hold you back. Flexible payment options available now!
ad_2325,Klarna,25-34,5866,1607.0,Zero interest when you pay in 4.,Instant approval! Just select our payment option at checkout. No credit impact! Treat yourself now. Instant decision.
ad_2326,Zip,65+,802,2212.05,Don't wait! Buy today and pay later.,Instant approval! Just select our payment option at checkout. Smart budgeting for your family. No interest fees.
ad_2327,Sezzle,18-24,5856,244.98,"Get it now, pay over time.","Shop your favorite brands and pay over 6 weeks. No interest, no hard credit check."
ad_2328,Klarna,18-24,3594,1682.08,Zero interest when you pay in 4.,"Why wait until payday? Get the things you want now and split your payments. It's fast, easy, and risk-free."
ad_2329,Klarna,25-34,4395,1976.36,Split your purchase into 4 easy payments.,"Shop your favorite brands and pay over 6 weeks. No interest, no hard credit check. No credit impact! Treat yourself now. Instant decision."
ad_2330,Afterpay,18-24,562,3837.3,"Get it now, pay over time.",Don't let tight budgets hold you back. Flexible payment options available now! No credit impact! Treat yourself now. Instant decision.
ad_2331,Klarna,18-24,1543,1929.41,"Buy Now, Pay Later with no hidden fees!","Manage your cash flow better. Buy the essentials today and pay in small, manageable installments. No credit impact! Treat yourself now. Instant decision."
ad_2332,Affirm,25-34,2927,1319.27,"Get it now, pay over time.","Why wait until payday? Get the things you want now and split your payments. It's fast, easy, and risk-free. No credit impact! Treat yourself now. Instant decision."
ad_2333,Afterpay,25-34,3996,523.56,Unlock your purchasing power.,"Manage your cash flow better. Buy the essentials today and pay in small, manageable installments. No credit impact! Treat yourself now. Instant decision."
ad_2334,PayPal Pay Later,18-24,6292,1406.25,Don't wait! Buy today and pay later.,"Why wait until payday? Get the things you want now and split your payments. It's fast, easy, and risk-free. No credit impact! Treat yourself now. Instant decision."
ad_2335,Zip,25-34,3747,134.9,Zero interest when you pay in 4.,"Shop your favorite brands and pay over 6 weeks. No interest, no hard credit check. No credit impact! Treat yourself now. Instant decision."
ad_2336,PayPal Pay Later,45-54,1518,111.32,Unlock your purchasing power.,"Shop your favorite brands and pay over 6 weeks. No interest, no hard credit check. Smart budgeting for your family. No interest fees."
ad_2337,Sezzle,45-54,324,4475.24,Unlock your purchasing power.,"Shop your favorite brands and pay over 6 weeks. No interest, no hard credit check. Smart budgeting for your family. No interest fees."
ad_2338,PayPal Pay Later,25-34,5403,3929.33,"Get it now, pay over time.",Don't let tight budgets hold you back. Flexible payment options available now!
ad_2339,Sezzle,18-24,1614,562.84,"Get it now, pay over time.",Don't let tight budgets hold you back. Flexible payment options available now! No credit impact! Treat yourself now. Instant decision.
ad_2340,Zip,18-24,7383,2073.63,"Get it now, pay over time.","Manage your cash flow better. Buy the essentials today and pay in small, manageable installments. No credit impact! Treat yourself now. Instant decision."
ad_2341,Sezzle,25-34,4997,1651.71,Split your purchase into 4 easy payments.,"Why wait until payday? Get the things you want now and split your payments. It's fast, easy, and risk-free. No credit impact! Treat yourself now. Instant decision."
ad_2342,Klarna,45-54,3617,644.45,Unlock your purchasing power.,"Why wait until payday? Get the things you want now and split your payments. It's fast, easy, and risk-free. Smart budgeting for your family. No interest fees."
ad_2343,Zip,18-24,1706,3297.94,"Buy Now, Pay Later with no hidden fees!","Manage your cash flow better. Buy the essentials today and pay in small, manageable installments. No credit impact! Treat yourself now. Instant decision."
ad_2344,PayPal Pay Later,25-34,2967,1998.21,Zero interest when you pay in 4.,"Shop your favorite brands and pay over 6 weeks. No interest, no hard credit check. No credit impact! Treat yourself now. Instant decision."
ad_2345,Klarna,25-34,5507,3927.22,Split your purchase into 4 easy payments.,"Why wait until payday? Get the things you want now and split your payments. It's fast, easy, and risk-free."
ad_2346,Zip,25-34,3397,805.63,"Buy Now, Pay Later with no hidden fees!","Why wait until payday? Get the things you want now and split your payments. It's fast, easy, and risk-free. No credit impact! Treat yourself now. Instant decision."
ad_2347,Klarna,18-24,1735,4212.4,Unlock your purchasing power.,"We help you buy what you want, when you want it. Download the app today."
ad_2348,Sezzle,55-64,888,4680.21,"Get it now, pay over time.",Don't let tight budgets hold you back. Flexible payment options available now! Smart budgeting for your family. No interest fees.
ad_2349,Zip,25-34,3811,2660.13,"Get it now, pay over time.","Shop your favorite brands and pay over 6 weeks. No interest, no hard credit check. No credit impact! Treat yourself now. Instant decision."
ad_2350,Klarna,25-34,145,1067.87,"Buy Now, Pay Later with no hidden fees!","Why wait until payday? Get the things you want now and split your payments. It's fast, easy, and risk-free. No credit impact! Treat yourself now. Instant decision."
ad_2351,Zip,45-54,1454,3425.27,"Buy Now, Pay Later with no hidden fees!","Shop your favorite brands and pay over 6 weeks. No interest, no hard credit check. Smart budgeting for your family. No interest fees."
ad_2352,Afterpay,55-64,6884,4146.03,Unlock your purchasing power.,Instant approval! Just select our payment option at checkout. Smart budgeting for your family. No interest fees.
ad_2353,Klarna,18-24,4309,1339.96,Unlock your purchasing power.,"Why wait until payday? Get the things you want now and split your payments. It's fast, easy, and risk-free. No credit impact! Treat yourself now. Instant decision."
ad_2354,Afterpay,25-34,4390,989.44,Split your purchase into 4 easy payments.,"Manage your cash flow better. Buy the essentials today and pay in small, manageable installments. No credit impact! Treat yourself now. Instant decision."
ad_2355,Affirm,18-24,457,4856.81,Unlock your purchasing power.,Instant approval! Just select our payment option at checkout. No credit impact! Treat yourself now. Instant decision.
ad_2356,Zip,25-34,1483,2033.7,"Buy Now, Pay Later with no hidden fees!","Manage your cash flow better. Buy the essentials today and pay in small, manageable installments. No credit impact! Treat yourself now. Instant decision."
ad_2357,Afterpay,45-54,670,3589.26,"Get it now, pay over time.","We help you buy what you want, when you want it. Download the app today. Smart budgeting for your family. No interest fees."
ad_2358,Sezzle,65+,946,2356.54,Split your purchase into 4 easy payments.,Don't let tight budgets hold you back. Flexible payment options available now!
ad_2359,Klarna,25-34,2403,2804.27,"Get it now, pay over time.",Don't let tight budgets hold you back. Flexible payment options available now! No credit impact! Treat yourself now. Instant decision.
ad_2360,Afterpay,25-34,2259,1625.57,Don't wait! Buy today and pay later.,"Shop your favorite brands and pay over 6 weeks. No interest, no hard credit check."
ad_2361,PayPal Pay Later,18-24,2854,4172.6,"Get it now, pay over time.",Instant approval! Just select our payment option at checkout. No credit impact! Treat yourself now. Instant decision.
ad_2362,Sezzle,18-24,3341,3490.08,"Get it now, pay over time.",Instant approval! Just select our payment option at checkout. No credit impact! Treat yourself now. Instant decision.
ad_2363,Affirm,35-44,2986,2366.18,Don't wait! Buy today and pay later.,"We help you buy what you want, when you want it. Download the app today. Smart budgeting for your family. No interest fees."
ad_2364,Affirm,18-24,1954,2369.47,"Get it now, pay over time.",Don't let tight budgets hold you back. Flexible payment options available now!
ad_2365,Afterpay,65+,1736,4636.67,Split your purchase into 4 easy payments.,Don't let tight budgets hold you back. Flexible payment options available now! Smart budgeting for your family. No interest fees.
ad_2366,Afterpay,18-24,1373,726.64,Don't wait! Buy today and pay later.,Instant approval! Just select our payment option at checkout. No credit impact! Treat yourself now. Instant decision.
ad_2367,Zip,25-34,1479,1100.2,Unlock your purchasing power.,"We help you buy what you want, when you want it. Download the app today. No credit impact! Treat yourself now. Instant decision."
ad_2368,Affirm,25-34,318,2182.55,Zero interest when you pay in 4.,"Shop your favorite brands and pay over 6 weeks. No interest, no hard credit check. No credit impact! Treat yourself now. Instant decision."
ad_2369,PayPal Pay Later,18-24,8431,127.8,Don't wait! Buy today and pay later.,"Manage your cash flow better. Buy the essentials today and pay in small, manageable installments."
ad_2370,PayPal Pay Later,18-24,5386,1075.07,"Get it now, pay over time.","Shop your favorite brands and pay over 6 weeks. No interest, no hard credit check. No credit impact! Treat yourself now. Instant decision."
ad_2371,PayPal Pay Later,25-34,5267,4587.3,"Buy Now, Pay Later with no hidden fees!",Instant approval! Just select our payment option at checkout. No credit impact! Treat yourself now. Instant decision.
ad_2372,Klarna,25-34,5461,4043.24,Don't wait! Buy today and pay later.,"We help you buy what you want, when you want it. Download the app today. No credit impact! Treat yourself now. Instant decision."
ad_2373,Affirm,18-24,4782,4913.29,Split your purchase into 4 easy payments.,"We help you buy what you want, when you want it. Download the app today. No credit impact! Treat yourself now. Instant decision."
ad_2374,PayPal Pay Later,18-24,1991,4948.35,"Buy Now, Pay Later with no hidden fees!","Manage your cash flow better. Buy the essentials today and pay in small, manageable installments. No credit impact! Treat yourself now. Instant decision."
ad_2375,Sezzle,18-24,6782,4944.75,Unlock your purchasing power.,"Shop your favorite brands and pay over 6 weeks. No interest, no hard credit check. No credit impact! Treat yourself now. Instant decision."
ad_2376,Sezzle,25-34,1667,4218.94,Split your purchase into 4 easy payments.,"Manage your cash flow better. Buy the essentials today and pay in small, manageable installments. No credit impact! Treat yourself now. Instant decision."
ad_2377,Sezzle,18-24,3414,4581.73,Don't wait! Buy today and pay later.,Don't let tight budgets hold you back. Flexible payment options available now! No credit impact! Treat yourself now. Instant decision.
ad_2378,Sezzle,25-34,1784,3283.69,"Get it now, pay over time.","Manage your cash flow better. Buy the essentials today and pay in small, manageable installments. No credit impact! Treat yourself now. Instant decision."
ad_2379,PayPal Pay Later,18-24,1775,2921.87,Unlock your purchasing power.,"We help you buy what you want, when you want it. Download the app today. No credit impact! Treat yourself now. Instant decision."
ad_2380,Zip,18-24,2600,4731.93,Zero interest when you pay in 4.,Don't let tight budgets hold you back. Flexible payment options available now!
ad_2381,Affirm,18-24,1368,3047.57,"Buy Now, Pay Later with no hidden fees!","We help you buy what you want, when you want it. Download the app today. No credit impact! Treat yourself now. Instant decision."
ad_2382,Zip,25-34,6509,617.71,Don't wait! Buy today and pay later.,"Shop your favorite brands and pay over 6 weeks. No interest, no hard credit check."
ad_2383,PayPal Pay Later,25-34,236,2927.12,Unlock your purchasing power.,"Manage your cash flow better. Buy the essentials today and pay in small, manageable installments."
ad_2384,Afterpay,25-34,1454,3407.0,Split your purchase into 4 easy payments.,"Manage your cash flow better. Buy the essentials today and pay in small, manageable installments. No credit impact! Treat yourself now. Instant decision."
ad_2385,Zip,25-34,6606,4504.4,Zero interest when you pay in 4.,"We help you buy what you want, when you want it. Download the app today. No credit impact! Treat yourself now. Instant decision."
ad_2386,Klarna,25-34,2810,652.67,Unlock your purchasing power.,"Why wait until payday? Get the things you want now and split your payments. It's fast, easy, and risk-free."
ad_2387,Afterpay,18-24,3124,2731.13,Split your purchase into 4 easy payments.,"Shop your favorite brands and pay over 6 weeks. No interest, no hard credit check. No credit impact! Treat yourself now. Instant decision."
ad_2388,Sezzle,18-24,2411,4217.69,Zero interest when you pay in 4.,"Manage your cash flow better. Buy the essentials today and pay in small, manageable installments. No credit impact! Treat yourself now. Instant decision."
ad_2389,Afterpay,18-24,1422,1082.21,Split your purchase into 4 easy payments.,"We help you buy what you want, when you want it. Download the app today. No credit impact! Treat yourself now. Instant decision."
ad_2390,Afterpay,18-24,256,494.05,"Get it now, pay over time.","Shop your favorite brands and pay over 6 weeks. No interest, no hard credit check. No credit impact! Treat yourself now. Instant decision."
ad_2391,Affirm,18-24,2361,3492.6,Don't wait! Buy today and pay later.,"Why wait until payday? Get the things you want now and split your payments. It's fast, easy, and risk-free."
ad_2392,Afterpay,25-34,286,4112.34,Split your purchase into 4 easy payments.,"Why wait until payday? Get the things you want now and split your payments. It's fast, easy, and risk-free. No credit impact! Treat yourself now. Instant decision."
ad_2393,Klarna,45-54,1613,4337.86,Don't wait! Buy today and pay later.,"Manage your cash flow better. Buy the essentials today and pay in small, manageable installments."
ad_2394,Afterpay,18-24,3926,3545.31,"Buy Now, Pay Later with no hidden fees!","We help you buy what you want, when you want it. Download the app today. No credit impact! Treat yourself now. Instant decision."
ad_2395,PayPal Pay Later,35-44,1878,2903.38,"Buy Now, Pay Later with no hidden fees!",Instant approval! Just select our payment option at checkout.
ad_2396,Zip,25-34,16009,2127.29,Don't wait! Buy today and pay later.,Don't let tight budgets hold you back. Flexible payment options available now! No credit impact! Treat yourself now. Instant decision.
ad_2397,Klarna,25-34,4870,3016.49,Unlock your purchasing power.,Don't let tight budgets hold you back. Flexible payment options available now! No credit impact! Treat yourself now. Instant decision.
ad_2398,Afterpay,25-34,17595,1115.89,"Buy Now, Pay Later with no hidden fees!","We help you buy what you want, when you want it. Download the app today."
ad_2399,Sezzle,25-34,4055,2049.95,"Get it now, pay over time.",Instant approval! Just select our payment option at checkout. No credit impact! Treat yourself now. Instant decision.
ad_2400,Sezzle,18-24,6502,472.03,Unlock your purchasing power.,"Shop your favorite brands and pay over 6 weeks. No interest, no hard credit check."
ad_2401,Zip,18-24,994,1461.24,"Buy Now, Pay Later with no hidden fees!",Instant approval! Just select our payment option at checkout.
ad_2402,Affirm,18-24,12501,1367.83,Zero interest when you pay in 4.,"We help you buy what you want, when you want it. Download the app today. No credit impact! Treat yourself now. Instant decision."
ad_2403,Afterpay,25-34,3609,1765.56,Unlock your purchasing power.,"Manage your cash flow better. Buy the essentials today and pay in small, manageable installments. No credit impact! Treat yourself now. Instant decision."
ad_2404,Klarna,18-24,657,3034.59,Zero interest when you pay in 4.,"Why wait until payday? Get the things you want now and split your payments. It's fast, easy, and risk-free. No credit impact! Treat yourself now. Instant decision."
ad_2405,Sezzle,45-54,2733,3316.08,Split your purchase into 4 easy payments.,Don't let tight budgets hold you back. Flexible payment options available now! Smart budgeting for your family. No interest fees.
ad_2406,PayPal Pay Later,45-54,1836,683.87,Unlock your purchasing power.,Don't let tight budgets hold you back. Flexible payment options available now! Smart budgeting for your family. No interest fees.
ad_2407,Klarna,45-54,1666,3216.1,Zero interest when you pay in 4.,"Manage your cash flow better. Buy the essentials today and pay in small, manageable installments. Smart budgeting for your family. No interest fees."
ad_2408,PayPal Pay Later,18-24,1161,4937.2,Don't wait! Buy today and pay later.,"Why wait until payday? Get the things you want now and split your payments. It's fast, easy, and risk-free. No credit impact! Treat yourself now. Instant decision."
ad_2409,Klarna,25-34,6306,3094.61,Zero interest when you pay in 4.,"We help you buy what you want, when you want it. Download the app today. No credit impact! Treat yourself now. Instant decision."
ad_2410,Zip,18-24,8008,588.11,"Get it now, pay over time.","Why wait until payday? Get the things you want now and split your payments. It's fast, easy, and risk-free. No credit impact! Treat yourself now. Instant decision."
ad_2411,Affirm,18-24,1192,3970.23,Split your purchase into 4 easy payments.,"Shop your favorite brands and pay over 6 weeks. No interest, no hard credit check. No credit impact! Treat yourself now. Instant decision."
ad_2412,Afterpay,35-44,412,833.28,Zero interest when you pay in 4.,"Shop your favorite brands and pay over 6 weeks. No interest, no hard credit check. Smart budgeting for your family. No interest fees."
ad_2413,Sezzle,18-24,1816,607.85,Split your purchase into 4 easy payments.,"We help you buy what you want, when you want it. Download the app today. No credit impact! Treat yourself now. Instant decision."
ad_2414,Klarna,25-34,948,152.67,"Buy Now, Pay Later with no hidden fees!","Why wait until payday? Get the things you want now and split your payments. It's fast, easy, and risk-free. No credit impact! Treat yourself now. Instant decision."
ad_2415,Afterpay,25-34,4425,648.16,"Buy Now, Pay Later with no hidden fees!",Instant approval! Just select our payment option at checkout. No credit impact! Treat yourself now. Instant decision.
ad_2416,Affirm,18-24,1523,3161.05,"Get it now, pay over time.","Why wait until payday? Get the things you want now and split your payments. It's fast, easy, and risk-free. No credit impact! Treat yourself now. Instant decision."
ad_2417,Afterpay,55-64,996,2872.13,Unlock your purchasing power.,"Manage your cash flow better. Buy the essentials today and pay in small, manageable installments."
ad_2418,Sezzle,25-34,7226,2465.34,"Get it now, pay over time.","Why wait until payday? Get the things you want now and split your payments. It's fast, easy, and risk-free."
ad_2419,Klarna,25-34,17706,2606.01,Zero interest when you pay in 4.,Don't let tight budgets hold you back. Flexible payment options available now! No credit impact! Treat yourself now. Instant decision.
ad_2420,Zip,18-24,8005,1897.91,"Get it now, pay over time.","We help you buy what you want, when you want it. Download the app today. No credit impact! Treat yourself now. Instant decision."
ad_2421,Affirm,18-24,4718,796.15,Split your purchase into 4 easy payments.,"We help you buy what you want, when you want it. Download the app today. No credit impact! Treat yourself now. Instant decision."
ad_2422,Sezzle,25-34,558,4874.72,Don't wait! Buy today and pay later.,"Why wait until payday? Get the things you want now and split your payments. It's fast, easy, and risk-free. No credit impact! Treat yourself now. Instant decision."
ad_2423,Klarna,18-24,1808,4123.75,"Buy Now, Pay Later with no hidden fees!","Manage your cash flow better. Buy the essentials today and pay in small, manageable installments. No credit impact! Treat yourself now. Instant decision."
ad_2424,Afterpay,18-24,1657,2125.98,Zero interest when you pay in 4.,"Shop your favorite brands and pay over 6 weeks. No interest, no hard credit check. No credit impact! Treat yourself now. Instant decision."
ad_2425,Sezzle,25-34,311,1071.38,"Get it now, pay over time.",Don't let tight budgets hold you back. Flexible payment options available now! No credit impact! Treat yourself now. Instant decision.
ad_2426,Sezzle,18-24,3936,4005.1,Split your purchase into 4 easy payments.,Don't let tight budgets hold you back. Flexible payment options available now! No credit impact! Treat yourself now. Instant decision.
ad_2427,Afterpay,25-34,586,1828.19,Zero interest when you pay in 4.,"We help you buy what you want, when you want it. Download the app today. No credit impact! Treat yourself now. Instant decision."
ad_2428,Klarna,18-24,2394,1012.61,Zero interest when you pay in 4.,"Why wait until payday? Get the things you want now and split your payments. It's fast, easy, and risk-free."
ad_2429,Sezzle,25-34,37031,3386.43,Split your purchase into 4 easy payments.,"Shop your favorite brands and pay over 6 weeks. No interest, no hard credit check."
ad_2430,Klarna,25-34,15930,3837.09,Zero interest when you pay in 4.,"Manage your cash flow better. Buy the essentials today and pay in small, manageable installments. No credit impact! Treat yourself now. Instant decision."
ad_2431,Sezzle,18-24,2482,2432.49,Zero interest when you pay in 4.,"We help you buy what you want, when you want it. Download the app today. No credit impact! Treat yourself now. Instant decision."
ad_2432,Sezzle,25-34,2253,62.51,Don't wait! Buy today and pay later.,"We help you buy what you want, when you want it. Download the app today. No credit impact! Treat yourself now. Instant decision."
ad_2433,PayPal Pay Later,55-64,2624,2163.48,Split your purchase into 4 easy payments.,"Shop your favorite brands and pay over 6 weeks. No interest, no hard credit check. Smart budgeting for your family. No interest fees."
ad_2434,PayPal Pay Later,25-34,1494,4280.01,Don't wait! Buy today and pay later.,Don't let tight budgets hold you back. Flexible payment options available now!
ad_2435,Affirm,18-24,1154,3976.2,Don't wait! Buy today and pay later.,"Shop your favorite brands and pay over 6 weeks. No interest, no hard credit check. No credit impact! Treat yourself now. Instant decision."
ad_2436,Zip,18-24,903,1537.93,Split your purchase into 4 easy payments.,Instant approval! Just select our payment option at checkout. No credit impact! Treat yourself now. Instant decision.
ad_2437,Afterpay,25-34,476,4800.61,Unlock your purchasing power.,Instant approval! Just select our payment option at checkout. No credit impact! Treat yourself now. Instant decision.
ad_2438,PayPal Pay Later,45-54,722,790.7,"Buy Now, Pay Later with no hidden fees!","We help you buy what you want, when you want it. Download the app today."
ad_2439,Klarna,18-24,28499,2418.53,Don't wait! Buy today and pay later.,Don't let tight budgets hold you back. Flexible payment options available now! No credit impact! Treat yourself now. Instant decision.
ad_2440,Klarna,35-44,1327,1764.93,Zero interest when you pay in 4.,Don't let tight budgets hold you back. Flexible payment options available now! Smart budgeting for your family. No interest fees.
ad_2441,Afterpay,18-24,4311,3285.73,"Get it now, pay over time.",Don't let tight budgets hold you back. Flexible payment options available now! No credit impact! Treat yourself now. Instant decision.
ad_2442,Sezzle,55-64,250,2631.04,Don't wait! Buy today and pay later.,"We help you buy what you want, when you want it. Download the app today. Smart budgeting for your family. No interest fees."
ad_2443,Sezzle,18-24,4920,2945.43,Split your purchase into 4 easy payments.,Don't let tight budgets hold you back. Flexible payment options available now! No credit impact! Treat yourself now. Instant decision.
ad_2444,Afterpay,45-54,1538,4793.83,Unlock your purchasing power.,"Why wait until payday? Get the things you want now and split your payments. It's fast, easy, and risk-free."
ad_2445,Zip,25-34,2439,2755.24,"Get it now, pay over time.",Instant approval! Just select our payment option at checkout.
ad_2446,Affirm,45-54,2550,447.03,"Get it now, pay over time.",Don't let tight budgets hold you back. Flexible payment options available now!
ad_2447,Afterpay,18-24,2235,2830.28,"Get it now, pay over time.",Instant approval! Just select our payment option at checkout. No credit impact! Treat yourself now. Instant decision.
ad_2448,PayPal Pay Later,25-34,511,4365.79,Split your purchase into 4 easy payments.,Instant approval! Just select our payment option at checkout. No credit impact! Treat yourself now. Instant decision.
ad_2449,Affirm,18-24,509,1023.17,Zero interest when you pay in 4.,"Shop your favorite brands and pay over 6 weeks. No interest, no hard credit check."
ad_2450,Klarna,45-54,12768,4074.95,Zero interest when you pay in 4.,Instant approval! Just select our payment option at checkout.
ad_2451,Klarna,25-34,19550,1497.39,"Get it now, pay over time.","Why wait until payday? Get the things you want now and split your payments. It's fast, easy, and risk-free. No credit impact! Treat yourself now. Instant decision."
ad_2452,PayPal Pay Later,18-24,2012,2684.24,Zero interest when you pay in 4.,"We help you buy what you want, when you want it. Download the app today."
ad_2453,Sezzle,18-24,8711,2160.63,"Get it now, pay over time.",Don't let tight budgets hold you back. Flexible payment options available now! No credit impact! Treat yourself now. Instant decision.
ad_2454,Zip,18-24,7306,3178.36,"Buy Now, Pay Later with no hidden fees!","Why wait until payday? Get the things you want now and split your payments. It's fast, easy, and risk-free."
ad_2455,PayPal Pay Later,35-44,192,2691.92,"Get it now, pay over time.","Manage your cash flow better. Buy the essentials today and pay in small, manageable installments."
ad_2456,Zip,25-34,1536,890.92,Unlock your purchasing power.,Don't let tight budgets hold you back. Flexible payment options available now!
ad_2457,Zip,25-34,3251,3995.53,"Buy Now, Pay Later with no hidden fees!",Don't let tight budgets hold you back. Flexible payment options available now! No credit impact! Treat yourself now. Instant decision.
ad_2458,Zip,18-24,3961,1118.83,Unlock your purchasing power.,"Manage your cash flow better. Buy the essentials today and pay in small, manageable installments."
ad_2459,Sezzle,25-34,430,4254.64,Unlock your purchasing power.,Instant approval! Just select our payment option at checkout.
ad_2460,Zip,25-34,4966,2692.02,Unlock your purchasing power.,"We help you buy what you want, when you want it. Download the app today. No credit impact! Treat yourself now. Instant decision."
ad_2461,Affirm,25-34,15583,725.01,Zero interest when you pay in 4.,"Manage your cash flow better. Buy the essentials today and pay in small, manageable installments."
ad_2462,PayPal Pay Later,25-34,3041,4634.76,Zero interest when you pay in 4.,Instant approval! Just select our payment option at checkout. No credit impact! Treat yourself now. Instant decision.
ad_2463,Sezzle,65+,598,3557.67,"Buy Now, Pay Later with no hidden fees!","We help you buy what you want, when you want it. Download the app today. Smart budgeting for your family. No interest fees."
ad_2464,Klarna,18-24,4689,900.07,Zero interest when you pay in 4.,"Manage your cash flow better. Buy the essentials today and pay in small, manageable installments."
ad_2465,PayPal Pay Later,18-24,2386,4545.25,Don't wait! Buy today and pay later.,"Shop your favorite brands and pay over 6 weeks. No interest, no hard credit check. No credit impact! Treat yourself now. Instant decision."
ad_2466,Klarna,18-24,8433,2738.89,Zero interest when you pay in 4.,Don't let tight budgets hold you back. Flexible payment options available now!
ad_2467,PayPal Pay Later,18-24,1469,1948.37,"Get it now, pay over time.","Manage your cash flow better. Buy the essentials today and pay in small, manageable installments."
ad_2468,Affirm,45-54,1945,4872.87,"Get it now, pay over time.","Manage your cash flow better. Buy the essentials today and pay in small, manageable installments. Smart budgeting for your family. No interest fees."
ad_2469,Zip,35-44,2631,1009.93,Zero interest when you pay in 4.,"Shop your favorite brands and pay over 6 weeks. No interest, no hard credit check."
ad_2470,PayPal Pay Later,65+,3881,3204.66,Don't wait! Buy today and pay later.,Don't let tight budgets hold you back. Flexible payment options available now!
ad_2471,Sezzle,18-24,825,1641.04,Zero interest when you pay in 4.,"Manage your cash flow better. Buy the essentials today and pay in small, manageable installments. No credit impact! Treat yourself now. Instant decision."
ad_2472,PayPal Pay Later,25-34,3167,4341.02,Split your purchase into 4 easy payments.,Don't let tight budgets hold you back. Flexible payment options available now!
ad_2473,Zip,25-34,4243,67.38,Don't wait! Buy today and pay later.,"Shop your favorite brands and pay over 6 weeks. No interest, no hard credit check. No credit impact! Treat yourself now. Instant decision."
ad_2474,Affirm,18-24,1272,1832.32,Zero interest when you pay in 4.,"Why wait until payday? Get the things you want now and split your payments. It's fast, easy, and risk-free. No credit impact! Treat yourself now. Instant decision."
ad_2475,Klarna,18-24,1022,3386.03,Unlock your purchasing power.,Instant approval! Just select our payment option at checkout. No credit impact! Treat yourself now. Instant decision.
ad_2476,Affirm,25-34,2270,3223.54,Zero interest when you pay in 4.,"We help you buy what you want, when you want it. Download the app today. No credit impact! Treat yourself now. Instant decision."
ad_2477,Zip,25-34,10232,926.5,"Get it now, pay over time.",Don't let tight budgets hold you back. Flexible payment options available now! No credit impact! Treat yourself now. Instant decision.
ad_2478,Affirm,25-34,456,744.6,Split your purchase into 4 easy payments.,Instant approval! Just select our payment option at checkout. No credit impact! Treat yourself now. Instant decision.
ad_2479,Zip,18-24,6088,210.78,Don't wait! Buy today and pay later.,"We help you buy what you want, when you want it. Download the app today. No credit impact! Treat yourself now. Instant decision."
ad_2480,Klarna,25-34,2246,3551.94,"Buy Now, Pay Later with no hidden fees!","Shop your favorite brands and pay over 6 weeks. No interest, no hard credit check. No credit impact! Treat yourself now. Instant decision."
ad_2481,Sezzle,25-34,2268,3069.41,Split your purchase into 4 easy payments.,Instant approval! Just select our payment option at checkout. No credit impact! Treat yourself now. Instant decision.
ad_2482,Sezzle,18-24,8314,4724.97,"Get it now, pay over time.",Instant approval! Just select our payment option at checkout. No credit impact! Treat yourself now. Instant decision.
ad_2483,Sezzle,25-34,3226,4093.99,"Get it now, pay over time.","Manage your cash flow better. Buy the essentials today and pay in small, manageable installments."
ad_2484,PayPal Pay Later,18-24,968,4288.69,Zero interest when you pay in 4.,Don't let tight budgets hold you back. Flexible payment options available now! No credit impact! Treat yourself now. Instant decision.
ad_2485,Sezzle,18-24,1767,1747.53,Unlock your purchasing power.,Instant approval! Just select our payment option at checkout. No credit impact! Treat yourself now. Instant decision.
ad_2486,PayPal Pay Later,25-34,1168,4879.34,Split your purchase into 4 easy payments.,Instant approval! Just select our payment option at checkout.
ad_2487,Afterpay,45-54,1267,4988.37,"Buy Now, Pay Later with no hidden fees!","We help you buy what you want, when you want it. Download the app today."
ad_2488,Sezzle,25-34,1554,1044.31,"Buy Now, Pay Later with no hidden fees!","We help you buy what you want, when you want it. Download the app today. No credit impact! Treat yourself now. Instant decision."
ad_2489,Affirm,35-44,1132,140.09,Split your purchase into 4 easy payments.,"We help you buy what you want, when you want it. Download the app today. Smart budgeting for your family. No interest fees."
ad_2490,Sezzle,18-24,2617,484.46,"Buy Now, Pay Later with no hidden fees!","Shop your favorite brands and pay over 6 weeks. No interest, no hard credit check."
ad_2491,Sezzle,25-34,2039,1022.34,"Get it now, pay over time.","Manage your cash flow better. Buy the essentials today and pay in small, manageable installments."
ad_2492,Affirm,25-34,2990,1840.91,Don't wait! Buy today and pay later.,"Shop your favorite brands and pay over 6 weeks. No interest, no hard credit check."
ad_2493,Affirm,18-24,7209,4628.17,Unlock your purchasing power.,Don't let tight budgets hold you back. Flexible payment options available now!
ad_2494,Affirm,25-34,8082,1799.18,Split your purchase into 4 easy payments.,"Manage your cash flow better. Buy the essentials today and pay in small, manageable installments."
ad_2495,Sezzle,25-34,9691,2389.03,Zero interest when you pay in 4.,Don't let tight budgets hold you back. Flexible payment options available now! No credit impact! Treat yourself now. Instant decision.
ad_2496,Afterpay,18-24,3248,3073.21,"Buy Now, Pay Later with no hidden fees!","Manage your cash flow better. Buy the essentials today and pay in small, manageable installments."
ad_2497,Zip,18-24,3114,2198.09,Zero interest when you pay in 4.,"Shop your favorite brands and pay over 6 weeks. No interest, no hard credit check. No credit impact! Treat yourself now. Instant decision."
ad_2498,PayPal Pay Later,18-24,2510,4578.65,Don't wait! Buy today and pay later.,"Why wait until payday? Get the things you want now and split your payments. It's fast, easy, and risk-free."
ad_2499,PayPal Pay Later,25-34,2574,2740.27,"Get it now, pay over time.","Why wait until payday? Get the things you want now and split your payments. It's fast, easy, and risk-free."
ad_2500,Sezzle,35-44,7253,339.58,"Get it now, pay over time.","We help you buy what you want, when you want it. Download the app today."
ad_2501,Affirm,25-34,3231,2199.47,Split your purchase into 4 easy payments.,"We help you buy what you want, when you want it. Download the app today. No credit impact! Treat yourself now. Instant decision."
ad_2502,Klarna,18-24,7261,2125.04,Unlock your purchasing power.,"We help you buy what you want, when you want it. Download the app today. No credit impact! Treat yourself now. Instant decision."
ad_2503,Zip,18-24,6700,1788.83,"Buy Now, Pay Later with no hidden fees!","Why wait until payday? Get the things you want now and split your payments. It's fast, easy, and risk-free. No credit impact! Treat yourself now. Instant decision."
ad_2504,Affirm,45-54,1773,2137.02,Don't wait! Buy today and pay later.,Don't let tight budgets hold you back. Flexible payment options available now! Smart budgeting for your family. No interest fees.
ad_2505,PayPal Pay Later,55-64,2448,4195.94,"Buy Now, Pay Later with no hidden fees!",Don't let tight budgets hold you back. Flexible payment options available now! Smart budgeting for your family. No interest fees.
ad_2506,Zip,35-44,2346,4833.28,"Buy Now, Pay Later with no hidden fees!","Manage your cash flow better. Buy the essentials today and pay in small, manageable installments. Smart budgeting for your family. No interest fees."
ad_2507,Afterpay,18-24,1725,73.76,"Buy Now, Pay Later with no hidden fees!",Instant approval! Just select our payment option at checkout. No credit impact! Treat yourself now. Instant decision.
ad_2508,PayPal Pay Later,18-24,615,2732.26,Zero interest when you pay in 4.,Don't let tight budgets hold you back. Flexible payment options available now!
ad_2509,Afterpay,18-24,2996,4283.91,"Get it now, pay over time.","Manage your cash flow better. Buy the essentials today and pay in small, manageable installments. No credit impact! Treat yourself now. Instant decision."
ad_2510,Klarna,35-44,1518,2457.43,Split your purchase into 4 easy payments.,Instant approval! Just select our payment option at checkout.
ad_2511,Klarna,25-34,3679,4206.17,"Buy Now, Pay Later with no hidden fees!",Instant approval! Just select our payment option at checkout. No credit impact! Treat yourself now. Instant decision.
ad_2512,Sezzle,65+,3831,2221.87,Split your purchase into 4 easy payments.,"Why wait until payday? Get the things you want now and split your payments. It's fast, easy, and risk-free."
ad_2513,Zip,25-34,3566,1290.02,"Get it now, pay over time.",Instant approval! Just select our payment option at checkout. No credit impact! Treat yourself now. Instant decision.
ad_2514,PayPal Pay Later,25-34,4666,1076.92,"Get it now, pay over time.","Why wait until payday? Get the things you want now and split your payments. It's fast, easy, and risk-free."
ad_2515,Klarna,25-34,1478,4876.75,"Buy Now, Pay Later with no hidden fees!","Why wait until payday? Get the things you want now and split your payments. It's fast, easy, and risk-free. No credit impact! Treat yourself now. Instant decision."
ad_2516,Sezzle,18-24,4701,3642.51,Split your purchase into 4 easy payments.,Don't let tight budgets hold you back. Flexible payment options available now! No credit impact! Treat yourself now. Instant decision.
ad_2517,Sezzle,18-24,1348,2924.77,Split your purchase into 4 easy payments.,Instant approval! Just select our payment option at checkout.
ad_2518,Afterpay,18-24,1500,519.41,Zero interest when you pay in 4.,"Shop your favorite brands and pay over 6 weeks. No interest, no hard credit check."
ad_2519,Zip,18-24,1279,2101.13,Split your purchase into 4 easy payments.,"Shop your favorite brands and pay over 6 weeks. No interest, no hard credit check."
ad_2520,Klarna,18-24,6718,974.55,"Get it now, pay over time.",Instant approval! Just select our payment option at checkout. No credit impact! Treat yourself now. Instant decision.
ad_2521,PayPal Pay Later,45-54,986,881.07,"Buy Now, Pay Later with no hidden fees!","Shop your favorite brands and pay over 6 weeks. No interest, no hard credit check."
ad_2522,Afterpay,18-24,19943,2135.63,Unlock your purchasing power.,Don't let tight budgets hold you back. Flexible payment options available now! No credit impact! Treat yourself now. Instant decision.
ad_2523,Afterpay,18-24,4417,1908.76,Don't wait! Buy today and pay later.,"We help you buy what you want, when you want it. Download the app today. No credit impact! Treat yourself now. Instant decision."
ad_2524,Zip,25-34,598,1210.31,"Get it now, pay over time.","Manage your cash flow better. Buy the essentials today and pay in small, manageable installments. No credit impact! Treat yourself now. Instant decision."
ad_2525,Afterpay,25-34,1428,56.6,"Get it now, pay over time.","Why wait until payday? Get the things you want now and split your payments. It's fast, easy, and risk-free. No credit impact! Treat yourself now. Instant decision."
ad_2526,Sezzle,45-54,8816,1600.15,"Get it now, pay over time.","Why wait until payday? Get the things you want now and split your payments. It's fast, easy, and risk-free. Smart budgeting for your family. No interest fees."
ad_2527,Klarna,18-24,2025,2705.33,Unlock your purchasing power.,Don't let tight budgets hold you back. Flexible payment options available now! No credit impact! Treat yourself now. Instant decision.
ad_2528,PayPal Pay Later,25-34,2579,149.17,Unlock your purchasing power.,"We help you buy what you want, when you want it. Download the app today. No credit impact! Treat yourself now. Instant decision."
ad_2529,Zip,25-34,807,973.46,Don't wait! Buy today and pay later.,"Why wait until payday? Get the things you want now and split your payments. It's fast, easy, and risk-free."
ad_2530,PayPal Pay Later,18-24,1061,2214.62,"Get it now, pay over time.","Why wait until payday? Get the things you want now and split your payments. It's fast, easy, and risk-free. No credit impact! Treat yourself now. Instant decision."
ad_2531,Affirm,18-24,2480,2878.49,Unlock your purchasing power.,"Shop your favorite brands and pay over 6 weeks. No interest, no hard credit check. No credit impact! Treat yourself now. Instant decision."
ad_2532,Zip,18-24,640,3275.32,Zero interest when you pay in 4.,"We help you buy what you want, when you want it. Download the app today. No credit impact! Treat yourself now. Instant decision."
ad_2533,Afterpay,25-34,4589,4321.98,Unlock your purchasing power.,"We help you buy what you want, when you want it. Download the app today. No credit impact! Treat yourself now. Instant decision."
ad_2534,Affirm,55-64,1026,1952.29,"Buy Now, Pay Later with no hidden fees!","Why wait until payday? Get the things you want now and split your payments. It's fast, easy, and risk-free. Smart budgeting for your family. No interest fees."
ad_2535,Zip,25-34,1313,2209.63,Split your purchase into 4 easy payments.,"Shop your favorite brands and pay over 6 weeks. No interest, no hard credit check. No credit impact! Treat yourself now. Instant decision."
ad_2536,Klarna,25-34,7619,1341.13,Split your purchase into 4 easy payments.,"We help you buy what you want, when you want it. Download the app today. No credit impact! Treat yourself now. Instant decision."
ad_2537,Zip,18-24,2992,701.05,Zero interest when you pay in 4.,Instant approval! Just select our payment option at checkout. No credit impact! Treat yourself now. Instant decision.
ad_2538,Sezzle,65+,2023,1324.19,Unlock your purchasing power.,"We help you buy what you want, when you want it. Download the app today."
ad_2539,Zip,45-54,6078,209.2,Unlock your purchasing power.,"We help you buy what you want, when you want it. Download the app today. Smart budgeting for your family. No interest fees."
ad_2540,PayPal Pay Later,18-24,10163,2709.17,"Get it now, pay over time.","Why wait until payday? Get the things you want now and split your payments. It's fast, easy, and risk-free. No credit impact! Treat yourself now. Instant decision."
ad_2541,Affirm,45-54,17633,1201.53,"Buy Now, Pay Later with no hidden fees!","Why wait until payday? Get the things you want now and split your payments. It's fast, easy, and risk-free."
ad_2542,Affirm,35-44,2506,2672.94,"Get it now, pay over time.","Shop your favorite brands and pay over 6 weeks. No interest, no hard credit check. Smart budgeting for your family. No interest fees."
ad_2543,PayPal Pay Later,25-34,4746,1834.9,Unlock your purchasing power.,Instant approval! Just select our payment option at checkout. No credit impact! Treat yourself now. Instant decision.
ad_2544,Zip,18-24,979,365.94,Zero interest when you pay in 4.,"Why wait until payday? Get the things you want now and split your payments. It's fast, easy, and risk-free."
ad_2545,Zip,18-24,4596,924.24,"Get it now, pay over time.","Why wait until payday? Get the things you want now and split your payments. It's fast, easy, and risk-free. No credit impact! Treat yourself now. Instant decision."
ad_2546,Affirm,18-24,1625,1434.32,Don't wait! Buy today and pay later.,Instant approval! Just select our payment option at checkout. No credit impact! Treat yourself now. Instant decision.
ad_2547,Zip,25-34,14260,1369.42,"Buy Now, Pay Later with no hidden fees!","Shop your favorite brands and pay over 6 weeks. No interest, no hard credit check. No credit impact! Treat yourself now. Instant decision."
ad_2548,Klarna,45-54,4441,651.71,Zero interest when you pay in 4.,Instant approval! Just select our payment option at checkout.
ad_2549,Sezzle,25-34,2059,1067.58,Unlock your purchasing power.,"Shop your favorite brands and pay over 6 weeks. No interest, no hard credit check. No credit impact! Treat yourself now. Instant decision."
ad_2550,Klarna,18-24,5226,3465.46,Split your purchase into 4 easy payments.,"Shop your favorite brands and pay over 6 weeks. No interest, no hard credit check."
ad_2551,Sezzle,35-44,1868,756.91,"Get it now, pay over time.",Don't let tight budgets hold you back. Flexible payment options available now! Smart budgeting for your family. No interest fees.
ad_2552,Klarna,25-34,3025,1415.92,Unlock your purchasing power.,Don't let tight budgets hold you back. Flexible payment options available now! No credit impact! Treat yourself now. Instant decision.
ad_2553,PayPal Pay Later,55-64,2948,1708.49,"Get it now, pay over time.",Don't let tight budgets hold you back. Flexible payment options available now! Smart budgeting for your family. No interest fees.
ad_2554,PayPal Pay Later,35-44,13348,1075.01,"Buy Now, Pay Later with no hidden fees!",Don't let tight budgets hold you back. Flexible payment options available now! Smart budgeting for your family. No interest fees.
ad_2555,PayPal Pay Later,18-24,1490,4447.12,Unlock your purchasing power.,"Shop your favorite brands and pay over 6 weeks. No interest, no hard credit check."
ad_2556,PayPal Pay Later,25-34,5223,67.88,Don't wait! Buy today and pay later.,"Manage your cash flow better. Buy the essentials today and pay in small, manageable installments. No credit impact! Treat yourself now. Instant decision."
ad_2557,Sezzle,25-34,9314,4172.57,Split your purchase into 4 easy payments.,Instant approval! Just select our payment option at checkout. No credit impact! Treat yourself now. Instant decision.
ad_2558,Klarna,18-24,10936,3306.0,"Buy Now, Pay Later with no hidden fees!","Shop your favorite brands and pay over 6 weeks. No interest, no hard credit check. No credit impact! Treat yourself now. Instant decision."
ad_2559,Affirm,25-34,1459,307.37,"Get it now, pay over time.",Instant approval! Just select our payment option at checkout. No credit impact! Treat yourself now. Instant decision.
ad_2560,PayPal Pay Later,25-34,3220,992.0,Don't wait! Buy today and pay later.,Instant approval! Just select our payment option at checkout. No credit impact! Treat yourself now. Instant decision.
ad_2561,Affirm,25-34,260,4330.71,Split your purchase into 4 easy payments.,"Shop your favorite brands and pay over 6 weeks. No interest, no hard credit check. No credit impact! Treat yourself now. Instant decision."
ad_2562,PayPal Pay Later,18-24,21238,1224.71,Split your purchase into 4 easy payments.,"Why wait until payday? Get the things you want now and split your payments. It's fast, easy, and risk-free."
ad_2563,PayPal Pay Later,18-24,4167,1364.4,Unlock your purchasing power.,"Why wait until payday? Get the things you want now and split your payments. It's fast, easy, and risk-free. No credit impact! Treat yourself now. Instant decision."
ad_2564,Zip,18-24,12506,1168.63,"Buy Now, Pay Later with no hidden fees!","Manage your cash flow better. Buy the essentials today and pay in small, manageable installments. No credit impact! Treat yourself now. Instant decision."
ad_2565,Zip,25-34,1228,2793.76,"Get it now, pay over time.","Shop your favorite brands and pay over 6 weeks. No interest, no hard credit check. No credit impact! Treat yourself now. Instant decision."
ad_2566,PayPal Pay Later,35-44,7705,2500.01,Split your purchase into 4 easy payments.,"Manage your cash flow better. Buy the essentials today and pay in small, manageable installments. Smart budgeting for your family. No interest fees."
ad_2567,Sezzle,18-24,536,1072.73,"Buy Now, Pay Later with no hidden fees!","Manage your cash flow better. Buy the essentials today and pay in small, manageable installments. No credit impact! Treat yourself now. Instant decision."
ad_2568,Affirm,55-64,10077,655.15,Don't wait! Buy today and pay later.,"Manage your cash flow better. Buy the essentials today and pay in small, manageable installments. Smart budgeting for your family. No interest fees."
ad_2569,Zip,18-24,8388,4956.2,"Buy Now, Pay Later with no hidden fees!",Instant approval! Just select our payment option at checkout. No credit impact! Treat yourself now. Instant decision.
ad_2570,Klarna,18-24,2052,1296.21,"Get it now, pay over time.","Manage your cash flow better. Buy the essentials today and pay in small, manageable installments."
ad_2571,Sezzle,35-44,458,1555.7,"Buy Now, Pay Later with no hidden fees!",Don't let tight budgets hold you back. Flexible payment options available now!
ad_2572,Affirm,18-24,3717,4438.78,Don't wait! Buy today and pay later.,"We help you buy what you want, when you want it. Download the app today. No credit impact! Treat yourself now. Instant decision."
ad_2573,Klarna,45-54,5322,552.78,Unlock your purchasing power.,"Why wait until payday? Get the things you want now and split your payments. It's fast, easy, and risk-free. Smart budgeting for your family. No interest fees."
ad_2574,Zip,35-44,5600,2028.21,Don't wait! Buy today and pay later.,"We help you buy what you want, when you want it. Download the app today. Smart budgeting for your family. No interest fees."
ad_2575,Afterpay,18-24,1652,2598.1,Don't wait! Buy today and pay later.,"Why wait until payday? Get the things you want now and split your payments. It's fast, easy, and risk-free. No credit impact! Treat yourself now. Instant decision."
ad_2576,Sezzle,25-34,2504,4079.57,"Buy Now, Pay Later with no hidden fees!","Shop your favorite brands and pay over 6 weeks. No interest, no hard credit check."
ad_2577,Zip,55-64,407,2009.76,Split your purchase into 4 easy payments.,"Manage your cash flow better. Buy the essentials today and pay in small, manageable installments. Smart budgeting for your family. No interest fees."
ad_2578,Afterpay,25-34,13281,1607.71,Split your purchase into 4 easy payments.,"Shop your favorite brands and pay over 6 weeks. No interest, no hard credit check. No credit impact! Treat yourself now. Instant decision."
ad_2579,Zip,25-34,3646,3209.34,Unlock your purchasing power.,Don't let tight budgets hold you back. Flexible payment options available now!
ad_2580,Affirm,35-44,2777,2056.08,"Buy Now, Pay Later with no hidden fees!","Why wait until payday? Get the things you want now and split your payments. It's fast, easy, and risk-free. Smart budgeting for your family. No interest fees."
ad_2581,Afterpay,18-24,3775,4549.0,Split your purchase into 4 easy payments.,Don't let tight budgets hold you back. Flexible payment options available now!
ad_2582,Zip,45-54,2650,2083.95,Split your purchase into 4 easy payments.,"Manage your cash flow better. Buy the essentials today and pay in small, manageable installments."
ad_2583,Zip,18-24,8374,334.25,Unlock your purchasing power.,Don't let tight budgets hold you back. Flexible payment options available now! No credit impact! Treat yourself now. Instant decision.
ad_2584,Klarna,18-24,1113,141.25,Unlock your purchasing power.,"We help you buy what you want, when you want it. Download the app today."
ad_2585,Afterpay,18-24,117,1580.78,Split your purchase into 4 easy payments.,"We help you buy what you want, when you want it. Download the app today. No credit impact! Treat yourself now. Instant decision."
ad_2586,Afterpay,18-24,2885,3746.27,Don't wait! Buy today and pay later.,"Why wait until payday? Get the things you want now and split your payments. It's fast, easy, and risk-free. No credit impact! Treat yourself now. Instant decision."
ad_2587,Sezzle,18-24,978,216.12,"Buy Now, Pay Later with no hidden fees!","Why wait until payday? Get the things you want now and split your payments. It's fast, easy, and risk-free. No credit impact! Treat yourself now. Instant decision."
ad_2588,Afterpay,45-54,8097,3957.8,Zero interest when you pay in 4.,"Shop your favorite brands and pay over 6 weeks. No interest, no hard credit check."
ad_2589,Zip,65+,3779,948.36,Split your purchase into 4 easy payments.,Don't let tight budgets hold you back. Flexible payment options available now! Smart budgeting for your family. No interest fees.
ad_2590,Sezzle,55-64,3288,2907.69,"Get it now, pay over time.","Manage your cash flow better. Buy the essentials today and pay in small, manageable installments."
ad_2591,Affirm,18-24,7424,3386.41,Unlock your purchasing power.,Don't let tight budgets hold you back. Flexible payment options available now! No credit impact! Treat yourself now. Instant decision.
ad_2592,Afterpay,18-24,1797,1720.91,Split your purchase into 4 easy payments.,"Shop your favorite brands and pay over 6 weeks. No interest, no hard credit check. No credit impact! Treat yourself now. Instant decision."
ad_2593,Klarna,25-34,991,2274.94,Unlock your purchasing power.,"Shop your favorite brands and pay over 6 weeks. No interest, no hard credit check. No credit impact! Treat yourself now. Instant decision."
ad_2594,Klarna,25-34,4402,1839.32,Unlock your purchasing power.,"Shop your favorite brands and pay over 6 weeks. No interest, no hard credit check. No credit impact! Treat yourself now. Instant decision."
ad_2595,Afterpay,45-54,3212,1139.47,Zero interest when you pay in 4.,"We help you buy what you want, when you want it. Download the app today."
ad_2596,Zip,25-34,8582,2246.78,"Buy Now, Pay Later with no hidden fees!","We help you buy what you want, when you want it. Download the app today. No credit impact! Treat yourself now. Instant decision."
ad_2597,Sezzle,45-54,2749,862.0,"Buy Now, Pay Later with no hidden fees!","Manage your cash flow better. Buy the essentials today and pay in small, manageable installments. Smart budgeting for your family. No interest fees."
ad_2598,PayPal Pay Later,18-24,3148,1897.65,Unlock your purchasing power.,Don't let tight budgets hold you back. Flexible payment options available now!
ad_2599,Klarna,45-54,4635,2435.02,"Buy Now, Pay Later with no hidden fees!","Shop your favorite brands and pay over 6 weeks. No interest, no hard credit check."
ad_2600,Afterpay,25-34,1017,1978.8,Unlock your purchasing power.,"Shop your favorite brands and pay over 6 weeks. No interest, no hard credit check. No credit impact! Treat yourself now. Instant decision."
ad_2601,Klarna,25-34,1104,1849.6,Zero interest when you pay in 4.,Don't let tight budgets hold you back. Flexible payment options available now!
ad_2602,Affirm,25-34,11924,1736.35,Unlock your purchasing power.,Instant approval! Just select our payment option at checkout. No credit impact! Treat yourself now. Instant decision.
ad_2603,Afterpay,25-34,2927,3721.22,Split your purchase into 4 easy payments.,Don't let tight budgets hold you back. Flexible payment options available now! No credit impact! Treat yourself now. Instant decision.
ad_2604,Affirm,25-34,2017,799.14,Don't wait! Buy today and pay later.,Don't let tight budgets hold you back. Flexible payment options available now! No credit impact! Treat yourself now. Instant decision.
ad_2605,Sezzle,18-24,11282,1179.04,Split your purchase into 4 easy payments.,"Manage your cash flow better. Buy the essentials today and pay in small, manageable installments. No credit impact! Treat yourself now. Instant decision."
ad_2606,Zip,18-24,2772,3753.15,Unlock your purchasing power.,Don't let tight budgets hold you back. Flexible payment options available now! No credit impact! Treat yourself now. Instant decision.
ad_2607,Zip,55-64,1274,4773.06,Unlock your purchasing power.,Don't let tight budgets hold you back. Flexible payment options available now!
ad_2608,PayPal Pay Later,25-34,607,1071.14,"Get it now, pay over time.","We help you buy what you want, when you want it. Download the app today. No credit impact! Treat yourself now. Instant decision."
ad_2609,PayPal Pay Later,45-54,4325,4147.96,Zero interest when you pay in 4.,"Shop your favorite brands and pay over 6 weeks. No interest, no hard credit check."
ad_2610,Afterpay,18-24,3764,3286.33,"Get it now, pay over time.",Don't let tight budgets hold you back. Flexible payment options available now! No credit impact! Treat yourself now. Instant decision.
ad_2611,Zip,25-34,1597,4309.6,Don't wait! Buy today and pay later.,"Manage your cash flow better. Buy the essentials today and pay in small, manageable installments."
ad_2612,Affirm,25-34,9150,1625.12,"Get it now, pay over time.","Shop your favorite brands and pay over 6 weeks. No interest, no hard credit check. No credit impact! Treat yourself now. Instant decision."
ad_2613,PayPal Pay Later,18-24,6315,524.24,"Get it now, pay over time.","We help you buy what you want, when you want it. Download the app today. No credit impact! Treat yourself now. Instant decision."
ad_2614,Klarna,25-34,2835,478.61,Zero interest when you pay in 4.,"We help you buy what you want, when you want it. Download the app today. No credit impact! Treat yourself now. Instant decision."
ad_2615,Zip,18-24,12987,2862.63,Don't wait! Buy today and pay later.,"Shop your favorite brands and pay over 6 weeks. No interest, no hard credit check. No credit impact! Treat yourself now. Instant decision."
ad_2616,Affirm,18-24,1339,1723.63,Don't wait! Buy today and pay later.,"Manage your cash flow better. Buy the essentials today and pay in small, manageable installments."
ad_2617,Klarna,25-34,1239,4977.83,"Get it now, pay over time.",Don't let tight budgets hold you back. Flexible payment options available now! No credit impact! Treat yourself now. Instant decision.
ad_2618,Affirm,18-24,1273,3560.16,Unlock your purchasing power.,"Manage your cash flow better. Buy the essentials today and pay in small, manageable installments. No credit impact! Treat yourself now. Instant decision."
ad_2619,Klarna,35-44,1438,306.96,Don't wait! Buy today and pay later.,"Why wait until payday? Get the things you want now and split your payments. It's fast, easy, and risk-free."
ad_2620,Zip,65+,3968,1037.32,Don't wait! Buy today and pay later.,Instant approval! Just select our payment option at checkout.
ad_2621,PayPal Pay Later,45-54,1156,4052.14,Split your purchase into 4 easy payments.,"We help you buy what you want, when you want it. Download the app today. Smart budgeting for your family. No interest fees."
ad_2622,Klarna,18-24,3280,1975.47,Zero interest when you pay in 4.,"We help you buy what you want, when you want it. Download the app today. No credit impact! Treat yourself now. Instant decision."
ad_2623,Sezzle,25-34,1885,2663.15,Don't wait! Buy today and pay later.,"Manage your cash flow better. Buy the essentials today and pay in small, manageable installments. No credit impact! Treat yourself now. Instant decision."
ad_2624,Affirm,18-24,4149,1308.55,Don't wait! Buy today and pay later.,Instant approval! Just select our payment option at checkout. No credit impact! Treat yourself now. Instant decision.
ad_2625,Affirm,18-24,889,4756.67,Zero interest when you pay in 4.,Instant approval! Just select our payment option at checkout. No credit impact! Treat yourself now. Instant decision.
ad_2626,Klarna,25-34,3162,755.85,Split your purchase into 4 easy payments.,Don't let tight budgets hold you back. Flexible payment options available now!
ad_2627,Zip,25-34,1486,2023.36,"Buy Now, Pay Later with no hidden fees!",Instant approval! Just select our payment option at checkout.
ad_2628,Klarna,65+,15143,4816.73,"Buy Now, Pay Later with no hidden fees!","Manage your cash flow better. Buy the essentials today and pay in small, manageable installments."
ad_2629,Klarna,18-24,763,4899.09,"Buy Now, Pay Later with no hidden fees!","Shop your favorite brands and pay over 6 weeks. No interest, no hard credit check. No credit impact! Treat yourself now. Instant decision."
ad_2630,Afterpay,25-34,3710,4613.44,Unlock your purchasing power.,"Manage your cash flow better. Buy the essentials today and pay in small, manageable installments."
ad_2631,Affirm,25-34,2327,3024.17,"Buy Now, Pay Later with no hidden fees!","Why wait until payday? Get the things you want now and split your payments. It's fast, easy, and risk-free. No credit impact! Treat yourself now. Instant decision."
ad_2632,Zip,18-24,3192,2070.92,Split your purchase into 4 easy payments.,"We help you buy what you want, when you want it. Download the app today. No credit impact! Treat yourself now. Instant decision."
ad_2633,Sezzle,18-24,8623,4429.78,Unlock your purchasing power.,"We help you buy what you want, when you want it. Download the app today. No credit impact! Treat yourself now. Instant decision."
ad_2634,Sezzle,18-24,6081,2613.31,Zero interest when you pay in 4.,Don't let tight budgets hold you back. Flexible payment options available now!
ad_2635,Afterpay,18-24,478,1045.34,Split your purchase into 4 easy payments.,"Shop your favorite brands and pay over 6 weeks. No interest, no hard credit check."
ad_2636,Afterpay,25-34,2920,2357.64,Don't wait! Buy today and pay later.,"We help you buy what you want, when you want it. Download the app today."
ad_2637,Affirm,45-54,5654,3366.22,Zero interest when you pay in 4.,"Why wait until payday? Get the things you want now and split your payments. It's fast, easy, and risk-free. Smart budgeting for your family. No interest fees."
ad_2638,Affirm,18-24,602,3432.64,"Buy Now, Pay Later with no hidden fees!",Instant approval! Just select our payment option at checkout. No credit impact! Treat yourself now. Instant decision.
ad_2639,Affirm,35-44,2023,288.81,Split your purchase into 4 easy payments.,"Shop your favorite brands and pay over 6 weeks. No interest, no hard credit check. Smart budgeting for your family. No interest fees."
ad_2640,Affirm,18-24,6326,3112.05,Unlock your purchasing power.,"We help you buy what you want, when you want it. Download the app today. No credit impact! Treat yourself now. Instant decision."
ad_2641,Zip,25-34,1655,2635.28,"Buy Now, Pay Later with no hidden fees!","Manage your cash flow better. Buy the essentials today and pay in small, manageable installments. No credit impact! Treat yourself now. Instant decision."
ad_2642,Affirm,18-24,7663,2394.02,Unlock your purchasing power.,Don't let tight budgets hold you back. Flexible payment options available now!
ad_2643,Zip,18-24,3623,1926.66,Unlock your purchasing power.,Don't let tight budgets hold you back. Flexible payment options available now! No credit impact! Treat yourself now. Instant decision.
ad_2644,Afterpay,18-24,6018,2108.19,Unlock your purchasing power.,"We help you buy what you want, when you want it. Download the app today. No credit impact! Treat yourself now. Instant decision."
ad_2645,Zip,35-44,11736,2977.68,"Get it now, pay over time.","Why wait until payday? Get the things you want now and split your payments. It's fast, easy, and risk-free."
ad_2646,Affirm,65+,917,3411.39,"Buy Now, Pay Later with no hidden fees!",Instant approval! Just select our payment option at checkout. Smart budgeting for your family. No interest fees.
ad_2647,Klarna,45-54,4595,796.13,Split your purchase into 4 easy payments.,"Shop your favorite brands and pay over 6 weeks. No interest, no hard credit check."
ad_2648,Afterpay,18-24,10569,163.37,"Get it now, pay over time.",Instant approval! Just select our payment option at checkout. No credit impact! Treat yourself now. Instant decision.
ad_2649,Klarna,45-54,6578,3529.35,Split your purchase into 4 easy payments.,Instant approval! Just select our payment option at checkout.
ad_2650,Klarna,35-44,2503,3250.66,"Get it now, pay over time.","Manage your cash flow better. Buy the essentials today and pay in small, manageable installments."
ad_2651,Klarna,35-44,1411,4874.95,Don't wait! Buy today and pay later.,Instant approval! Just select our payment option at checkout. Smart budgeting for your family. No interest fees.
ad_2652,Klarna,18-24,11131,3441.69,"Get it now, pay over time.",Instant approval! Just select our payment option at checkout. No credit impact! Treat yourself now. Instant decision.
ad_2653,Afterpay,25-34,8860,3838.49,Don't wait! Buy today and pay later.,"Shop your favorite brands and pay over 6 weeks. No interest, no hard credit check. No credit impact! Treat yourself now. Instant decision."
ad_2654,Klarna,25-34,14340,248.98,Zero interest when you pay in 4.,"Shop your favorite brands and pay over 6 weeks. No interest, no hard credit check. No credit impact! Treat yourself now. Instant decision."
ad_2655,Afterpay,35-44,649,1329.61,"Get it now, pay over time.","Why wait until payday? Get the things you want now and split your payments. It's fast, easy, and risk-free."
ad_2656,Afterpay,35-44,4338,2896.91,Unlock your purchasing power.,Instant approval! Just select our payment option at checkout.
ad_2657,PayPal Pay Later,18-24,1257,1838.15,Split your purchase into 4 easy payments.,Instant approval! Just select our payment option at checkout. No credit impact! Treat yourself now. Instant decision.
ad_2658,Sezzle,25-34,1502,4556.83,"Get it now, pay over time.","Manage your cash flow better. Buy the essentials today and pay in small, manageable installments. No credit impact! Treat yourself now. Instant decision."
ad_2659,Afterpay,25-34,1178,2460.36,"Get it now, pay over time.","Why wait until payday? Get the things you want now and split your payments. It's fast, easy, and risk-free."
ad_2660,PayPal Pay Later,18-24,3358,3485.24,"Buy Now, Pay Later with no hidden fees!","Shop your favorite brands and pay over 6 weeks. No interest, no hard credit check. No credit impact! Treat yourself now. Instant decision."
ad_2661,Klarna,25-34,3704,2902.45,"Get it now, pay over time.",Don't let tight budgets hold you back. Flexible payment options available now! No credit impact! Treat yourself now. Instant decision.
ad_2662,Affirm,35-44,1245,1122.95,Don't wait! Buy today and pay later.,"Shop your favorite brands and pay over 6 weeks. No interest, no hard credit check."
ad_2663,Sezzle,25-34,804,861.74,Zero interest when you pay in 4.,"Manage your cash flow better. Buy the essentials today and pay in small, manageable installments."
ad_2664,Zip,18-24,10625,4446.48,"Get it now, pay over time.","Why wait until payday? Get the things you want now and split your payments. It's fast, easy, and risk-free."
ad_2665,Klarna,35-44,2149,1479.71,Split your purchase into 4 easy payments.,Don't let tight budgets hold you back. Flexible payment options available now! Smart budgeting for your family. No interest fees.
ad_2666,Affirm,18-24,352,2781.91,Zero interest when you pay in 4.,"Manage your cash flow better. Buy the essentials today and pay in small, manageable installments. No credit impact! Treat yourself now. Instant decision."
ad_2667,Klarna,18-24,604,1722.38,Unlock your purchasing power.,Don't let tight budgets hold you back. Flexible payment options available now! No credit impact! Treat yourself now. Instant decision.
ad_2668,Zip,25-34,9947,1363.49,Unlock your purchasing power.,"Why wait until payday? Get the things you want now and split your payments. It's fast, easy, and risk-free. No credit impact! Treat yourself now. Instant decision."
ad_2669,Klarna,18-24,9461,150.54,Zero interest when you pay in 4.,"We help you buy what you want, when you want it. Download the app today. No credit impact! Treat yourself now. Instant decision."
ad_2670,PayPal Pay Later,25-34,3595,773.8,Don't wait! Buy today and pay later.,"We help you buy what you want, when you want it. Download the app today. No credit impact! Treat yourself now. Instant decision."
ad_2671,Afterpay,25-34,2454,3789.5,Split your purchase into 4 easy payments.,"Shop your favorite brands and pay over 6 weeks. No interest, no hard credit check."
ad_2672,Afterpay,18-24,1640,2750.59,Don't wait! Buy today and pay later.,"Shop your favorite brands and pay over 6 weeks. No interest, no hard credit check."
ad_2673,Sezzle,18-24,5522,4037.09,Don't wait! Buy today and pay later.,Instant approval! Just select our payment option at checkout. No credit impact! Treat yourself now. Instant decision.
ad_2674,Klarna,18-24,5875,976.53,Split your purchase into 4 easy payments.,Don't let tight budgets hold you back. Flexible payment options available now!
ad_2675,Affirm,18-24,457,2301.93,Unlock your purchasing power.,"We help you buy what you want, when you want it. Download the app today."
ad_2676,Zip,18-24,3734,1617.91,Don't wait! Buy today and pay later.,Don't let tight budgets hold you back. Flexible payment options available now! No credit impact! Treat yourself now. Instant decision.
ad_2677,Afterpay,25-34,11471,3524.65,"Buy Now, Pay Later with no hidden fees!","Why wait until payday? Get the things you want now and split your payments. It's fast, easy, and risk-free."
ad_2678,Zip,25-34,8969,823.77,"Get it now, pay over time.","Manage your cash flow better. Buy the essentials today and pay in small, manageable installments. No credit impact! Treat yourself now. Instant decision."
ad_2679,Zip,18-24,1923,2835.71,Split your purchase into 4 easy payments.,"Shop your favorite brands and pay over 6 weeks. No interest, no hard credit check."
ad_2680,Afterpay,18-24,2602,2139.02,Zero interest when you pay in 4.,Don't let tight budgets hold you back. Flexible payment options available now!
ad_2681,Klarna,18-24,436,3761.23,"Get it now, pay over time.","We help you buy what you want, when you want it. Download the app today. No credit impact! Treat yourself now. Instant decision."
ad_2682,Afterpay,65+,3164,1887.58,Unlock your purchasing power.,Instant approval! Just select our payment option at checkout. Smart budgeting for your family. No interest fees.
ad_2683,Zip,25-34,2508,3468.24,"Buy Now, Pay Later with no hidden fees!","We help you buy what you want, when you want it. Download the app today."
ad_2684,Sezzle,18-24,2768,2196.04,"Get it now, pay over time.","Shop your favorite brands and pay over 6 weeks. No interest, no hard credit check. No credit impact! Treat yourself now. Instant decision."
ad_2685,Sezzle,18-24,1979,1610.64,Zero interest when you pay in 4.,Don't let tight budgets hold you back. Flexible payment options available now!
ad_2686,Zip,45-54,4608,1160.9,"Buy Now, Pay Later with no hidden fees!","Manage your cash flow better. Buy the essentials today and pay in small, manageable installments."
ad_2687,PayPal Pay Later,25-34,15650,3317.01,Unlock your purchasing power.,"Shop your favorite brands and pay over 6 weeks. No interest, no hard credit check. No credit impact! Treat yourself now. Instant decision."
ad_2688,Klarna,45-54,3762,1634.62,"Buy Now, Pay Later with no hidden fees!","Manage your cash flow better. Buy the essentials today and pay in small, manageable installments."
ad_2689,Afterpay,25-34,2117,3345.62,"Buy Now, Pay Later with no hidden fees!",Instant approval! Just select our payment option at checkout. No credit impact! Treat yourself now. Instant decision.
ad_2690,Sezzle,25-34,2961,2389.9,Split your purchase into 4 easy payments.,"Why wait until payday? Get the things you want now and split your payments. It's fast, easy, and risk-free. No credit impact! Treat yourself now. Instant decision."
ad_2691,Affirm,18-24,1374,703.89,Don't wait! Buy today and pay later.,Instant approval! Just select our payment option at checkout.
ad_2692,PayPal Pay Later,35-44,6805,432.6,"Buy Now, Pay Later with no hidden fees!",Instant approval! Just select our payment option at checkout.
ad_2693,Zip,18-24,530,4382.18,Zero interest when you pay in 4.,"Shop your favorite brands and pay over 6 weeks. No interest, no hard credit check. No credit impact! Treat yourself now. Instant decision."
ad_2694,PayPal Pay Later,35-44,1555,4652.52,Don't wait! Buy today and pay later.,"Why wait until payday? Get the things you want now and split your payments. It's fast, easy, and risk-free. Smart budgeting for your family. No interest fees."
ad_2695,Afterpay,18-24,6081,2505.68,Don't wait! Buy today and pay later.,"Manage your cash flow better. Buy the essentials today and pay in small, manageable installments. No credit impact! Treat yourself now. Instant decision."
ad_2696,PayPal Pay Later,18-24,6521,2846.84,"Buy Now, Pay Later with no hidden fees!",Instant approval! Just select our payment option at checkout. No credit impact! Treat yourself now. Instant decision.
ad_2697,PayPal Pay Later,65+,7510,1222.82,Zero interest when you pay in 4.,Instant approval! Just select our payment option at checkout.
ad_2698,Affirm,25-34,2241,639.55,Zero interest when you pay in 4.,"Manage your cash flow better. Buy the essentials today and pay in small, manageable installments. No credit impact! Treat yourself now. Instant decision."
ad_2699,Afterpay,25-34,7766,4295.91,"Buy Now, Pay Later with no hidden fees!","We help you buy what you want, when you want it. Download the app today. No credit impact! Treat yourself now. Instant decision."
ad_2700,Zip,35-44,3857,3464.45,"Buy Now, Pay Later with no hidden fees!","Why wait until payday? Get the things you want now and split your payments. It's fast, easy, and risk-free. Smart budgeting for your family. No interest fees."
ad_2701,PayPal Pay Later,18-24,7925,552.71,"Buy Now, Pay Later with no hidden fees!","Manage your cash flow better. Buy the essentials today and pay in small, manageable installments. No credit impact! Treat yourself now. Instant decision."
ad_2702,Sezzle,45-54,2712,2573.4,Unlock your purchasing power.,Instant approval! Just select our payment option at checkout.
ad_2703,Zip,45-54,3574,2195.17,Split your purchase into 4 easy payments.,Instant approval! Just select our payment option at checkout. Smart budgeting for your family. No interest fees.
ad_2704,Affirm,25-34,3144,2155.81,Split your purchase into 4 easy payments.,"Shop your favorite brands and pay over 6 weeks. No interest, no hard credit check. No credit impact! Treat yourself now. Instant decision."
ad_2705,Klarna,25-34,802,4778.67,Don't wait! Buy today and pay later.,Instant approval! Just select our payment option at checkout. No credit impact! Treat yourself now. Instant decision.
ad_2706,PayPal Pay Later,55-64,10273,2393.43,Don't wait! Buy today and pay later.,"Why wait until payday? Get the things you want now and split your payments. It's fast, easy, and risk-free."
ad_2707,Afterpay,18-24,2303,4746.96,Split your purchase into 4 easy payments.,"We help you buy what you want, when you want it. Download the app today. No credit impact! Treat yourself now. Instant decision."
ad_2708,Afterpay,25-34,2751,3863.67,Don't wait! Buy today and pay later.,"Why wait until payday? Get the things you want now and split your payments. It's fast, easy, and risk-free. No credit impact! Treat yourself now. Instant decision."
ad_2709,Klarna,25-34,2138,2555.88,Split your purchase into 4 easy payments.,"Shop your favorite brands and pay over 6 weeks. No interest, no hard credit check. No credit impact! Treat yourself now. Instant decision."
ad_2710,Klarna,18-24,3687,3702.28,Split your purchase into 4 easy payments.,Don't let tight budgets hold you back. Flexible payment options available now! No credit impact! Treat yourself now. Instant decision.
ad_2711,Klarna,65+,1002,3534.07,Split your purchase into 4 easy payments.,Don't let tight budgets hold you back. Flexible payment options available now!
ad_2712,Affirm,18-24,19810,3881.4,Unlock your purchasing power.,"Manage your cash flow better. Buy the essentials today and pay in small, manageable installments."
ad_2713,Afterpay,25-34,4127,466.34,"Get it now, pay over time.","We help you buy what you want, when you want it. Download the app today. No credit impact! Treat yourself now. Instant decision."
ad_2714,Sezzle,45-54,5008,4432.77,Don't wait! Buy today and pay later.,"Why wait until payday? Get the things you want now and split your payments. It's fast, easy, and risk-free."
ad_2715,Sezzle,25-34,9488,2649.83,Split your purchase into 4 easy payments.,Don't let tight budgets hold you back. Flexible payment options available now!
ad_2716,Zip,55-64,9769,4795.11,Unlock your purchasing power.,Instant approval! Just select our payment option at checkout. Smart budgeting for your family. No interest fees.
ad_2717,Afterpay,45-54,1866,660.27,Unlock your purchasing power.,Don't let tight budgets hold you back. Flexible payment options available now! Smart budgeting for your family. No interest fees.
ad_2718,Affirm,18-24,1355,4809.82,Zero interest when you pay in 4.,"Why wait until payday? Get the things you want now and split your payments. It's fast, easy, and risk-free. No credit impact! Treat yourself now. Instant decision."
ad_2719,Zip,18-24,1034,2315.25,Zero interest when you pay in 4.,Instant approval! Just select our payment option at checkout.
ad_2720,Afterpay,55-64,2328,972.35,Don't wait! Buy today and pay later.,"Shop your favorite brands and pay over 6 weeks. No interest, no hard credit check. Smart budgeting for your family. No interest fees."
ad_2721,PayPal Pay Later,18-24,963,325.42,"Buy Now, Pay Later with no hidden fees!","Manage your cash flow better. Buy the essentials today and pay in small, manageable installments. No credit impact! Treat yourself now. Instant decision."
ad_2722,Sezzle,25-34,2021,249.39,"Buy Now, Pay Later with no hidden fees!","Manage your cash flow better. Buy the essentials today and pay in small, manageable installments. No credit impact! Treat yourself now. Instant decision."
ad_2723,Klarna,25-34,2847,4290.09,Zero interest when you pay in 4.,"Why wait until payday? Get the things you want now and split your payments. It's fast, easy, and risk-free. No credit impact! Treat yourself now. Instant decision."
ad_2724,Afterpay,65+,4511,3547.32,Unlock your purchasing power.,Don't let tight budgets hold you back. Flexible payment options available now!
ad_2725,PayPal Pay Later,18-24,4060,522.54,Split your purchase into 4 easy payments.,"Manage your cash flow better. Buy the essentials today and pay in small, manageable installments. No credit impact! Treat yourself now. Instant decision."
ad_2726,Afterpay,18-24,561,788.22,"Buy Now, Pay Later with no hidden fees!","Manage your cash flow better. Buy the essentials today and pay in small, manageable installments."
ad_2727,Klarna,25-34,6076,1861.78,Zero interest when you pay in 4.,"Manage your cash flow better. Buy the essentials today and pay in small, manageable installments."
ad_2728,Zip,35-44,3750,2545.17,Split your purchase into 4 easy payments.,Instant approval! Just select our payment option at checkout.
ad_2729,Sezzle,65+,1444,1250.57,Unlock your purchasing power.,Instant approval! Just select our payment option at checkout. Smart budgeting for your family. No interest fees.
ad_2730,Klarna,25-34,1844,250.48,"Buy Now, Pay Later with no hidden fees!",Instant approval! Just select our payment option at checkout. No credit impact! Treat yourself now. Instant decision.
ad_2731,PayPal Pay Later,25-34,3072,2795.17,Don't wait! Buy today and pay later.,"Why wait until payday? Get the things you want now and split your payments. It's fast, easy, and risk-free. No credit impact! Treat yourself now. Instant decision."
ad_2732,Zip,25-34,1520,2746.77,Unlock your purchasing power.,"Shop your favorite brands and pay over 6 weeks. No interest, no hard credit check."
ad_2733,Sezzle,55-64,2734,1026.58,"Buy Now, Pay Later with no hidden fees!","Why wait until payday? Get the things you want now and split your payments. It's fast, easy, and risk-free. Smart budgeting for your family. No interest fees."
ad_2734,PayPal Pay Later,18-24,29589,956.99,Don't wait! Buy today and pay later.,Instant approval! Just select our payment option at checkout. No credit impact! Treat yourself now. Instant decision.
ad_2735,Sezzle,18-24,2636,2755.64,Unlock your purchasing power.,"Shop your favorite brands and pay over 6 weeks. No interest, no hard credit check. No credit impact! Treat yourself now. Instant decision."
ad_2736,PayPal Pay Later,25-34,10251,262.34,Split your purchase into 4 easy payments.,"Manage your cash flow better. Buy the essentials today and pay in small, manageable installments. No credit impact! Treat yourself now. Instant decision."
ad_2737,Afterpay,25-34,687,1734.57,"Get it now, pay over time.","Manage your cash flow better. Buy the essentials today and pay in small, manageable installments. No credit impact! Treat yourself now. Instant decision."
ad_2738,Sezzle,18-24,2561,1405.41,Split your purchase into 4 easy payments.,"Shop your favorite brands and pay over 6 weeks. No interest, no hard credit check. No credit impact! Treat yourself now. Instant decision."
ad_2739,Afterpay,55-64,10280,4439.3,Unlock your purchasing power.,"Why wait until payday? Get the things you want now and split your payments. It's fast, easy, and risk-free."
ad_2740,PayPal Pay Later,18-24,3296,2084.16,Unlock your purchasing power.,"Why wait until payday? Get the things you want now and split your payments. It's fast, easy, and risk-free. No credit impact! Treat yourself now. Instant decision."
ad_2741,Zip,25-34,9254,3861.65,Zero interest when you pay in 4.,"Shop your favorite brands and pay over 6 weeks. No interest, no hard credit check. No credit impact! Treat yourself now. Instant decision."
ad_2742,Klarna,18-24,827,4534.48,Split your purchase into 4 easy payments.,Don't let tight budgets hold you back. Flexible payment options available now! No credit impact! Treat yourself now. Instant decision.
ad_2743,PayPal Pay Later,35-44,1004,3370.02,"Get it now, pay over time.",Instant approval! Just select our payment option at checkout.
ad_2744,PayPal Pay Later,25-34,1809,4036.13,Unlock your purchasing power.,Instant approval! Just select our payment option at checkout. No credit impact! Treat yourself now. Instant decision.
ad_2745,Sezzle,18-24,3737,2830.9,"Get it now, pay over time.",Instant approval! Just select our payment option at checkout.
ad_2746,Afterpay,65+,3824,571.2,Unlock your purchasing power.,"We help you buy what you want, when you want it. Download the app today."
ad_2747,PayPal Pay Later,18-24,4779,1215.81,"Get it now, pay over time.","Manage your cash flow better. Buy the essentials today and pay in small, manageable installments. No credit impact! Treat yourself now. Instant decision."
ad_2748,Afterpay,25-34,11796,2254.21,"Get it now, pay over time.","We help you buy what you want, when you want it. Download the app today. No credit impact! Treat yourself now. Instant decision."
ad_2749,Klarna,25-34,1694,212.54,"Buy Now, Pay Later with no hidden fees!",Don't let tight budgets hold you back. Flexible payment options available now! No credit impact! Treat yourself now. Instant decision.
ad_2750,Afterpay,65+,7352,942.46,Zero interest when you pay in 4.,"Shop your favorite brands and pay over 6 weeks. No interest, no hard credit check. Smart budgeting for your family. No interest fees."
ad_2751,Zip,18-24,1868,892.03,"Buy Now, Pay Later with no hidden fees!","Manage your cash flow better. Buy the essentials today and pay in small, manageable installments. No credit impact! Treat yourself now. Instant decision."
ad_2752,Afterpay,45-54,1178,1904.79,"Buy Now, Pay Later with no hidden fees!","We help you buy what you want, when you want it. Download the app today."
ad_2753,Sezzle,18-24,9012,2029.3,Unlock your purchasing power.,Instant approval! Just select our payment option at checkout.
ad_2754,PayPal Pay Later,25-34,1866,755.19,Zero interest when you pay in 4.,"Why wait until payday? Get the things you want now and split your payments. It's fast, easy, and risk-free."
ad_2755,Afterpay,18-24,16589,3077.08,Unlock your purchasing power.,"We help you buy what you want, when you want it. Download the app today. No credit impact! Treat yourself now. Instant decision."
ad_2756,PayPal Pay Later,18-24,7793,958.64,Zero interest when you pay in 4.,"Shop your favorite brands and pay over 6 weeks. No interest, no hard credit check. No credit impact! Treat yourself now. Instant decision."
ad_2757,Afterpay,25-34,559,3018.22,Zero interest when you pay in 4.,"Manage your cash flow better. Buy the essentials today and pay in small, manageable installments."
ad_2758,Zip,45-54,3200,4919.12,"Get it now, pay over time.","Shop your favorite brands and pay over 6 weeks. No interest, no hard credit check."
ad_2759,Zip,25-34,3690,2689.97,Zero interest when you pay in 4.,"Why wait until payday? Get the things you want now and split your payments. It's fast, easy, and risk-free. No credit impact! Treat yourself now. Instant decision."
ad_2760,Sezzle,35-44,5217,1769.02,"Get it now, pay over time.","Shop your favorite brands and pay over 6 weeks. No interest, no hard credit check."
ad_2761,Zip,25-34,12423,1352.04,"Buy Now, Pay Later with no hidden fees!",Don't let tight budgets hold you back. Flexible payment options available now! No credit impact! Treat yourself now. Instant decision.
ad_2762,Klarna,18-24,3137,4269.16,Don't wait! Buy today and pay later.,Don't let tight budgets hold you back. Flexible payment options available now! No credit impact! Treat yourself now. Instant decision.
ad_2763,Klarna,18-24,5982,1137.39,Unlock your purchasing power.,Don't let tight budgets hold you back. Flexible payment options available now! No credit impact! Treat yourself now. Instant decision.
ad_2764,PayPal Pay Later,18-24,8825,716.64,"Buy Now, Pay Later with no hidden fees!",Instant approval! Just select our payment option at checkout.
ad_2765,Afterpay,65+,2362,4104.74,Don't wait! Buy today and pay later.,"Manage your cash flow better. Buy the essentials today and pay in small, manageable installments."
ad_2766,Afterpay,25-34,2134,2106.2,Zero interest when you pay in 4.,"Manage your cash flow better. Buy the essentials today and pay in small, manageable installments. No credit impact! Treat yourself now. Instant decision."
ad_2767,Klarna,18-24,2321,490.63,"Buy Now, Pay Later with no hidden fees!","Manage your cash flow better. Buy the essentials today and pay in small, manageable installments."
ad_2768,PayPal Pay Later,55-64,6161,93.67,Split your purchase into 4 easy payments.,"Shop your favorite brands and pay over 6 weeks. No interest, no hard credit check."
ad_2769,Zip,25-34,39739,2702.88,Unlock your purchasing power.,"Manage your cash flow better. Buy the essentials today and pay in small, manageable installments. No credit impact! Treat yourself now. Instant decision."
ad_2770,Affirm,18-24,2863,4451.61,Don't wait! Buy today and pay later.,"We help you buy what you want, when you want it. Download the app today."
ad_2771,Sezzle,45-54,13808,2348.63,"Buy Now, Pay Later with no hidden fees!",Don't let tight budgets hold you back. Flexible payment options available now! Smart budgeting for your family. No interest fees.
ad_2772,Klarna,18-24,1313,4402.4,Don't wait! Buy today and pay later.,"We help you buy what you want, when you want it. Download the app today."
ad_2773,Sezzle,25-34,4172,963.45,"Get it now, pay over time.",Don't let tight budgets hold you back. Flexible payment options available now! No credit impact! Treat yourself now. Instant decision.
ad_2774,Afterpay,18-24,1397,4417.08,Zero interest when you pay in 4.,"We help you buy what you want, when you want it. Download the app today. No credit impact! Treat yourself now. Instant decision."
ad_2775,Sezzle,25-34,727,3221.08,Zero interest when you pay in 4.,"We help you buy what you want, when you want it. Download the app today. No credit impact! Treat yourself now. Instant decision."
ad_2776,Klarna,18-24,2360,4188.76,Split your purchase into 4 easy payments.,Instant approval! Just select our payment option at checkout.
ad_2777,Zip,25-34,20041,2242.81,"Buy Now, Pay Later with no hidden fees!","Why wait until payday? Get the things you want now and split your payments. It's fast, easy, and risk-free. No credit impact! Treat yourself now. Instant decision."
ad_2778,Afterpay,18-24,974,2715.46,Split your purchase into 4 easy payments.,"Why wait until payday? Get the things you want now and split your payments. It's fast, easy, and risk-free. No credit impact! Treat yourself now. Instant decision."
ad_2779,Zip,25-34,3326,1981.47,"Get it now, pay over time.","Shop your favorite brands and pay over 6 weeks. No interest, no hard credit check. No credit impact! Treat yourself now. Instant decision."
ad_2780,Zip,18-24,1480,4407.83,Unlock your purchasing power.,"Shop your favorite brands and pay over 6 weeks. No interest, no hard credit check."
ad_2781,Affirm,35-44,3683,628.33,"Get it now, pay over time.","Manage your cash flow better. Buy the essentials today and pay in small, manageable installments. Smart budgeting for your family. No interest fees."
ad_2782,Affirm,25-34,5229,4667.02,Split your purchase into 4 easy payments.,Don't let tight budgets hold you back. Flexible payment options available now! No credit impact! Treat yourself now. Instant decision.
ad_2783,Zip,25-34,482,3944.86,Split your purchase into 4 easy payments.,Don't let tight budgets hold you back. Flexible payment options available now! No credit impact! Treat yourself now. Instant decision.
ad_2784,Afterpay,18-24,4354,3142.74,Zero interest when you pay in 4.,"We help you buy what you want, when you want it. Download the app today."
ad_2785,Zip,18-24,4559,1058.06,"Get it now, pay over time.",Instant approval! Just select our payment option at checkout.
ad_2786,Affirm,25-34,701,3359.51,"Buy Now, Pay Later with no hidden fees!",Don't let tight budgets hold you back. Flexible payment options available now!
ad_2787,Zip,25-34,829,1381.08,Split your purchase into 4 easy payments.,Don't let tight budgets hold you back. Flexible payment options available now! No credit impact! Treat yourself now. Instant decision.
ad_2788,PayPal Pay Later,25-34,3546,3142.87,Zero interest when you pay in 4.,"We help you buy what you want, when you want it. Download the app today. No credit impact! Treat yourself now. Instant decision."
ad_2789,Klarna,45-54,13280,990.48,Unlock your purchasing power.,"We help you buy what you want, when you want it. Download the app today. Smart budgeting for your family. No interest fees."
ad_2790,Affirm,18-24,669,3507.93,"Buy Now, Pay Later with no hidden fees!","Shop your favorite brands and pay over 6 weeks. No interest, no hard credit check. No credit impact! Treat yourself now. Instant decision."
ad_2791,Affirm,25-34,6162,2799.69,"Get it now, pay over time.","We help you buy what you want, when you want it. Download the app today."
ad_2792,Sezzle,25-34,1886,4011.16,Zero interest when you pay in 4.,"Shop your favorite brands and pay over 6 weeks. No interest, no hard credit check. No credit impact! Treat yourself now. Instant decision."
ad_2793,PayPal Pay Later,18-24,1278,4460.7,Unlock your purchasing power.,"We help you buy what you want, when you want it. Download the app today. No credit impact! Treat yourself now. Instant decision."
ad_2794,Affirm,25-34,2523,2313.63,Split your purchase into 4 easy payments.,"Manage your cash flow better. Buy the essentials today and pay in small, manageable installments. No credit impact! Treat yourself now. Instant decision."
ad_2795,Klarna,18-24,1128,2657.67,Don't wait! Buy today and pay later.,"Manage your cash flow better. Buy the essentials today and pay in small, manageable installments. No credit impact! Treat yourself now. Instant decision."
ad_2796,Zip,35-44,33731,3632.54,Unlock your purchasing power.,"Why wait until payday? Get the things you want now and split your payments. It's fast, easy, and risk-free. Smart budgeting for your family. No interest fees."
ad_2797,Klarna,18-24,4308,2862.73,Zero interest when you pay in 4.,"We help you buy what you want, when you want it. Download the app today. No credit impact! Treat yourself now. Instant decision."
ad_2798,Afterpay,18-24,4303,1036.65,Zero interest when you pay in 4.,Instant approval! Just select our payment option at checkout.
ad_2799,Sezzle,45-54,2888,2386.79,Don't wait! Buy today and pay later.,Don't let tight budgets hold you back. Flexible payment options available now! Smart budgeting for your family. No interest fees.
ad_2800,Klarna,25-34,9385,4484.38,Split your purchase into 4 easy payments.,"We help you buy what you want, when you want it. Download the app today. No credit impact! Treat yourself now. Instant decision."
ad_2801,Klarna,18-24,2793,709.11,"Get it now, pay over time.","Why wait until payday? Get the things you want now and split your payments. It's fast, easy, and risk-free. No credit impact! Treat yourself now. Instant decision."
ad_2802,Zip,25-34,1257,4634.1,Split your purchase into 4 easy payments.,"Why wait until payday? Get the things you want now and split your payments. It's fast, easy, and risk-free. No credit impact! Treat yourself now. Instant decision."
ad_2803,Sezzle,25-34,3228,2042.03,Zero interest when you pay in 4.,"Manage your cash flow better. Buy the essentials today and pay in small, manageable installments. No credit impact! Treat yourself now. Instant decision."
ad_2804,Zip,18-24,2769,4552.84,"Buy Now, Pay Later with no hidden fees!","We help you buy what you want, when you want it. Download the app today. No credit impact! Treat yourself now. Instant decision."
ad_2805,PayPal Pay Later,25-34,4099,3907.93,Don't wait! Buy today and pay later.,"Shop your favorite brands and pay over 6 weeks. No interest, no hard credit check."
ad_2806,Sezzle,18-24,1139,1748.72,Don't wait! Buy today and pay later.,Don't let tight budgets hold you back. Flexible payment options available now! No credit impact! Treat yourself now. Instant decision.
ad_2807,PayPal Pay Later,18-24,4057,355.25,Don't wait! Buy today and pay later.,"We help you buy what you want, when you want it. Download the app today. No credit impact! Treat yourself now. Instant decision."
ad_2808,Zip,25-34,372,56.53,Unlock your purchasing power.,Don't let tight budgets hold you back. Flexible payment options available now!
ad_2809,Klarna,18-24,3940,702.67,"Get it now, pay over time.",Don't let tight budgets hold you back. Flexible payment options available now! No credit impact! Treat yourself now. Instant decision.
ad_2810,Klarna,35-44,9080,4061.49,Don't wait! Buy today and pay later.,"We help you buy what you want, when you want it. Download the app today. Smart budgeting for your family. No interest fees."
ad_2811,Zip,25-34,181,2117.79,"Get it now, pay over time.","Manage your cash flow better. Buy the essentials today and pay in small, manageable installments. No credit impact! Treat yourself now. Instant decision."
ad_2812,Afterpay,25-34,4135,3254.24,Unlock your purchasing power.,"Shop your favorite brands and pay over 6 weeks. No interest, no hard credit check. No credit impact! Treat yourself now. Instant decision."
ad_2813,Klarna,35-44,6402,1854.28,Unlock your purchasing power.,"Manage your cash flow better. Buy the essentials today and pay in small, manageable installments."
ad_2814,Afterpay,25-34,3515,3530.54,Unlock your purchasing power.,"Why wait until payday? Get the things you want now and split your payments. It's fast, easy, and risk-free. No credit impact! Treat yourself now. Instant decision."
ad_2815,PayPal Pay Later,25-34,2137,3246.54,Unlock your purchasing power.,Don't let tight budgets hold you back. Flexible payment options available now! No credit impact! Treat yourself now. Instant decision.
ad_2816,Klarna,45-54,1813,1624.48,Unlock your purchasing power.,"We help you buy what you want, when you want it. Download the app today."
ad_2817,Affirm,25-34,808,262.04,"Get it now, pay over time.","Why wait until payday? Get the things you want now and split your payments. It's fast, easy, and risk-free. No credit impact! Treat yourself now. Instant decision."
ad_2818,PayPal Pay Later,18-24,804,2107.02,"Buy Now, Pay Later with no hidden fees!",Instant approval! Just select our payment option at checkout. No credit impact! Treat yourself now. Instant decision.
ad_2819,Afterpay,45-54,2114,1036.74,Unlock your purchasing power.,Instant approval! Just select our payment option at checkout. Smart budgeting for your family. No interest fees.
ad_2820,Zip,55-64,1807,2917.14,"Buy Now, Pay Later with no hidden fees!","Shop your favorite brands and pay over 6 weeks. No interest, no hard credit check."
ad_2821,Affirm,25-34,5074,422.95,Split your purchase into 4 easy payments.,Instant approval! Just select our payment option at checkout. No credit impact! Treat yourself now. Instant decision.
ad_2822,Klarna,25-34,2880,4483.93,Zero interest when you pay in 4.,Instant approval! Just select our payment option at checkout. No credit impact! Treat yourself now. Instant decision.
ad_2823,Affirm,18-24,1342,2951.79,Zero interest when you pay in 4.,Instant approval! Just select our payment option at checkout.
ad_2824,Zip,18-24,999,3276.28,"Get it now, pay over time.","Shop your favorite brands and pay over 6 weeks. No interest, no hard credit check. No credit impact! Treat yourself now. Instant decision."
ad_2825,Klarna,25-34,1743,211.64,Don't wait! Buy today and pay later.,Don't let tight budgets hold you back. Flexible payment options available now! No credit impact! Treat yourself now. Instant decision.
ad_2826,Zip,55-64,4589,1662.89,Don't wait! Buy today and pay later.,"Why wait until payday? Get the things you want now and split your payments. It's fast, easy, and risk-free."
ad_2827,Sezzle,25-34,2408,1652.4,"Buy Now, Pay Later with no hidden fees!","We help you buy what you want, when you want it. Download the app today."
ad_2828,Zip,25-34,8148,1365.11,Zero interest when you pay in 4.,"Shop your favorite brands and pay over 6 weeks. No interest, no hard credit check. No credit impact! Treat yourself now. Instant decision."
ad_2829,PayPal Pay Later,18-24,64055,1286.79,Split your purchase into 4 easy payments.,Don't let tight budgets hold you back. Flexible payment options available now!
ad_2830,Sezzle,25-34,434,404.67,Zero interest when you pay in 4.,"Shop your favorite brands and pay over 6 weeks. No interest, no hard credit check. No credit impact! Treat yourself now. Instant decision."
ad_2831,PayPal Pay Later,35-44,6167,3453.53,Don't wait! Buy today and pay later.,Instant approval! Just select our payment option at checkout.
ad_2832,Afterpay,18-24,5378,4599.03,Unlock your purchasing power.,Don't let tight budgets hold you back. Flexible payment options available now! No credit impact! Treat yourself now. Instant decision.
ad_2833,Sezzle,25-34,4212,1538.13,Don't wait! Buy today and pay later.,Don't let tight budgets hold you back. Flexible payment options available now! No credit impact! Treat yourself now. Instant decision.
ad_2834,Klarna,25-34,1330,4368.43,Unlock your purchasing power.,"Manage your cash flow better. Buy the essentials today and pay in small, manageable installments. No credit impact! Treat yourself now. Instant decision."
ad_2835,PayPal Pay Later,25-34,17910,1972.55,Don't wait! Buy today and pay later.,Instant approval! Just select our payment option at checkout.
ad_2836,Afterpay,18-24,11191,2186.68,Unlock your purchasing power.,"Why wait until payday? Get the things you want now and split your payments. It's fast, easy, and risk-free. No credit impact! Treat yourself now. Instant decision."
ad_2837,Afterpay,35-44,1716,1289.48,"Buy Now, Pay Later with no hidden fees!","We help you buy what you want, when you want it. Download the app today. Smart budgeting for your family. No interest fees."
ad_2838,PayPal Pay Later,18-24,15848,1065.91,Zero interest when you pay in 4.,"Why wait until payday? Get the things you want now and split your payments. It's fast, easy, and risk-free."
ad_2839,PayPal Pay Later,18-24,27034,1753.29,Zero interest when you pay in 4.,"Manage your cash flow better. Buy the essentials today and pay in small, manageable installments. No credit impact! Treat yourself now. Instant decision."
ad_2840,Zip,35-44,12387,3856.67,"Buy Now, Pay Later with no hidden fees!","Why wait until payday? Get the things you want now and split your payments. It's fast, easy, and risk-free. Smart budgeting for your family. No interest fees."
ad_2841,Klarna,25-34,2369,2767.42,"Buy Now, Pay Later with no hidden fees!",Don't let tight budgets hold you back. Flexible payment options available now!
ad_2842,Klarna,35-44,1036,303.64,Zero interest when you pay in 4.,"Shop your favorite brands and pay over 6 weeks. No interest, no hard credit check."
ad_2843,Zip,45-54,4889,1029.97,Don't wait! Buy today and pay later.,Instant approval! Just select our payment option at checkout. Smart budgeting for your family. No interest fees.
ad_2844,PayPal Pay Later,18-24,1458,2848.75,"Buy Now, Pay Later with no hidden fees!","Why wait until payday? Get the things you want now and split your payments. It's fast, easy, and risk-free. No credit impact! Treat yourself now. Instant decision."
ad_2845,Sezzle,35-44,1301,3039.89,Don't wait! Buy today and pay later.,"Manage your cash flow better. Buy the essentials today and pay in small, manageable installments. Smart budgeting for your family. No interest fees."
ad_2846,PayPal Pay Later,25-34,19442,1004.12,"Buy Now, Pay Later with no hidden fees!",Don't let tight budgets hold you back. Flexible payment options available now! No credit impact! Treat yourself now. Instant decision.
ad_2847,Sezzle,18-24,3309,4627.01,"Get it now, pay over time.",Don't let tight budgets hold you back. Flexible payment options available now! No credit impact! Treat yourself now. Instant decision.
ad_2848,Zip,45-54,8374,2463.14,Split your purchase into 4 easy payments.,"We help you buy what you want, when you want it. Download the app today."
ad_2849,Klarna,25-34,804,3403.01,Split your purchase into 4 easy payments.,Instant approval! Just select our payment option at checkout. No credit impact! Treat yourself now. Instant decision.
ad_2850,Affirm,25-34,1885,2385.62,"Buy Now, Pay Later with no hidden fees!","Why wait until payday? Get the things you want now and split your payments. It's fast, easy, and risk-free. No credit impact! Treat yourself now. Instant decision."
ad_2851,Afterpay,65+,10021,1547.51,Split your purchase into 4 easy payments.,"Why wait until payday? Get the things you want now and split your payments. It's fast, easy, and risk-free."
ad_2852,Affirm,25-34,5559,759.38,"Buy Now, Pay Later with no hidden fees!",Instant approval! Just select our payment option at checkout. No credit impact! Treat yourself now. Instant decision.
ad_2853,Afterpay,25-34,15323,4358.13,Split your purchase into 4 easy payments.,Instant approval! Just select our payment option at checkout. No credit impact! Treat yourself now. Instant decision.
ad_2854,Sezzle,18-24,1443,207.44,Split your purchase into 4 easy payments.,"Shop your favorite brands and pay over 6 weeks. No interest, no hard credit check. No credit impact! Treat yourself now. Instant decision."
ad_2855,Klarna,18-24,5103,594.4,Unlock your purchasing power.,"We help you buy what you want, when you want it. Download the app today. No credit impact! Treat yourself now. Instant decision."
ad_2856,Zip,18-24,1091,4728.55,Don't wait! Buy today and pay later.,Instant approval! Just select our payment option at checkout.
ad_2857,Sezzle,25-34,4143,188.63,"Get it now, pay over time.",Don't let tight budgets hold you back. Flexible payment options available now! No credit impact! Treat yourself now. Instant decision.
ad_2858,Zip,18-24,3587,4343.88,Don't wait! Buy today and pay later.,Don't let tight budgets hold you back. Flexible payment options available now! No credit impact! Treat yourself now. Instant decision.
ad_2859,Zip,18-24,7952,2795.72,Don't wait! Buy today and pay later.,Don't let tight budgets hold you back. Flexible payment options available now! No credit impact! Treat yourself now. Instant decision.
ad_2860,Afterpay,25-34,920,3215.37,Zero interest when you pay in 4.,"Shop your favorite brands and pay over 6 weeks. No interest, no hard credit check. No credit impact! Treat yourself now. Instant decision."
ad_2861,PayPal Pay Later,25-34,1518,727.55,Split your purchase into 4 easy payments.,Instant approval! Just select our payment option at checkout. No credit impact! Treat yourself now. Instant decision.
ad_2862,Sezzle,25-34,2884,335.53,"Buy Now, Pay Later with no hidden fees!","Manage your cash flow better. Buy the essentials today and pay in small, manageable installments. No credit impact! Treat yourself now. Instant decision."
ad_2863,Affirm,35-44,1889,1167.37,Unlock your purchasing power.,"Shop your favorite brands and pay over 6 weeks. No interest, no hard credit check. Smart budgeting for your family. No interest fees."
ad_2864,Zip,25-34,469,393.96,"Buy Now, Pay Later with no hidden fees!","Manage your cash flow better. Buy the essentials today and pay in small, manageable installments. No credit impact! Treat yourself now. Instant decision."
ad_2865,Zip,18-24,21732,1122.59,Don't wait! Buy today and pay later.,Don't let tight budgets hold you back. Flexible payment options available now! No credit impact! Treat yourself now. Instant decision.
ad_2866,Sezzle,45-54,2151,922.84,"Get it now, pay over time.",Don't let tight budgets hold you back. Flexible payment options available now! Smart budgeting for your family. No interest fees.
ad_2867,Afterpay,25-34,1476,3067.13,"Buy Now, Pay Later with no hidden fees!",Instant approval! Just select our payment option at checkout.
ad_2868,Affirm,55-64,5811,3724.79,"Buy Now, Pay Later with no hidden fees!",Don't let tight budgets hold you back. Flexible payment options available now!
ad_2869,PayPal Pay Later,55-64,1184,1843.12,Unlock your purchasing power.,Don't let tight budgets hold you back. Flexible payment options available now!
ad_2870,Sezzle,25-34,4682,3960.41,Unlock your purchasing power.,Instant approval! Just select our payment option at checkout.
ad_2871,Klarna,45-54,2463,452.98,"Buy Now, Pay Later with no hidden fees!","We help you buy what you want, when you want it. Download the app today."
ad_2872,Zip,35-44,6550,4774.17,"Get it now, pay over time.","Manage your cash flow better. Buy the essentials today and pay in small, manageable installments."
ad_2873,Zip,25-34,4720,2179.63,"Buy Now, Pay Later with no hidden fees!","Why wait until payday? Get the things you want now and split your payments. It's fast, easy, and risk-free."
ad_2874,Sezzle,55-64,936,3682.61,"Get it now, pay over time.","We help you buy what you want, when you want it. Download the app today. Smart budgeting for your family. No interest fees."
ad_2875,Affirm,25-34,9288,3767.57,Split your purchase into 4 easy payments.,Instant approval! Just select our payment option at checkout. No credit impact! Treat yourself now. Instant decision.
ad_2876,Afterpay,25-34,1713,587.35,"Get it now, pay over time.","Shop your favorite brands and pay over 6 weeks. No interest, no hard credit check. No credit impact! Treat yourself now. Instant decision."
ad_2877,Afterpay,18-24,4811,2642.31,Don't wait! Buy today and pay later.,"Why wait until payday? Get the things you want now and split your payments. It's fast, easy, and risk-free."
ad_2878,Sezzle,18-24,500,1090.9,Unlock your purchasing power.,"Shop your favorite brands and pay over 6 weeks. No interest, no hard credit check. No credit impact! Treat yourself now. Instant decision."
ad_2879,Klarna,25-34,3536,4896.81,Zero interest when you pay in 4.,Instant approval! Just select our payment option at checkout. No credit impact! Treat yourself now. Instant decision.
ad_2880,PayPal Pay Later,18-24,4963,4463.32,Unlock your purchasing power.,Instant approval! Just select our payment option at checkout. No credit impact! Treat yourself now. Instant decision.
ad_2881,PayPal Pay Later,18-24,5315,97.45,"Get it now, pay over time.","Manage your cash flow better. Buy the essentials today and pay in small, manageable installments. No credit impact! Treat yourself now. Instant decision."
ad_2882,Sezzle,25-34,10984,3829.84,Split your purchase into 4 easy payments.,"Why wait until payday? Get the things you want now and split your payments. It's fast, easy, and risk-free. No credit impact! Treat yourself now. Instant decision."
ad_2883,Klarna,18-24,1927,4674.47,Don't wait! Buy today and pay later.,"Manage your cash flow better. Buy the essentials today and pay in small, manageable installments."
ad_2884,Klarna,18-24,38027,4310.48,Don't wait! Buy today and pay later.,"Shop your favorite brands and pay over 6 weeks. No interest, no hard credit check."
ad_2885,Affirm,35-44,16519,3213.21,"Buy Now, Pay Later with no hidden fees!","Why wait until payday? Get the things you want now and split your payments. It's fast, easy, and risk-free. Smart budgeting for your family. No interest fees."
ad_2886,Affirm,18-24,8344,4468.65,Split your purchase into 4 easy payments.,"Manage your cash flow better. Buy the essentials today and pay in small, manageable installments."
ad_2887,Sezzle,18-24,1860,4991.08,"Get it now, pay over time.","Manage your cash flow better. Buy the essentials today and pay in small, manageable installments. No credit impact! Treat yourself now. Instant decision."
ad_2888,Affirm,65+,2449,3934.65,"Buy Now, Pay Later with no hidden fees!",Don't let tight budgets hold you back. Flexible payment options available now!
ad_2889,Sezzle,35-44,7459,1341.11,"Buy Now, Pay Later with no hidden fees!","Manage your cash flow better. Buy the essentials today and pay in small, manageable installments."
ad_2890,Zip,18-24,728,3801.34,Unlock your purchasing power.,Don't let tight budgets hold you back. Flexible payment options available now!
ad_2891,Affirm,25-34,3226,1845.16,"Get it now, pay over time.","Why wait until payday? Get the things you want now and split your payments. It's fast, easy, and risk-free. No credit impact! Treat yourself now. Instant decision."
ad_2892,Affirm,25-34,7833,2890.43,"Get it now, pay over time.","Why wait until payday? Get the things you want now and split your payments. It's fast, easy, and risk-free. No credit impact! Treat yourself now. Instant decision."
ad_2893,Zip,18-24,4872,415.45,Split your purchase into 4 easy payments.,Instant approval! Just select our payment option at checkout. No credit impact! Treat yourself now. Instant decision.
ad_2894,PayPal Pay Later,18-24,10999,1907.12,Zero interest when you pay in 4.,"Why wait until payday? Get the things you want now and split your payments. It's fast, easy, and risk-free."
ad_2895,Zip,18-24,1460,1816.02,"Buy Now, Pay Later with no hidden fees!","Shop your favorite brands and pay over 6 weeks. No interest, no hard credit check."
ad_2896,Sezzle,55-64,15978,3723.36,"Buy Now, Pay Later with no hidden fees!","We help you buy what you want, when you want it. Download the app today. Smart budgeting for your family. No interest fees."
ad_2897,PayPal Pay Later,25-34,285,4872.78,"Buy Now, Pay Later with no hidden fees!","We help you buy what you want, when you want it. Download the app today."
ad_2898,PayPal Pay Later,18-24,6577,372.6,Unlock your purchasing power.,"We help you buy what you want, when you want it. Download the app today. No credit impact! Treat yourself now. Instant decision."
ad_2899,Afterpay,65+,1026,2420.22,"Buy Now, Pay Later with no hidden fees!","Why wait until payday? Get the things you want now and split your payments. It's fast, easy, and risk-free."
ad_2900,Klarna,45-54,3533,1775.23,"Get it now, pay over time.","Shop your favorite brands and pay over 6 weeks. No interest, no hard credit check."
ad_2901,Affirm,18-24,883,2735.64,Split your purchase into 4 easy payments.,Don't let tight budgets hold you back. Flexible payment options available now! No credit impact! Treat yourself now. Instant decision.
ad_2902,Afterpay,18-24,8150,196.49,Zero interest when you pay in 4.,"Manage your cash flow better. Buy the essentials today and pay in small, manageable installments."
ad_2903,Klarna,25-34,1225,3361.6,"Get it now, pay over time.","Why wait until payday? Get the things you want now and split your payments. It's fast, easy, and risk-free."
ad_2904,Zip,45-54,3999,3239.23,"Buy Now, Pay Later with no hidden fees!",Instant approval! Just select our payment option at checkout. Smart budgeting for your family. No interest fees.
ad_2905,Klarna,18-24,663,1711.75,"Buy Now, Pay Later with no hidden fees!","Why wait until payday? Get the things you want now and split your payments. It's fast, easy, and risk-free. No credit impact! Treat yourself now. Instant decision."
ad_2906,Sezzle,25-34,3787,4181.95,Split your purchase into 4 easy payments.,"Why wait until payday? Get the things you want now and split your payments. It's fast, easy, and risk-free."
ad_2907,Sezzle,18-24,19837,3544.24,Zero interest when you pay in 4.,"Manage your cash flow better. Buy the essentials today and pay in small, manageable installments. No credit impact! Treat yourself now. Instant decision."
ad_2908,Zip,18-24,6570,2005.45,"Get it now, pay over time.","Manage your cash flow better. Buy the essentials today and pay in small, manageable installments."
ad_2909,Afterpay,25-34,5016,110.08,Zero interest when you pay in 4.,Don't let tight budgets hold you back. Flexible payment options available now! No credit impact! Treat yourself now. Instant decision.
ad_2910,Sezzle,18-24,680,3145.15,"Buy Now, Pay Later with no hidden fees!",Don't let tight budgets hold you back. Flexible payment options available now!
ad_2911,Zip,25-34,3516,3385.02,Zero interest when you pay in 4.,"Why wait until payday? Get the things you want now and split your payments. It's fast, easy, and risk-free."
ad_2912,Afterpay,18-24,2566,69.93,"Buy Now, Pay Later with no hidden fees!","We help you buy what you want, when you want it. Download the app today. No credit impact! Treat yourself now. Instant decision."
ad_2913,Afterpay,25-34,9066,3412.83,Unlock your purchasing power.,"Why wait until payday? Get the things you want now and split your payments. It's fast, easy, and risk-free. No credit impact! Treat yourself now. Instant decision."
ad_2914,Klarna,35-44,6633,1042.52,"Buy Now, Pay Later with no hidden fees!","Why wait until payday? Get the things you want now and split your payments. It's fast, easy, and risk-free. Smart budgeting for your family. No interest fees."
ad_2915,Zip,45-54,5085,3580.16,"Buy Now, Pay Later with no hidden fees!","Manage your cash flow better. Buy the essentials today and pay in small, manageable installments."
ad_2916,PayPal Pay Later,25-34,1395,2359.63,Unlock your purchasing power.,"We help you buy what you want, when you want it. Download the app today."
ad_2917,Klarna,25-34,1311,1630.63,"Get it now, pay over time.","Shop your favorite brands and pay over 6 weeks. No interest, no hard credit check. No credit impact! Treat yourself now. Instant decision."
ad_2918,Zip,25-34,9633,2670.94,Zero interest when you pay in 4.,"Manage your cash flow better. Buy the essentials today and pay in small, manageable installments. No credit impact! Treat yourself now. Instant decision."
ad_2919,Afterpay,18-24,1765,4231.71,"Get it now, pay over time.",Instant approval! Just select our payment option at checkout. No credit impact! Treat yourself now. Instant decision.
ad_2920,Klarna,25-34,2267,2683.8,Zero interest when you pay in 4.,"Why wait until payday? Get the things you want now and split your payments. It's fast, easy, and risk-free. No credit impact! Treat yourself now. Instant decision."
ad_2921,Affirm,45-54,4030,1571.49,Split your purchase into 4 easy payments.,"Manage your cash flow better. Buy the essentials today and pay in small, manageable installments. Smart budgeting for your family. No interest fees."
ad_2922,Zip,25-34,2084,3966.24,"Buy Now, Pay Later with no hidden fees!","Shop your favorite brands and pay over 6 weeks. No interest, no hard credit check. No credit impact! Treat yourself now. Instant decision."
ad_2923,PayPal Pay Later,25-34,1235,4678.47,"Get it now, pay over time.","Manage your cash flow better. Buy the essentials today and pay in small, manageable installments. No credit impact! Treat yourself now. Instant decision."
ad_2924,Zip,18-24,5673,2329.94,"Buy Now, Pay Later with no hidden fees!","Manage your cash flow better. Buy the essentials today and pay in small, manageable installments. No credit impact! Treat yourself now. Instant decision."
ad_2925,PayPal Pay Later,25-34,3851,3637.31,"Buy Now, Pay Later with no hidden fees!","Why wait until payday? Get the things you want now and split your payments. It's fast, easy, and risk-free."
ad_2926,Afterpay,18-24,2763,2595.64,Don't wait! Buy today and pay later.,"We help you buy what you want, when you want it. Download the app today. No credit impact! Treat yourself now. Instant decision."
ad_2927,Klarna,18-24,3230,4798.68,Split your purchase into 4 easy payments.,"Shop your favorite brands and pay over 6 weeks. No interest, no hard credit check. No credit impact! Treat yourself now. Instant decision."
ad_2928,Zip,18-24,651,4943.85,Zero interest when you pay in 4.,"Why wait until payday? Get the things you want now and split your payments. It's fast, easy, and risk-free."
ad_2929,PayPal Pay Later,45-54,4377,1194.76,"Buy Now, Pay Later with no hidden fees!","Shop your favorite brands and pay over 6 weeks. No interest, no hard credit check."
ad_2930,Sezzle,25-34,4488,1875.98,"Buy Now, Pay Later with no hidden fees!","We help you buy what you want, when you want it. Download the app today."
ad_2931,Affirm,45-54,1947,3167.92,"Buy Now, Pay Later with no hidden fees!","We help you buy what you want, when you want it. Download the app today. Smart budgeting for your family. No interest fees."
ad_2932,Zip,25-34,3710,2656.45,"Buy Now, Pay Later with no hidden fees!","Shop your favorite brands and pay over 6 weeks. No interest, no hard credit check. No credit impact! Treat yourself now. Instant decision."
ad_2933,Afterpay,25-34,1623,2755.18,Split your purchase into 4 easy payments.,"We help you buy what you want, when you want it. Download the app today. No credit impact! Treat yourself now. Instant decision."
ad_2934,Klarna,25-34,2412,517.61,Zero interest when you pay in 4.,"Shop your favorite brands and pay over 6 weeks. No interest, no hard credit check."
ad_2935,Affirm,18-24,1376,1685.71,"Get it now, pay over time.","Manage your cash flow better. Buy the essentials today and pay in small, manageable installments."
ad_2936,Afterpay,25-34,3749,2066.81,Unlock your purchasing power.,"We help you buy what you want, when you want it. Download the app today."
ad_2937,Sezzle,18-24,776,4288.41,"Buy Now, Pay Later with no hidden fees!","Why wait until payday? Get the things you want now and split your payments. It's fast, easy, and risk-free."
ad_2938,PayPal Pay Later,18-24,3566,4229.45,"Get it now, pay over time.",Instant approval! Just select our payment option at checkout.
ad_2939,Klarna,25-34,4834,3944.62,Zero interest when you pay in 4.,"Why wait until payday? Get the things you want now and split your payments. It's fast, easy, and risk-free. No credit impact! Treat yourself now. Instant decision."
ad_2940,Klarna,25-34,478,4082.54,Unlock your purchasing power.,"Shop your favorite brands and pay over 6 weeks. No interest, no hard credit check."
ad_2941,Afterpay,18-24,3799,4949.13,Split your purchase into 4 easy payments.,"We help you buy what you want, when you want it. Download the app today. No credit impact! Treat yourself now. Instant decision."
ad_2942,Affirm,45-54,1546,1991.63,Split your purchase into 4 easy payments.,Instant approval! Just select our payment option at checkout. Smart budgeting for your family. No interest fees.
ad_2943,PayPal Pay Later,45-54,6015,4654.62,"Buy Now, Pay Later with no hidden fees!",Instant approval! Just select our payment option at checkout. Smart budgeting for your family. No interest fees.
ad_2944,Sezzle,18-24,1856,2755.92,Zero interest when you pay in 4.,Don't let tight budgets hold you back. Flexible payment options available now! No credit impact! Treat yourself now. Instant decision.
ad_2945,Affirm,25-34,2004,1534.96,Zero interest when you pay in 4.,Instant approval! Just select our payment option at checkout. No credit impact! Treat yourself now. Instant decision.
ad_2946,Zip,25-34,5088,3541.97,"Get it now, pay over time.","Shop your favorite brands and pay over 6 weeks. No interest, no hard credit check."
ad_2947,PayPal Pay Later,18-24,2553,3845.03,"Buy Now, Pay Later with no hidden fees!","Shop your favorite brands and pay over 6 weeks. No interest, no hard credit check."
ad_2948,Klarna,35-44,464,3709.36,Don't wait! Buy today and pay later.,"We help you buy what you want, when you want it. Download the app today."
ad_2949,Sezzle,18-24,2278,2499.15,Zero interest when you pay in 4.,"Why wait until payday? Get the things you want now and split your payments. It's fast, easy, and risk-free. No credit impact! Treat yourself now. Instant decision."
ad_2950,PayPal Pay Later,25-34,2568,4774.06,Zero interest when you pay in 4.,"We help you buy what you want, when you want it. Download the app today. No credit impact! Treat yourself now. Instant decision."
ad_2951,PayPal Pay Later,45-54,2493,2874.24,Unlock your purchasing power.,"Manage your cash flow better. Buy the essentials today and pay in small, manageable installments."
ad_2952,Afterpay,25-34,1566,2522.75,"Get it now, pay over time.","Shop your favorite brands and pay over 6 weeks. No interest, no hard credit check. No credit impact! Treat yourself now. Instant decision."
ad_2953,Klarna,18-24,2906,1071.61,"Buy Now, Pay Later with no hidden fees!","We help you buy what you want, when you want it. Download the app today."
ad_2954,PayPal Pay Later,65+,134,424.91,"Get it now, pay over time.",Instant approval! Just select our payment option at checkout.
ad_2955,Afterpay,18-24,3895,1932.88,Unlock your purchasing power.,"Why wait until payday? Get the things you want now and split your payments. It's fast, easy, and risk-free. No credit impact! Treat yourself now. Instant decision."
ad_2956,Affirm,25-34,2025,2869.82,Split your purchase into 4 easy payments.,"Shop your favorite brands and pay over 6 weeks. No interest, no hard credit check. No credit impact! Treat yourself now. Instant decision."
ad_2957,Affirm,18-24,1468,4834.74,"Get it now, pay over time.","We help you buy what you want, when you want it. Download the app today. No credit impact! Treat yourself now. Instant decision."
ad_2958,Affirm,18-24,5895,3420.84,Don't wait! Buy today and pay later.,"We help you buy what you want, when you want it. Download the app today. No credit impact! Treat yourself now. Instant decision."
ad_2959,Klarna,18-24,8448,1796.2,Zero interest when you pay in 4.,"Shop your favorite brands and pay over 6 weeks. No interest, no hard credit check. No credit impact! Treat yourself now. Instant decision."
ad_2960,Klarna,25-34,450,2170.29,"Buy Now, Pay Later with no hidden fees!","Shop your favorite brands and pay over 6 weeks. No interest, no hard credit check. No credit impact! Treat yourself now. Instant decision."
ad_2961,Zip,35-44,318,4037.24,Unlock your purchasing power.,"Manage your cash flow better. Buy the essentials today and pay in small, manageable installments."
ad_2962,Sezzle,25-34,1172,3142.79,Zero interest when you pay in 4.,"We help you buy what you want, when you want it. Download the app today."
ad_2963,Zip,45-54,10385,607.92,Split your purchase into 4 easy payments.,"We help you buy what you want, when you want it. Download the app today."
ad_2964,Sezzle,25-34,3157,525.58,"Get it now, pay over time.","Why wait until payday? Get the things you want now and split your payments. It's fast, easy, and risk-free. No credit impact! Treat yourself now. Instant decision."
ad_2965,Zip,25-34,1966,4491.83,"Get it now, pay over time.","We help you buy what you want, when you want it. Download the app today."
ad_2966,Klarna,55-64,4862,1016.21,Don't wait! Buy today and pay later.,"Why wait until payday? Get the things you want now and split your payments. It's fast, easy, and risk-free."
ad_2967,Afterpay,18-24,4778,3855.35,Split your purchase into 4 easy payments.,"Shop your favorite brands and pay over 6 weeks. No interest, no hard credit check. No credit impact! Treat yourself now. Instant decision."
ad_2968,PayPal Pay Later,18-24,3669,1261.82,Zero interest when you pay in 4.,"We help you buy what you want, when you want it. Download the app today. No credit impact! Treat yourself now. Instant decision."
ad_2969,Klarna,18-24,2849,2474.98,"Get it now, pay over time.","Why wait until payday? Get the things you want now and split your payments. It's fast, easy, and risk-free."
ad_2970,Zip,35-44,1814,3113.67,Split your purchase into 4 easy payments.,"Shop your favorite brands and pay over 6 weeks. No interest, no hard credit check."
ad_2971,Afterpay,18-24,3124,2044.19,Zero interest when you pay in 4.,"Why wait until payday? Get the things you want now and split your payments. It's fast, easy, and risk-free. No credit impact! Treat yourself now. Instant decision."
ad_2972,Klarna,45-54,1663,2953.88,"Get it now, pay over time.","Shop your favorite brands and pay over 6 weeks. No interest, no hard credit check."
ad_2973,Sezzle,18-24,7606,1046.2,Split your purchase into 4 easy payments.,"Manage your cash flow better. Buy the essentials today and pay in small, manageable installments."
ad_2974,PayPal Pay Later,65+,31383,843.85,"Buy Now, Pay Later with no hidden fees!","Manage your cash flow better. Buy the essentials today and pay in small, manageable installments. Smart budgeting for your family. No interest fees."
ad_2975,PayPal Pay Later,18-24,1254,3427.03,Don't wait! Buy today and pay later.,Don't let tight budgets hold you back. Flexible payment options available now!
ad_2976,Affirm,18-24,9685,3552.32,"Buy Now, Pay Later with no hidden fees!","We help you buy what you want, when you want it. Download the app today. No credit impact! Treat yourself now. Instant decision."
ad_2977,Afterpay,25-34,3191,410.52,"Get it now, pay over time.",Don't let tight budgets hold you back. Flexible payment options available now!
ad_2978,Affirm,25-34,1725,2965.85,Split your purchase into 4 easy payments.,"We help you buy what you want, when you want it. Download the app today. No credit impact! Treat yourself now. Instant decision."
ad_2979,Zip,55-64,2703,541.94,Zero interest when you pay in 4.,Instant approval! Just select our payment option at checkout.
ad_2980,Zip,18-24,1491,3704.17,"Get it now, pay over time.",Don't let tight budgets hold you back. Flexible payment options available now! No credit impact! Treat yourself now. Instant decision.
ad_2981,PayPal Pay Later,18-24,10831,4409.73,Zero interest when you pay in 4.,"Manage your cash flow better. Buy the essentials today and pay in small, manageable installments."
ad_2982,Klarna,18-24,4651,289.68,Don't wait! Buy today and pay later.,"Shop your favorite brands and pay over 6 weeks. No interest, no hard credit check. No credit impact! Treat yourself now. Instant decision."
ad_2983,Affirm,35-44,13693,4617.34,Split your purchase into 4 easy payments.,"Shop your favorite brands and pay over 6 weeks. No interest, no hard credit check."
ad_2984,Klarna,25-34,1770,3765.91,"Get it now, pay over time.","We help you buy what you want, when you want it. Download the app today. No credit impact! Treat yourself now. Instant decision."
ad_2985,PayPal Pay Later,18-24,3229,2723.01,Zero interest when you pay in 4.,"We help you buy what you want, when you want it. Download the app today. No credit impact! Treat yourself now. Instant decision."
ad_2986,Afterpay,25-34,2833,4137.97,"Buy Now, Pay Later with no hidden fees!","Manage your cash flow better. Buy the essentials today and pay in small, manageable installments. No credit impact! Treat yourself now. Instant decision."
ad_2987,Afterpay,45-54,1730,4192.67,"Buy Now, Pay Later with no hidden fees!",Instant approval! Just select our payment option at checkout. Smart budgeting for your family. No interest fees.
ad_2988,Zip,25-34,4173,1776.15,"Get it now, pay over time.","Why wait until payday? Get the things you want now and split your payments. It's fast, easy, and risk-free. No credit impact! Treat yourself now. Instant decision."
ad_2989,Zip,18-24,5835,946.35,Split your purchase into 4 easy payments.,Instant approval! Just select our payment option at checkout. No credit impact! Treat yourself now. Instant decision.
ad_2990,PayPal Pay Later,25-34,1293,3868.63,"Get it now, pay over time.","Why wait until payday? Get the things you want now and split your payments. It's fast, easy, and risk-free. No credit impact! Treat yourself now. Instant decision."
ad_2991,Klarna,45-54,2717,4899.47,"Buy Now, Pay Later with no hidden fees!","Manage your cash flow better. Buy the essentials today and pay in small, manageable installments. Smart budgeting for your family. No interest fees."
ad_2992,Affirm,18-24,5783,2585.8,"Get it now, pay over time.","Shop your favorite brands and pay over 6 weeks. No interest, no hard credit check."
ad_2993,Klarna,18-24,3272,3621.49,"Buy Now, Pay Later with no hidden fees!","Manage your cash flow better. Buy the essentials today and pay in small, manageable installments."
ad_2994,Affirm,18-24,3399,1461.52,"Get it now, pay over time.","Manage your cash flow better. Buy the essentials today and pay in small, manageable installments."
ad_2995,Klarna,18-24,8332,1091.79,Split your purchase into 4 easy payments.,"Shop your favorite brands and pay over 6 weeks. No interest, no hard credit check. No credit impact! Treat yourself now. Instant decision."
ad_2996,PayPal Pay Later,18-24,2931,1418.23,Zero interest when you pay in 4.,Don't let tight budgets hold you back. Flexible payment options available now! No credit impact! Treat yourself now. Instant decision.
ad_2997,PayPal Pay Later,25-34,1034,185.48,Don't wait! Buy today and pay later.,Instant approval! Just select our payment option at checkout. No credit impact! Treat yourself now. Instant decision.
ad_2998,Klarna,18-24,14518,1754.64,Don't wait! Buy today and pay later.,Instant approval! Just select our payment option at checkout. No credit impact! Treat yourself now. Instant decision.
ad_2999,Klarna,25-34,5242,3569.56,Zero interest when you pay in 4.,"Why wait until payday? Get the things you want now and split your payments. It's fast, easy, and risk-free. No credit impact! Treat yourself now. Instant decision."
ad_3000,Afterpay,18-24,1719,3268.27,Don't wait! Buy today and pay later.,Don't let tight budgets hold you back. Flexible payment options available now!
ad_3001,Sezzle,35-44,902,4073.48,Don't wait! Buy today and pay later.,"We help you buy what you want, when you want it. Download the app today."
ad_3002,PayPal Pay Later,18-24,1187,2289.25,Unlock your purchasing power.,"Manage your cash flow better. Buy the essentials today and pay in small, manageable installments. No credit impact! Treat yourself now. Instant decision."
ad_3003,Afterpay,18-24,8578,2442.03,Split your purchase into 4 easy payments.,"Manage your cash flow better. Buy the essentials today and pay in small, manageable installments. No credit impact! Treat yourself now. Instant decision."
ad_3004,Zip,18-24,30063,1728.87,"Buy Now, Pay Later with no hidden fees!","Manage your cash flow better. Buy the essentials today and pay in small, manageable installments. No credit impact! Treat yourself now. Instant decision."
ad_3005,Afterpay,25-34,1300,3878.92,"Buy Now, Pay Later with no hidden fees!",Instant approval! Just select our payment option at checkout.
ad_3006,Affirm,25-34,219,1298.84,Don't wait! Buy today and pay later.,"Shop your favorite brands and pay over 6 weeks. No interest, no hard credit check. No credit impact! Treat yourself now. Instant decision."
ad_3007,Afterpay,18-24,2507,1534.72,Unlock your purchasing power.,Instant approval! Just select our payment option at checkout. No credit impact! Treat yourself now. Instant decision.
ad_3008,PayPal Pay Later,25-34,648,2840.4,Zero interest when you pay in 4.,Instant approval! Just select our payment option at checkout.
ad_3009,Zip,25-34,5177,269.33,Zero interest when you pay in 4.,"Manage your cash flow better. Buy the essentials today and pay in small, manageable installments. No credit impact! Treat yourself now. Instant decision."
ad_3010,PayPal Pay Later,45-54,866,4159.91,Don't wait! Buy today and pay later.,"Shop your favorite brands and pay over 6 weeks. No interest, no hard credit check. Smart budgeting for your family. No interest fees."
ad_3011,Zip,18-24,2558,412.92,Unlock your purchasing power.,Instant approval! Just select our payment option at checkout. No credit impact! Treat yourself now. Instant decision.
ad_3012,Klarna,35-44,675,1463.28,Zero interest when you pay in 4.,"Why wait until payday? Get the things you want now and split your payments. It's fast, easy, and risk-free."
ad_3013,Sezzle,25-34,1301,1778.86,Zero interest when you pay in 4.,"Why wait until payday? Get the things you want now and split your payments. It's fast, easy, and risk-free. No credit impact! Treat yourself now. Instant decision."
ad_3014,Sezzle,18-24,22820,2456.72,Unlock your purchasing power.,"We help you buy what you want, when you want it. Download the app today."
ad_3015,Sezzle,18-24,11652,3417.31,Zero interest when you pay in 4.,Instant approval! Just select our payment option at checkout. No credit impact! Treat yourself now. Instant decision.
ad_3016,Klarna,18-24,2916,3147.7,Don't wait! Buy today and pay later.,"Shop your favorite brands and pay over 6 weeks. No interest, no hard credit check. No credit impact! Treat yourself now. Instant decision."
ad_3017,Sezzle,18-24,3233,4673.07,"Get it now, pay over time.","Why wait until payday? Get the things you want now and split your payments. It's fast, easy, and risk-free. No credit impact! Treat yourself now. Instant decision."
ad_3018,Zip,18-24,2371,4189.73,Split your purchase into 4 easy payments.,Don't let tight budgets hold you back. Flexible payment options available now! No credit impact! Treat yourself now. Instant decision.
ad_3019,Sezzle,25-34,3525,574.24,Don't wait! Buy today and pay later.,"Why wait until payday? Get the things you want now and split your payments. It's fast, easy, and risk-free. No credit impact! Treat yourself now. Instant decision."
ad_3020,PayPal Pay Later,45-54,2294,4402.64,"Buy Now, Pay Later with no hidden fees!","Shop your favorite brands and pay over 6 weeks. No interest, no hard credit check."
ad_3021,Afterpay,18-24,2861,1872.26,Split your purchase into 4 easy payments.,Instant approval! Just select our payment option at checkout. No credit impact! Treat yourself now. Instant decision.
ad_3022,Zip,45-54,2777,205.43,"Buy Now, Pay Later with no hidden fees!","We help you buy what you want, when you want it. Download the app today."
ad_3023,Zip,25-34,2083,3536.24,Don't wait! Buy today and pay later.,"Manage your cash flow better. Buy the essentials today and pay in small, manageable installments. No credit impact! Treat yourself now. Instant decision."
ad_3024,Sezzle,25-34,1940,2753.93,"Get it now, pay over time.",Don't let tight budgets hold you back. Flexible payment options available now! No credit impact! Treat yourself now. Instant decision.
ad_3025,PayPal Pay Later,55-64,1574,4609.12,Unlock your purchasing power.,"We help you buy what you want, when you want it. Download the app today. Smart budgeting for your family. No interest fees."
ad_3026,Zip,18-24,1245,4061.0,Zero interest when you pay in 4.,"Shop your favorite brands and pay over 6 weeks. No interest, no hard credit check. No credit impact! Treat yourself now. Instant decision."
ad_3027,Zip,25-34,1897,344.74,"Get it now, pay over time.","We help you buy what you want, when you want it. Download the app today. No credit impact! Treat yourself now. Instant decision."
ad_3028,Affirm,25-34,7059,1839.37,"Buy Now, Pay Later with no hidden fees!",Instant approval! Just select our payment option at checkout.
ad_3029,Affirm,18-24,891,3608.45,"Get it now, pay over time.",Instant approval! Just select our payment option at checkout.
ad_3030,Affirm,55-64,20046,4285.34,Zero interest when you pay in 4.,"We help you buy what you want, when you want it. Download the app today. Smart budgeting for your family. No interest fees."
ad_3031,Zip,18-24,3325,3094.48,"Buy Now, Pay Later with no hidden fees!",Don't let tight budgets hold you back. Flexible payment options available now! No credit impact! Treat yourself now. Instant decision.
ad_3032,Klarna,45-54,3988,2651.17,Zero interest when you pay in 4.,Don't let tight budgets hold you back. Flexible payment options available now! Smart budgeting for your family. No interest fees.
ad_3033,Sezzle,25-34,6602,2683.31,Split your purchase into 4 easy payments.,"Why wait until payday? Get the things you want now and split your payments. It's fast, easy, and risk-free. No credit impact! Treat yourself now. Instant decision."
ad_3034,Sezzle,55-64,5899,87.58,Split your purchase into 4 easy payments.,"Why wait until payday? Get the things you want now and split your payments. It's fast, easy, and risk-free."
ad_3035,Afterpay,45-54,3333,3768.66,Don't wait! Buy today and pay later.,"Why wait until payday? Get the things you want now and split your payments. It's fast, easy, and risk-free."
ad_3036,Afterpay,18-24,1838,4873.94,Unlock your purchasing power.,"Shop your favorite brands and pay over 6 weeks. No interest, no hard credit check. No credit impact! Treat yourself now. Instant decision."
ad_3037,Afterpay,25-34,2897,1930.78,"Buy Now, Pay Later with no hidden fees!","Manage your cash flow better. Buy the essentials today and pay in small, manageable installments. No credit impact! Treat yourself now. Instant decision."
ad_3038,PayPal Pay Later,25-34,2056,2090.97,"Buy Now, Pay Later with no hidden fees!","We help you buy what you want, when you want it. Download the app today. No credit impact! Treat yourself now. Instant decision."
ad_3039,Klarna,35-44,487,4967.17,Zero interest when you pay in 4.,"Shop your favorite brands and pay over 6 weeks. No interest, no hard credit check. Smart budgeting for your family. No interest fees."
ad_3040,Affirm,25-34,10391,859.17,Unlock your purchasing power.,Don't let tight budgets hold you back. Flexible payment options available now! No credit impact! Treat yourself now. Instant decision.
ad_3041,Affirm,18-24,11019,4333.81,Don't wait! Buy today and pay later.,Instant approval! Just select our payment option at checkout. No credit impact! Treat yourself now. Instant decision.
ad_3042,Klarna,35-44,2753,1582.79,"Get it now, pay over time.","Manage your cash flow better. Buy the essentials today and pay in small, manageable installments. Smart budgeting for your family. No interest fees."
ad_3043,Klarna,25-34,4158,830.42,Unlock your purchasing power.,"Why wait until payday? Get the things you want now and split your payments. It's fast, easy, and risk-free. No credit impact! Treat yourself now. Instant decision."
ad_3044,Afterpay,25-34,7081,4979.53,"Get it now, pay over time.",Don't let tight budgets hold you back. Flexible payment options available now! No credit impact! Treat yourself now. Instant decision.
ad_3045,Klarna,25-34,1182,3799.76,"Buy Now, Pay Later with no hidden fees!","Why wait until payday? Get the things you want now and split your payments. It's fast, easy, and risk-free. No credit impact! Treat yourself now. Instant decision."
ad_3046,Afterpay,18-24,8940,1911.63,"Get it now, pay over time.","Shop your favorite brands and pay over 6 weeks. No interest, no hard credit check. No credit impact! Treat yourself now. Instant decision."
ad_3047,Affirm,25-34,1850,2818.78,"Get it now, pay over time.","Manage your cash flow better. Buy the essentials today and pay in small, manageable installments."
ad_3048,Affirm,18-24,4925,4825.19,"Get it now, pay over time.","Manage your cash flow better. Buy the essentials today and pay in small, manageable installments. No credit impact! Treat yourself now. Instant decision."
ad_3049,Zip,18-24,588,2785.71,Zero interest when you pay in 4.,"Why wait until payday? Get the things you want now and split your payments. It's fast, easy, and risk-free. No credit impact! Treat yourself now. Instant decision."
ad_3050,Afterpay,45-54,1223,762.9,Unlock your purchasing power.,"Why wait until payday? Get the things you want now and split your payments. It's fast, easy, and risk-free. Smart budgeting for your family. No interest fees."
ad_3051,Sezzle,35-44,2151,4192.85,Unlock your purchasing power.,"Shop your favorite brands and pay over 6 weeks. No interest, no hard credit check."
ad_3052,Sezzle,25-34,5031,4098.0,Zero interest when you pay in 4.,Don't let tight budgets hold you back. Flexible payment options available now! No credit impact! Treat yourself now. Instant decision.
ad_3053,Afterpay,18-24,3396,3523.59,"Buy Now, Pay Later with no hidden fees!","We help you buy what you want, when you want it. Download the app today. No credit impact! Treat yourself now. Instant decision."
ad_3054,Afterpay,18-24,9626,3245.07,Zero interest when you pay in 4.,"Why wait until payday? Get the things you want now and split your payments. It's fast, easy, and risk-free. No credit impact! Treat yourself now. Instant decision."
ad_3055,Klarna,35-44,2715,1675.15,Zero interest when you pay in 4.,"Shop your favorite brands and pay over 6 weeks. No interest, no hard credit check."
ad_3056,Afterpay,25-34,5104,352.51,Don't wait! Buy today and pay later.,"Why wait until payday? Get the things you want now and split your payments. It's fast, easy, and risk-free. No credit impact! Treat yourself now. Instant decision."
ad_3057,Zip,45-54,17770,4688.42,Unlock your purchasing power.,"Why wait until payday? Get the things you want now and split your payments. It's fast, easy, and risk-free. Smart budgeting for your family. No interest fees."
ad_3058,Klarna,18-24,4967,1219.05,Don't wait! Buy today and pay later.,Instant approval! Just select our payment option at checkout. No credit impact! Treat yourself now. Instant decision.
ad_3059,Zip,25-34,7622,3603.71,"Get it now, pay over time.","Shop your favorite brands and pay over 6 weeks. No interest, no hard credit check. No credit impact! Treat yourself now. Instant decision."
ad_3060,Affirm,25-34,1116,3444.79,"Get it now, pay over time.","Why wait until payday? Get the things you want now and split your payments. It's fast, easy, and risk-free. No credit impact! Treat yourself now. Instant decision."
ad_3061,PayPal Pay Later,55-64,2637,2086.58,Unlock your purchasing power.,"Manage your cash flow better. Buy the essentials today and pay in small, manageable installments. Smart budgeting for your family. No interest fees."
ad_3062,Affirm,18-24,4991,825.08,Zero interest when you pay in 4.,"Shop your favorite brands and pay over 6 weeks. No interest, no hard credit check. No credit impact! Treat yourself now. Instant decision."
ad_3063,Sezzle,18-24,3100,2943.3,Split your purchase into 4 easy payments.,"Manage your cash flow better. Buy the essentials today and pay in small, manageable installments."
ad_3064,Afterpay,18-24,12746,2792.16,Don't wait! Buy today and pay later.,Instant approval! Just select our payment option at checkout. No credit impact! Treat yourself now. Instant decision.
ad_3065,Zip,18-24,2096,2135.09,"Buy Now, Pay Later with no hidden fees!","Manage your cash flow better. Buy the essentials today and pay in small, manageable installments. No credit impact! Treat yourself now. Instant decision."
ad_3066,Affirm,18-24,11209,2716.57,Unlock your purchasing power.,"We help you buy what you want, when you want it. Download the app today. No credit impact! Treat yourself now. Instant decision."
ad_3067,Klarna,18-24,2083,4127.46,Don't wait! Buy today and pay later.,Don't let tight budgets hold you back. Flexible payment options available now! No credit impact! Treat yourself now. Instant decision.
ad_3068,Zip,65+,1452,2336.89,"Get it now, pay over time.",Instant approval! Just select our payment option at checkout.
ad_3069,PayPal Pay Later,18-24,1694,747.13,Unlock your purchasing power.,"We help you buy what you want, when you want it. Download the app today. No credit impact! Treat yourself now. Instant decision."
ad_3070,Afterpay,18-24,9045,1771.75,Unlock your purchasing power.,"Why wait until payday? Get the things you want now and split your payments. It's fast, easy, and risk-free. No credit impact! Treat yourself now. Instant decision."
ad_3071,PayPal Pay Later,55-64,2013,3158.29,Don't wait! Buy today and pay later.,"Shop your favorite brands and pay over 6 weeks. No interest, no hard credit check."
ad_3072,Afterpay,35-44,925,1775.79,Split your purchase into 4 easy payments.,"We help you buy what you want, when you want it. Download the app today."
ad_3073,Affirm,18-24,3402,4878.22,"Buy Now, Pay Later with no hidden fees!","Shop your favorite brands and pay over 6 weeks. No interest, no hard credit check. No credit impact! Treat yourself now. Instant decision."
ad_3074,Sezzle,18-24,1767,2986.3,Don't wait! Buy today and pay later.,"Why wait until payday? Get the things you want now and split your payments. It's fast, easy, and risk-free. No credit impact! Treat yourself now. Instant decision."
ad_3075,PayPal Pay Later,25-34,739,2168.84,Don't wait! Buy today and pay later.,"Shop your favorite brands and pay over 6 weeks. No interest, no hard credit check."
ad_3076,Zip,18-24,5634,3507.97,Zero interest when you pay in 4.,"Why wait until payday? Get the things you want now and split your payments. It's fast, easy, and risk-free. No credit impact! Treat yourself now. Instant decision."
ad_3077,Klarna,18-24,3001,2191.61,Unlock your purchasing power.,"Why wait until payday? Get the things you want now and split your payments. It's fast, easy, and risk-free."
ad_3078,PayPal Pay Later,18-24,2132,238.75,"Buy Now, Pay Later with no hidden fees!",Don't let tight budgets hold you back. Flexible payment options available now! No credit impact! Treat yourself now. Instant decision.
ad_3079,Zip,25-34,4066,2797.67,Zero interest when you pay in 4.,"Shop your favorite brands and pay over 6 weeks. No interest, no hard credit check. No credit impact! Treat yourself now. Instant decision."
ad_3080,Zip,25-34,3003,3041.59,Unlock your purchasing power.,"Why wait until payday? Get the things you want now and split your payments. It's fast, easy, and risk-free."
ad_3081,Sezzle,35-44,16992,4910.55,Zero interest when you pay in 4.,Instant approval! Just select our payment option at checkout.
ad_3082,Klarna,45-54,7253,1979.98,Unlock your purchasing power.,"Shop your favorite brands and pay over 6 weeks. No interest, no hard credit check."
ad_3083,Klarna,18-24,570,305.63,Zero interest when you pay in 4.,"Why wait until payday? Get the things you want now and split your payments. It's fast, easy, and risk-free."
ad_3084,Sezzle,18-24,12450,4621.21,"Buy Now, Pay Later with no hidden fees!","Shop your favorite brands and pay over 6 weeks. No interest, no hard credit check."
ad_3085,PayPal Pay Later,18-24,2201,2844.69,Split your purchase into 4 easy payments.,"We help you buy what you want, when you want it. Download the app today. No credit impact! Treat yourself now. Instant decision."
ad_3086,Affirm,35-44,6865,4664.53,Zero interest when you pay in 4.,Don't let tight budgets hold you back. Flexible payment options available now!
ad_3087,Affirm,18-24,437,2640.69,Split your purchase into 4 easy payments.,Don't let tight budgets hold you back. Flexible payment options available now! No credit impact! Treat yourself now. Instant decision.
ad_3088,Sezzle,25-34,3889,3494.55,Zero interest when you pay in 4.,"Shop your favorite brands and pay over 6 weeks. No interest, no hard credit check."
ad_3089,Sezzle,35-44,4933,4897.2,Split your purchase into 4 easy payments.,Instant approval! Just select our payment option at checkout. Smart budgeting for your family. No interest fees.
ad_3090,Afterpay,18-24,1080,4074.6,Don't wait! Buy today and pay later.,Instant approval! Just select our payment option at checkout.
ad_3091,Sezzle,45-54,1637,531.54,"Buy Now, Pay Later with no hidden fees!","Manage your cash flow better. Buy the essentials today and pay in small, manageable installments."
ad_3092,Afterpay,25-34,9278,1970.26,"Buy Now, Pay Later with no hidden fees!",Instant approval! Just select our payment option at checkout.
ad_3093,Sezzle,25-34,1041,1502.96,"Get it now, pay over time.","We help you buy what you want, when you want it. Download the app today. No credit impact! Treat yourself now. Instant decision."
ad_3094,Klarna,25-34,1440,2536.36,Unlock your purchasing power.,"Shop your favorite brands and pay over 6 weeks. No interest, no hard credit check. No credit impact! Treat yourself now. Instant decision."
ad_3095,Afterpay,25-34,1622,113.45,Don't wait! Buy today and pay later.,Instant approval! Just select our payment option at checkout.
ad_3096,Affirm,45-54,2463,1028.03,Don't wait! Buy today and pay later.,Don't let tight budgets hold you back. Flexible payment options available now! Smart budgeting for your family. No interest fees.
ad_3097,PayPal Pay Later,25-34,3989,163.4,Split your purchase into 4 easy payments.,"Why wait until payday? Get the things you want now and split your payments. It's fast, easy, and risk-free."
ad_3098,Affirm,25-34,3663,4852.95,"Get it now, pay over time.","We help you buy what you want, when you want it. Download the app today. No credit impact! Treat yourself now. Instant decision."
ad_3099,PayPal Pay Later,18-24,5432,3124.62,Don't wait! Buy today and pay later.,Don't let tight budgets hold you back. Flexible payment options available now!
ad_3100,Affirm,25-34,1067,446.2,Zero interest when you pay in 4.,"We help you buy what you want, when you want it. Download the app today. No credit impact! Treat yourself now. Instant decision."
ad_3101,Afterpay,55-64,3534,2600.51,Don't wait! Buy today and pay later.,Don't let tight budgets hold you back. Flexible payment options available now!
ad_3102,Zip,25-34,1849,3976.88,Don't wait! Buy today and pay later.,"Why wait until payday? Get the things you want now and split your payments. It's fast, easy, and risk-free."
ad_3103,PayPal Pay Later,45-54,2268,1904.53,Zero interest when you pay in 4.,"Manage your cash flow better. Buy the essentials today and pay in small, manageable installments. Smart budgeting for your family. No interest fees."
ad_3104,Affirm,18-24,2257,938.5,"Buy Now, Pay Later with no hidden fees!","We help you buy what you want, when you want it. Download the app today. No credit impact! Treat yourself now. Instant decision."
ad_3105,Zip,35-44,7892,2095.9,Zero interest when you pay in 4.,"We help you buy what you want, when you want it. Download the app today. Smart budgeting for your family. No interest fees."
ad_3106,Affirm,18-24,2581,2173.53,"Get it now, pay over time.","Why wait until payday? Get the things you want now and split your payments. It's fast, easy, and risk-free. No credit impact! Treat yourself now. Instant decision."
ad_3107,Zip,25-34,3744,2605.35,"Get it now, pay over time.",Instant approval! Just select our payment option at checkout. No credit impact! Treat yourself now. Instant decision.
ad_3108,Affirm,25-34,1442,3210.94,Zero interest when you pay in 4.,"Shop your favorite brands and pay over 6 weeks. No interest, no hard credit check. No credit impact! Treat yourself now. Instant decision."
ad_3109,PayPal Pay Later,25-34,841,904.3,Unlock your purchasing power.,Instant approval! Just select our payment option at checkout.
ad_3110,PayPal Pay Later,55-64,4850,2082.4,Zero interest when you pay in 4.,Don't let tight budgets hold you back. Flexible payment options available now!
ad_3111,Zip,18-24,2297,1723.54,Split your purchase into 4 easy payments.,"Manage your cash flow better. Buy the essentials today and pay in small, manageable installments. No credit impact! Treat yourself now. Instant decision."
ad_3112,Sezzle,18-24,7655,1645.66,Unlock your purchasing power.,"Shop your favorite brands and pay over 6 weeks. No interest, no hard credit check. No credit impact! Treat yourself now. Instant decision."
ad_3113,Affirm,25-34,2954,1897.61,"Get it now, pay over time.","We help you buy what you want, when you want it. Download the app today. No credit impact! Treat yourself now. Instant decision."
ad_3114,PayPal Pay Later,55-64,13078,1757.67,Zero interest when you pay in 4.,"Why wait until payday? Get the things you want now and split your payments. It's fast, easy, and risk-free. Smart budgeting for your family. No interest fees."
ad_3115,Klarna,25-34,6125,436.19,Don't wait! Buy today and pay later.,"Why wait until payday? Get the things you want now and split your payments. It's fast, easy, and risk-free. No credit impact! Treat yourself now. Instant decision."
ad_3116,PayPal Pay Later,18-24,895,3004.95,"Buy Now, Pay Later with no hidden fees!","We help you buy what you want, when you want it. Download the app today. No credit impact! Treat yourself now. Instant decision."
ad_3117,Affirm,35-44,24773,1336.59,Unlock your purchasing power.,"Manage your cash flow better. Buy the essentials today and pay in small, manageable installments."
ad_3118,Affirm,25-34,8389,1994.4,Don't wait! Buy today and pay later.,Instant approval! Just select our payment option at checkout.
ad_3119,Affirm,18-24,9470,3478.26,Don't wait! Buy today and pay later.,"We help you buy what you want, when you want it. Download the app today."
ad_3120,Zip,25-34,1885,4108.9,"Buy Now, Pay Later with no hidden fees!","Shop your favorite brands and pay over 6 weeks. No interest, no hard credit check. No credit impact! Treat yourself now. Instant decision."
ad_3121,Zip,25-34,1096,823.02,"Buy Now, Pay Later with no hidden fees!","Shop your favorite brands and pay over 6 weeks. No interest, no hard credit check. No credit impact! Treat yourself now. Instant decision."
ad_3122,Zip,35-44,6542,263.94,Split your purchase into 4 easy payments.,"We help you buy what you want, when you want it. Download the app today. Smart budgeting for your family. No interest fees."
ad_3123,Zip,25-34,944,1161.18,Split your purchase into 4 easy payments.,"We help you buy what you want, when you want it. Download the app today. No credit impact! Treat yourself now. Instant decision."
ad_3124,Zip,25-34,5298,2031.61,Zero interest when you pay in 4.,"Shop your favorite brands and pay over 6 weeks. No interest, no hard credit check. No credit impact! Treat yourself now. Instant decision."
ad_3125,PayPal Pay Later,35-44,6186,937.09,Split your purchase into 4 easy payments.,"Why wait until payday? Get the things you want now and split your payments. It's fast, easy, and risk-free. Smart budgeting for your family. No interest fees."
ad_3126,PayPal Pay Later,45-54,6604,1802.16,Zero interest when you pay in 4.,"Manage your cash flow better. Buy the essentials today and pay in small, manageable installments. Smart budgeting for your family. No interest fees."
ad_3127,Zip,25-34,2896,1942.17,Split your purchase into 4 easy payments.,"Shop your favorite brands and pay over 6 weeks. No interest, no hard credit check. No credit impact! Treat yourself now. Instant decision."
ad_3128,PayPal Pay Later,25-34,595,530.42,Unlock your purchasing power.,Instant approval! Just select our payment option at checkout. No credit impact! Treat yourself now. Instant decision.
ad_3129,Afterpay,25-34,1188,935.7,"Get it now, pay over time.","Shop your favorite brands and pay over 6 weeks. No interest, no hard credit check. No credit impact! Treat yourself now. Instant decision."
ad_3130,Afterpay,35-44,1452,4532.43,Don't wait! Buy today and pay later.,"Manage your cash flow better. Buy the essentials today and pay in small, manageable installments. Smart budgeting for your family. No interest fees."
ad_3131,Affirm,25-34,2794,394.7,Don't wait! Buy today and pay later.,"Why wait until payday? Get the things you want now and split your payments. It's fast, easy, and risk-free. No credit impact! Treat yourself now. Instant decision."
ad_3132,PayPal Pay Later,25-34,2491,4369.2,Zero interest when you pay in 4.,Don't let tight budgets hold you back. Flexible payment options available now! No credit impact! Treat yourself now. Instant decision.
ad_3133,PayPal Pay Later,25-34,31071,657.39,Unlock your purchasing power.,"We help you buy what you want, when you want it. Download the app today. No credit impact! Treat yourself now. Instant decision."
ad_3134,Afterpay,18-24,4803,2635.04,Zero interest when you pay in 4.,Don't let tight budgets hold you back. Flexible payment options available now! No credit impact! Treat yourself now. Instant decision.
ad_3135,Afterpay,45-54,2707,4426.35,Don't wait! Buy today and pay later.,"We help you buy what you want, when you want it. Download the app today."
ad_3136,Klarna,18-24,2192,3324.8,Don't wait! Buy today and pay later.,"Shop your favorite brands and pay over 6 weeks. No interest, no hard credit check. No credit impact! Treat yourself now. Instant decision."
ad_3137,Afterpay,18-24,944,2005.0,Unlock your purchasing power.,"Shop your favorite brands and pay over 6 weeks. No interest, no hard credit check. No credit impact! Treat yourself now. Instant decision."
ad_3138,Klarna,18-24,9839,2660.77,"Get it now, pay over time.","Why wait until payday? Get the things you want now and split your payments. It's fast, easy, and risk-free."
ad_3139,PayPal Pay Later,18-24,3267,1946.04,"Buy Now, Pay Later with no hidden fees!","Shop your favorite brands and pay over 6 weeks. No interest, no hard credit check."
ad_3140,Sezzle,45-54,2116,2044.33,Split your purchase into 4 easy payments.,Don't let tight budgets hold you back. Flexible payment options available now!
ad_3141,Zip,25-34,3575,51.25,Split your purchase into 4 easy payments.,Instant approval! Just select our payment option at checkout. No credit impact! Treat yourself now. Instant decision.
ad_3142,Affirm,25-34,32808,4982.78,"Get it now, pay over time.","We help you buy what you want, when you want it. Download the app today."
ad_3143,PayPal Pay Later,55-64,5069,862.21,"Buy Now, Pay Later with no hidden fees!","Why wait until payday? Get the things you want now and split your payments. It's fast, easy, and risk-free. Smart budgeting for your family. No interest fees."
ad_3144,Affirm,18-24,1379,2644.96,Zero interest when you pay in 4.,"Shop your favorite brands and pay over 6 weeks. No interest, no hard credit check. No credit impact! Treat yourself now. Instant decision."
ad_3145,Sezzle,35-44,4994,1902.97,Split your purchase into 4 easy payments.,Don't let tight budgets hold you back. Flexible payment options available now! Smart budgeting for your family. No interest fees.
ad_3146,Zip,25-34,4276,3216.53,Don't wait! Buy today and pay later.,"We help you buy what you want, when you want it. Download the app today. No credit impact! Treat yourself now. Instant decision."
ad_3147,Zip,25-34,8222,2211.78,Split your purchase into 4 easy payments.,Instant approval! Just select our payment option at checkout. No credit impact! Treat yourself now. Instant decision.
ad_3148,Afterpay,65+,1048,335.94,Zero interest when you pay in 4.,Don't let tight budgets hold you back. Flexible payment options available now!
ad_3149,Afterpay,25-34,8305,1113.49,"Buy Now, Pay Later with no hidden fees!","Why wait until payday? Get the things you want now and split your payments. It's fast, easy, and risk-free. No credit impact! Treat yourself now. Instant decision."
ad_3150,Sezzle,18-24,8067,2368.11,"Buy Now, Pay Later with no hidden fees!","Why wait until payday? Get the things you want now and split your payments. It's fast, easy, and risk-free."
ad_3151,Zip,18-24,2769,2884.2,Don't wait! Buy today and pay later.,"We help you buy what you want, when you want it. Download the app today. No credit impact! Treat yourself now. Instant decision."
ad_3152,Zip,18-24,10623,2144.44,Don't wait! Buy today and pay later.,"Manage your cash flow better. Buy the essentials today and pay in small, manageable installments."
ad_3153,PayPal Pay Later,25-34,4136,2484.38,"Buy Now, Pay Later with no hidden fees!",Don't let tight budgets hold you back. Flexible payment options available now! No credit impact! Treat yourself now. Instant decision.
ad_3154,Zip,18-24,654,1838.25,"Get it now, pay over time.","Manage your cash flow better. Buy the essentials today and pay in small, manageable installments. No credit impact! Treat yourself now. Instant decision."
ad_3155,Sezzle,18-24,2258,2598.14,"Buy Now, Pay Later with no hidden fees!","Why wait until payday? Get the things you want now and split your payments. It's fast, easy, and risk-free. No credit impact! Treat yourself now. Instant decision."
ad_3156,Affirm,35-44,4581,4520.88,Don't wait! Buy today and pay later.,"We help you buy what you want, when you want it. Download the app today. Smart budgeting for your family. No interest fees."
ad_3157,PayPal Pay Later,25-34,6113,2516.84,"Buy Now, Pay Later with no hidden fees!",Don't let tight budgets hold you back. Flexible payment options available now! No credit impact! Treat yourself now. Instant decision.
ad_3158,Zip,18-24,1723,4463.17,Unlock your purchasing power.,"We help you buy what you want, when you want it. Download the app today."
ad_3159,Afterpay,25-34,1450,3100.72,"Get it now, pay over time.","Why wait until payday? Get the things you want now and split your payments. It's fast, easy, and risk-free."
ad_3160,Zip,25-34,1813,3834.56,"Get it now, pay over time.","Shop your favorite brands and pay over 6 weeks. No interest, no hard credit check."
ad_3161,Afterpay,25-34,3036,1185.62,"Get it now, pay over time.","Manage your cash flow better. Buy the essentials today and pay in small, manageable installments."
ad_3162,Affirm,45-54,1204,2957.55,"Buy Now, Pay Later with no hidden fees!","Shop your favorite brands and pay over 6 weeks. No interest, no hard credit check."
ad_3163,PayPal Pay Later,35-44,11009,2587.93,Zero interest when you pay in 4.,"Shop your favorite brands and pay over 6 weeks. No interest, no hard credit check."
ad_3164,Affirm,35-44,4350,2780.36,Don't wait! Buy today and pay later.,"Shop your favorite brands and pay over 6 weeks. No interest, no hard credit check. Smart budgeting for your family. No interest fees."
ad_3165,Zip,18-24,2044,1256.66,Split your purchase into 4 easy payments.,"Manage your cash flow better. Buy the essentials today and pay in small, manageable installments. No credit impact! Treat yourself now. Instant decision."
ad_3166,Zip,25-34,12729,2905.71,Don't wait! Buy today and pay later.,"Shop your favorite brands and pay over 6 weeks. No interest, no hard credit check. No credit impact! Treat yourself now. Instant decision."
ad_3167,Zip,18-24,866,3923.97,Zero interest when you pay in 4.,Don't let tight budgets hold you back. Flexible payment options available now! No credit impact! Treat yourself now. Instant decision.
ad_3168,Klarna,18-24,2025,1487.09,"Buy Now, Pay Later with no hidden fees!",Instant approval! Just select our payment option at checkout.
ad_3169,Zip,18-24,5901,2905.11,Zero interest when you pay in 4.,"Manage your cash flow better. Buy the essentials today and pay in small, manageable installments."
ad_3170,Klarna,25-34,10123,2536.39,Zero interest when you pay in 4.,"We help you buy what you want, when you want it. Download the app today. No credit impact! Treat yourself now. Instant decision."
ad_3171,Afterpay,25-34,490,4584.95,Split your purchase into 4 easy payments.,"Why wait until payday? Get the things you want now and split your payments. It's fast, easy, and risk-free. No credit impact! Treat yourself now. Instant decision."
ad_3172,Affirm,25-34,1627,3475.77,Split your purchase into 4 easy payments.,Don't let tight budgets hold you back. Flexible payment options available now!
ad_3173,Zip,18-24,636,3122.15,Unlock your purchasing power.,Instant approval! Just select our payment option at checkout.
ad_3174,Sezzle,35-44,3522,2911.8,Unlock your purchasing power.,Instant approval! Just select our payment option at checkout. Smart budgeting for your family. No interest fees.
ad_3175,Sezzle,18-24,12844,2330.7,"Buy Now, Pay Later with no hidden fees!","We help you buy what you want, when you want it. Download the app today. No credit impact! Treat yourself now. Instant decision."
ad_3176,Zip,25-34,10391,2711.24,"Get it now, pay over time.","Manage your cash flow better. Buy the essentials today and pay in small, manageable installments."
ad_3177,Sezzle,35-44,3535,4549.91,"Buy Now, Pay Later with no hidden fees!","Manage your cash flow better. Buy the essentials today and pay in small, manageable installments."
ad_3178,Affirm,35-44,3601,955.72,Zero interest when you pay in 4.,Don't let tight budgets hold you back. Flexible payment options available now! Smart budgeting for your family. No interest fees.
ad_3179,Afterpay,18-24,2322,3737.38,Unlock your purchasing power.,"We help you buy what you want, when you want it. Download the app today."
ad_3180,Affirm,45-54,8470,358.14,Zero interest when you pay in 4.,"We help you buy what you want, when you want it. Download the app today."
ad_3181,Klarna,18-24,91941,3784.08,"Get it now, pay over time.",Instant approval! Just select our payment option at checkout. No credit impact! Treat yourself now. Instant decision.
ad_3182,Sezzle,18-24,4360,4287.08,Don't wait! Buy today and pay later.,"Manage your cash flow better. Buy the essentials today and pay in small, manageable installments. No credit impact! Treat yourself now. Instant decision."
ad_3183,Afterpay,18-24,13837,4854.18,Split your purchase into 4 easy payments.,Don't let tight budgets hold you back. Flexible payment options available now! No credit impact! Treat yourself now. Instant decision.
ad_3184,Afterpay,45-54,528,1972.76,"Buy Now, Pay Later with no hidden fees!","Shop your favorite brands and pay over 6 weeks. No interest, no hard credit check. Smart budgeting for your family. No interest fees."
ad_3185,Afterpay,18-24,1370,1491.97,Zero interest when you pay in 4.,"We help you buy what you want, when you want it. Download the app today. No credit impact! Treat yourself now. Instant decision."
ad_3186,Klarna,25-34,3120,3433.31,Unlock your purchasing power.,"Shop your favorite brands and pay over 6 weeks. No interest, no hard credit check. No credit impact! Treat yourself now. Instant decision."
ad_3187,Affirm,18-24,9470,778.43,"Get it now, pay over time.",Instant approval! Just select our payment option at checkout.
ad_3188,Affirm,45-54,19055,4149.14,Don't wait! Buy today and pay later.,Don't let tight budgets hold you back. Flexible payment options available now!
ad_3189,Zip,25-34,4351,4172.34,"Buy Now, Pay Later with no hidden fees!","Manage your cash flow better. Buy the essentials today and pay in small, manageable installments. No credit impact! Treat yourself now. Instant decision."
ad_3190,Afterpay,25-34,3063,4167.97,Unlock your purchasing power.,"We help you buy what you want, when you want it. Download the app today. No credit impact! Treat yourself now. Instant decision."
ad_3191,Zip,25-34,5882,110.33,"Buy Now, Pay Later with no hidden fees!",Don't let tight budgets hold you back. Flexible payment options available now!
ad_3192,Zip,25-34,1776,2660.83,Don't wait! Buy today and pay later.,Don't let tight budgets hold you back. Flexible payment options available now!
ad_3193,Affirm,25-34,5217,441.79,Don't wait! Buy today and pay later.,"Shop your favorite brands and pay over 6 weeks. No interest, no hard credit check. No credit impact! Treat yourself now. Instant decision."
ad_3194,Zip,18-24,2291,4499.45,Split your purchase into 4 easy payments.,Don't let tight budgets hold you back. Flexible payment options available now! No credit impact! Treat yourself now. Instant decision.
ad_3195,Zip,18-24,4873,2998.68,Don't wait! Buy today and pay later.,"We help you buy what you want, when you want it. Download the app today. No credit impact! Treat yourself now. Instant decision."
ad_3196,Zip,18-24,1472,3856.39,Zero interest when you pay in 4.,Don't let tight budgets hold you back. Flexible payment options available now! No credit impact! Treat yourself now. Instant decision.
ad_3197,Klarna,18-24,2421,4490.43,"Buy Now, Pay Later with no hidden fees!","Shop your favorite brands and pay over 6 weeks. No interest, no hard credit check. No credit impact! Treat yourself now. Instant decision."
ad_3198,Klarna,35-44,7518,634.04,"Buy Now, Pay Later with no hidden fees!","Manage your cash flow better. Buy the essentials today and pay in small, manageable installments."
ad_3199,Affirm,18-24,2476,1963.99,Unlock your purchasing power.,Don't let tight budgets hold you back. Flexible payment options available now!
ad_3200,Affirm,18-24,3057,3599.22,Unlock your purchasing power.,"Manage your cash flow better. Buy the essentials today and pay in small, manageable installments. No credit impact! Treat yourself now. Instant decision."
ad_3201,Zip,18-24,8220,4272.55,Split your purchase into 4 easy payments.,"Manage your cash flow better. Buy the essentials today and pay in small, manageable installments. No credit impact! Treat yourself now. Instant decision."
ad_3202,Zip,35-44,2099,3359.0,Don't wait! Buy today and pay later.,"Manage your cash flow better. Buy the essentials today and pay in small, manageable installments. Smart budgeting for your family. No interest fees."
ad_3203,Zip,25-34,1007,3795.22,Unlock your purchasing power.,Instant approval! Just select our payment option at checkout. No credit impact! Treat yourself now. Instant decision.
ad_3204,Affirm,25-34,9049,4265.08,Zero interest when you pay in 4.,"Why wait until payday? Get the things you want now and split your payments. It's fast, easy, and risk-free. No credit impact! Treat yourself now. Instant decision."
ad_3205,Zip,25-34,1645,2943.02,"Get it now, pay over time.","Why wait until payday? Get the things you want now and split your payments. It's fast, easy, and risk-free."
ad_3206,PayPal Pay Later,35-44,1928,2950.71,Unlock your purchasing power.,"Shop your favorite brands and pay over 6 weeks. No interest, no hard credit check."
ad_3207,Affirm,25-34,1009,4833.85,Unlock your purchasing power.,"Manage your cash flow better. Buy the essentials today and pay in small, manageable installments. No credit impact! Treat yourself now. Instant decision."
ad_3208,Sezzle,45-54,4699,1038.32,"Get it now, pay over time.","Manage your cash flow better. Buy the essentials today and pay in small, manageable installments."
ad_3209,PayPal Pay Later,25-34,3531,1690.89,Split your purchase into 4 easy payments.,Don't let tight budgets hold you back. Flexible payment options available now! No credit impact! Treat yourself now. Instant decision.
ad_3210,Afterpay,25-34,4947,3648.71,"Get it now, pay over time.","Shop your favorite brands and pay over 6 weeks. No interest, no hard credit check. No credit impact! Treat yourself now. Instant decision."
ad_3211,Zip,25-34,1437,4896.2,Split your purchase into 4 easy payments.,Instant approval! Just select our payment option at checkout. No credit impact! Treat yourself now. Instant decision.
ad_3212,Afterpay,18-24,1783,3727.78,"Get it now, pay over time.",Instant approval! Just select our payment option at checkout. No credit impact! Treat yourself now. Instant decision.
ad_3213,Klarna,18-24,1340,1331.96,Unlock your purchasing power.,"Shop your favorite brands and pay over 6 weeks. No interest, no hard credit check."
ad_3214,Afterpay,18-24,2828,4742.41,"Get it now, pay over time.","Why wait until payday? Get the things you want now and split your payments. It's fast, easy, and risk-free. No credit impact! Treat yourself now. Instant decision."
ad_3215,Klarna,18-24,4621,4358.0,Zero interest when you pay in 4.,"Why wait until payday? Get the things you want now and split your payments. It's fast, easy, and risk-free."
ad_3216,Sezzle,18-24,3705,4892.21,"Buy Now, Pay Later with no hidden fees!","Shop your favorite brands and pay over 6 weeks. No interest, no hard credit check. No credit impact! Treat yourself now. Instant decision."
ad_3217,Zip,25-34,3184,3122.51,Split your purchase into 4 easy payments.,"We help you buy what you want, when you want it. Download the app today. No credit impact! Treat yourself now. Instant decision."
ad_3218,PayPal Pay Later,25-34,788,1155.97,"Get it now, pay over time.",Instant approval! Just select our payment option at checkout. No credit impact! Treat yourself now. Instant decision.
ad_3219,Zip,25-34,26211,1222.93,Split your purchase into 4 easy payments.,"Manage your cash flow better. Buy the essentials today and pay in small, manageable installments. No credit impact! Treat yourself now. Instant decision."
ad_3220,Sezzle,18-24,3026,2659.19,Don't wait! Buy today and pay later.,"Manage your cash flow better. Buy the essentials today and pay in small, manageable installments. No credit impact! Treat yourself now. Instant decision."
ad_3221,Klarna,18-24,1111,4522.74,Split your purchase into 4 easy payments.,"Manage your cash flow better. Buy the essentials today and pay in small, manageable installments. No credit impact! Treat yourself now. Instant decision."
ad_3222,PayPal Pay Later,45-54,1888,1105.23,Zero interest when you pay in 4.,"We help you buy what you want, when you want it. Download the app today."
ad_3223,Zip,18-24,1982,908.64,Unlock your purchasing power.,"Shop your favorite brands and pay over 6 weeks. No interest, no hard credit check."
ad_3224,Klarna,18-24,4561,4790.84,Don't wait! Buy today and pay later.,"Shop your favorite brands and pay over 6 weeks. No interest, no hard credit check. No credit impact! Treat yourself now. Instant decision."
ad_3225,Afterpay,25-34,7882,4450.92,Zero interest when you pay in 4.,Instant approval! Just select our payment option at checkout. No credit impact! Treat yourself now. Instant decision.
ad_3226,Zip,25-34,11203,1537.03,Split your purchase into 4 easy payments.,"Why wait until payday? Get the things you want now and split your payments. It's fast, easy, and risk-free. No credit impact! Treat yourself now. Instant decision."
ad_3227,PayPal Pay Later,35-44,3281,3066.02,Don't wait! Buy today and pay later.,Don't let tight budgets hold you back. Flexible payment options available now!
ad_3228,Affirm,25-34,11136,4357.82,Split your purchase into 4 easy payments.,Don't let tight budgets hold you back. Flexible payment options available now!
ad_3229,PayPal Pay Later,18-24,1432,2371.02,Don't wait! Buy today and pay later.,Don't let tight budgets hold you back. Flexible payment options available now! No credit impact! Treat yourself now. Instant decision.
ad_3230,PayPal Pay Later,18-24,10665,3073.65,"Get it now, pay over time.","Shop your favorite brands and pay over 6 weeks. No interest, no hard credit check. No credit impact! Treat yourself now. Instant decision."
ad_3231,Zip,18-24,4596,4171.62,Unlock your purchasing power.,"Why wait until payday? Get the things you want now and split your payments. It's fast, easy, and risk-free. No credit impact! Treat yourself now. Instant decision."
ad_3232,PayPal Pay Later,18-24,17482,4408.63,"Buy Now, Pay Later with no hidden fees!","Shop your favorite brands and pay over 6 weeks. No interest, no hard credit check. No credit impact! Treat yourself now. Instant decision."
ad_3233,Sezzle,25-34,4226,1115.58,Unlock your purchasing power.,Don't let tight budgets hold you back. Flexible payment options available now! No credit impact! Treat yourself now. Instant decision.
ad_3234,Zip,25-34,1279,3253.69,Zero interest when you pay in 4.,Don't let tight budgets hold you back. Flexible payment options available now! No credit impact! Treat yourself now. Instant decision.
ad_3235,Zip,18-24,1119,2590.8,"Get it now, pay over time.","We help you buy what you want, when you want it. Download the app today."
ad_3236,Klarna,18-24,3061,224.22,Don't wait! Buy today and pay later.,"Why wait until payday? Get the things you want now and split your payments. It's fast, easy, and risk-free. No credit impact! Treat yourself now. Instant decision."
ad_3237,PayPal Pay Later,45-54,3744,212.95,Split your purchase into 4 easy payments.,"Why wait until payday? Get the things you want now and split your payments. It's fast, easy, and risk-free."
ad_3238,Zip,25-34,1989,2794.1,"Buy Now, Pay Later with no hidden fees!",Don't let tight budgets hold you back. Flexible payment options available now! No credit impact! Treat yourself now. Instant decision.
ad_3239,Klarna,35-44,7864,3647.17,Don't wait! Buy today and pay later.,"We help you buy what you want, when you want it. Download the app today."
ad_3240,Zip,18-24,4228,2315.68,"Buy Now, Pay Later with no hidden fees!","Shop your favorite brands and pay over 6 weeks. No interest, no hard credit check."
ad_3241,Sezzle,25-34,3644,3669.61,Don't wait! Buy today and pay later.,"We help you buy what you want, when you want it. Download the app today. No credit impact! Treat yourself now. Instant decision."
ad_3242,Klarna,18-24,11151,270.37,Unlock your purchasing power.,"Manage your cash flow better. Buy the essentials today and pay in small, manageable installments. No credit impact! Treat yourself now. Instant decision."
ad_3243,Zip,18-24,3307,2682.52,"Buy Now, Pay Later with no hidden fees!","Shop your favorite brands and pay over 6 weeks. No interest, no hard credit check."
ad_3244,Klarna,18-24,2382,4165.69,Unlock your purchasing power.,Instant approval! Just select our payment option at checkout.
ad_3245,Afterpay,18-24,2751,3095.12,Zero interest when you pay in 4.,"Manage your cash flow better. Buy the essentials today and pay in small, manageable installments."
ad_3246,Afterpay,18-24,2316,80.61,Split your purchase into 4 easy payments.,"Shop your favorite brands and pay over 6 weeks. No interest, no hard credit check."
ad_3247,Afterpay,25-34,1476,2021.86,"Get it now, pay over time.",Don't let tight budgets hold you back. Flexible payment options available now! No credit impact! Treat yourself now. Instant decision.
ad_3248,Affirm,25-34,1210,2660.6,Zero interest when you pay in 4.,Instant approval! Just select our payment option at checkout. No credit impact! Treat yourself now. Instant decision.
ad_3249,Klarna,18-24,1443,3954.42,Split your purchase into 4 easy payments.,Instant approval! Just select our payment option at checkout. No credit impact! Treat yourself now. Instant decision.
ad_3250,Afterpay,18-24,9296,1961.63,Zero interest when you pay in 4.,Don't let tight budgets hold you back. Flexible payment options available now!
ad_3251,Klarna,18-24,3659,4699.07,Don't wait! Buy today and pay later.,Don't let tight budgets hold you back. Flexible payment options available now! No credit impact! Treat yourself now. Instant decision.
ad_3252,PayPal Pay Later,25-34,5641,3514.15,Split your purchase into 4 easy payments.,Don't let tight budgets hold you back. Flexible payment options available now!
ad_3253,Zip,25-34,7115,4253.88,Split your purchase into 4 easy payments.,"We help you buy what you want, when you want it. Download the app today. No credit impact! Treat yourself now. Instant decision."
ad_3254,Afterpay,18-24,1090,2553.54,Don't wait! Buy today and pay later.,"Manage your cash flow better. Buy the essentials today and pay in small, manageable installments. No credit impact! Treat yourself now. Instant decision."
ad_3255,Affirm,25-34,2065,1864.26,Unlock your purchasing power.,Don't let tight budgets hold you back. Flexible payment options available now! No credit impact! Treat yourself now. Instant decision.
ad_3256,Afterpay,25-34,1008,2765.76,Don't wait! Buy today and pay later.,"Shop your favorite brands and pay over 6 weeks. No interest, no hard credit check. No credit impact! Treat yourself now. Instant decision."
ad_3257,Afterpay,55-64,8420,3155.1,"Get it now, pay over time.","Shop your favorite brands and pay over 6 weeks. No interest, no hard credit check."
ad_3258,PayPal Pay Later,65+,1763,2165.81,"Buy Now, Pay Later with no hidden fees!","Manage your cash flow better. Buy the essentials today and pay in small, manageable installments."
ad_3259,PayPal Pay Later,25-34,6381,3345.57,"Get it now, pay over time.","Manage your cash flow better. Buy the essentials today and pay in small, manageable installments. No credit impact! Treat yourself now. Instant decision."
ad_3260,Afterpay,18-24,5664,4877.73,"Get it now, pay over time.",Don't let tight budgets hold you back. Flexible payment options available now!
ad_3261,Zip,18-24,4941,56.22,Don't wait! Buy today and pay later.,"Manage your cash flow better. Buy the essentials today and pay in small, manageable installments. No credit impact! Treat yourself now. Instant decision."
ad_3262,Afterpay,25-34,1741,3599.74,Split your purchase into 4 easy payments.,Instant approval! Just select our payment option at checkout. No credit impact! Treat yourself now. Instant decision.
ad_3263,Sezzle,18-24,1768,2054.74,Zero interest when you pay in 4.,Don't let tight budgets hold you back. Flexible payment options available now!
ad_3264,Affirm,18-24,1779,2759.1,Don't wait! Buy today and pay later.,"Manage your cash flow better. Buy the essentials today and pay in small, manageable installments."
ad_3265,PayPal Pay Later,25-34,1910,2596.79,Unlock your purchasing power.,"Why wait until payday? Get the things you want now and split your payments. It's fast, easy, and risk-free. No credit impact! Treat yourself now. Instant decision."
ad_3266,Zip,25-34,2216,726.01,Split your purchase into 4 easy payments.,"Manage your cash flow better. Buy the essentials today and pay in small, manageable installments. No credit impact! Treat yourself now. Instant decision."
ad_3267,Affirm,18-24,1195,4317.15,"Get it now, pay over time.","Manage your cash flow better. Buy the essentials today and pay in small, manageable installments."
ad_3268,Zip,18-24,1455,4214.07,Zero interest when you pay in 4.,"We help you buy what you want, when you want it. Download the app today."
ad_3269,Afterpay,18-24,1621,4750.13,"Get it now, pay over time.","We help you buy what you want, when you want it. Download the app today."
ad_3270,Afterpay,25-34,13049,3818.0,Split your purchase into 4 easy payments.,"Manage your cash flow better. Buy the essentials today and pay in small, manageable installments. No credit impact! Treat yourself now. Instant decision."
ad_3271,Sezzle,18-24,6132,2050.97,Split your purchase into 4 easy payments.,"Shop your favorite brands and pay over 6 weeks. No interest, no hard credit check. No credit impact! Treat yourself now. Instant decision."
ad_3272,Affirm,25-34,1545,1072.41,"Get it now, pay over time.","Manage your cash flow better. Buy the essentials today and pay in small, manageable installments. No credit impact! Treat yourself now. Instant decision."
ad_3273,Affirm,18-24,1862,3508.13,Don't wait! Buy today and pay later.,"Manage your cash flow better. Buy the essentials today and pay in small, manageable installments. No credit impact! Treat yourself now. Instant decision."
ad_3274,Klarna,55-64,4280,2161.8,Zero interest when you pay in 4.,"Shop your favorite brands and pay over 6 weeks. No interest, no hard credit check."
ad_3275,Afterpay,18-24,877,1129.56,"Get it now, pay over time.","Manage your cash flow better. Buy the essentials today and pay in small, manageable installments."
ad_3276,Affirm,25-34,2970,3279.87,"Get it now, pay over time.","We help you buy what you want, when you want it. Download the app today. No credit impact! Treat yourself now. Instant decision."
ad_3277,Afterpay,18-24,10512,2779.12,Don't wait! Buy today and pay later.,"Manage your cash flow better. Buy the essentials today and pay in small, manageable installments. No credit impact! Treat yourself now. Instant decision."
ad_3278,Afterpay,35-44,495,447.13,Split your purchase into 4 easy payments.,Instant approval! Just select our payment option at checkout. Smart budgeting for your family. No interest fees.
ad_3279,Sezzle,25-34,10062,3759.45,Zero interest when you pay in 4.,"Why wait until payday? Get the things you want now and split your payments. It's fast, easy, and risk-free. No credit impact! Treat yourself now. Instant decision."
ad_3280,Zip,18-24,2713,2331.85,Don't wait! Buy today and pay later.,"Manage your cash flow better. Buy the essentials today and pay in small, manageable installments. No credit impact! Treat yourself now. Instant decision."
ad_3281,PayPal Pay Later,18-24,540,3095.58,"Get it now, pay over time.","Shop your favorite brands and pay over 6 weeks. No interest, no hard credit check."
ad_3282,Affirm,45-54,23267,4381.54,"Get it now, pay over time.","Why wait until payday? Get the things you want now and split your payments. It's fast, easy, and risk-free. Smart budgeting for your family. No interest fees."
ad_3283,PayPal Pay Later,35-44,9405,2194.93,"Buy Now, Pay Later with no hidden fees!",Instant approval! Just select our payment option at checkout.
ad_3284,Affirm,18-24,4727,55.67,"Buy Now, Pay Later with no hidden fees!",Don't let tight budgets hold you back. Flexible payment options available now! No credit impact! Treat yourself now. Instant decision.
ad_3285,Sezzle,25-34,1780,3896.91,"Get it now, pay over time.",Instant approval! Just select our payment option at checkout. No credit impact! Treat yourself now. Instant decision.
ad_3286,Klarna,25-34,35310,4493.98,Split your purchase into 4 easy payments.,"We help you buy what you want, when you want it. Download the app today. No credit impact! Treat yourself now. Instant decision."
ad_3287,Affirm,18-24,2888,3142.66,Unlock your purchasing power.,"Shop your favorite brands and pay over 6 weeks. No interest, no hard credit check."
ad_3288,PayPal Pay Later,35-44,547,3941.53,"Get it now, pay over time.","Shop your favorite brands and pay over 6 weeks. No interest, no hard credit check. Smart budgeting for your family. No interest fees."
ad_3289,Zip,25-34,4304,891.48,Don't wait! Buy today and pay later.,Don't let tight budgets hold you back. Flexible payment options available now!
ad_3290,PayPal Pay Later,18-24,1320,119.27,"Buy Now, Pay Later with no hidden fees!","We help you buy what you want, when you want it. Download the app today. No credit impact! Treat yourself now. Instant decision."
ad_3291,Afterpay,25-34,1568,1110.92,"Get it now, pay over time.",Instant approval! Just select our payment option at checkout.
ad_3292,Sezzle,25-34,18029,3188.17,"Get it now, pay over time.",Don't let tight budgets hold you back. Flexible payment options available now! No credit impact! Treat yourself now. Instant decision.
ad_3293,Zip,25-34,1720,2278.88,Split your purchase into 4 easy payments.,"Why wait until payday? Get the things you want now and split your payments. It's fast, easy, and risk-free."
ad_3294,Sezzle,18-24,1177,4036.52,"Buy Now, Pay Later with no hidden fees!","We help you buy what you want, when you want it. Download the app today. No credit impact! Treat yourself now. Instant decision."
ad_3295,PayPal Pay Later,25-34,1406,2456.52,Unlock your purchasing power.,"Shop your favorite brands and pay over 6 weeks. No interest, no hard credit check."
ad_3296,Klarna,35-44,1560,1656.59,"Get it now, pay over time.",Instant approval! Just select our payment option at checkout. Smart budgeting for your family. No interest fees.
ad_3297,PayPal Pay Later,18-24,1607,4085.16,Unlock your purchasing power.,Don't let tight budgets hold you back. Flexible payment options available now! No credit impact! Treat yourself now. Instant decision.
ad_3298,Sezzle,55-64,6698,3787.83,Zero interest when you pay in 4.,"Why wait until payday? Get the things you want now and split your payments. It's fast, easy, and risk-free. Smart budgeting for your family. No interest fees."
ad_3299,Affirm,18-24,1160,3795.82,Split your purchase into 4 easy payments.,Instant approval! Just select our payment option at checkout.
ad_3300,Zip,25-34,1474,3780.43,Zero interest when you pay in 4.,"Shop your favorite brands and pay over 6 weeks. No interest, no hard credit check. No credit impact! Treat yourself now. Instant decision."
ad_3301,Sezzle,25-34,6261,786.01,Zero interest when you pay in 4.,"Why wait until payday? Get the things you want now and split your payments. It's fast, easy, and risk-free. No credit impact! Treat yourself now. Instant decision."
ad_3302,Affirm,25-34,2349,2995.64,Zero interest when you pay in 4.,"Shop your favorite brands and pay over 6 weeks. No interest, no hard credit check. No credit impact! Treat yourself now. Instant decision."
ad_3303,Afterpay,25-34,2140,2720.15,"Get it now, pay over time.","Why wait until payday? Get the things you want now and split your payments. It's fast, easy, and risk-free. No credit impact! Treat yourself now. Instant decision."
ad_3304,Sezzle,18-24,2383,3090.95,Unlock your purchasing power.,"Manage your cash flow better. Buy the essentials today and pay in small, manageable installments."
ad_3305,Affirm,18-24,7732,2799.55,Don't wait! Buy today and pay later.,Don't let tight budgets hold you back. Flexible payment options available now! No credit impact! Treat yourself now. Instant decision.
ad_3306,Afterpay,25-34,6587,3160.05,Don't wait! Buy today and pay later.,"Shop your favorite brands and pay over 6 weeks. No interest, no hard credit check. No credit impact! Treat yourself now. Instant decision."
ad_3307,Affirm,18-24,287,4364.13,"Buy Now, Pay Later with no hidden fees!",Don't let tight budgets hold you back. Flexible payment options available now!
ad_3308,PayPal Pay Later,18-24,4349,4979.64,"Get it now, pay over time.",Don't let tight budgets hold you back. Flexible payment options available now!
ad_3309,Afterpay,18-24,2447,2433.87,Split your purchase into 4 easy payments.,Don't let tight budgets hold you back. Flexible payment options available now! No credit impact! Treat yourself now. Instant decision.
ad_3310,Afterpay,55-64,19946,4487.6,"Buy Now, Pay Later with no hidden fees!","Shop your favorite brands and pay over 6 weeks. No interest, no hard credit check."
ad_3311,Zip,25-34,4191,2125.72,Unlock your purchasing power.,"We help you buy what you want, when you want it. Download the app today. No credit impact! Treat yourself now. Instant decision."
ad_3312,Zip,25-34,2221,2661.25,Unlock your purchasing power.,"Why wait until payday? Get the things you want now and split your payments. It's fast, easy, and risk-free. No credit impact! Treat yourself now. Instant decision."
ad_3313,Sezzle,18-24,1556,1971.4,Don't wait! Buy today and pay later.,"Manage your cash flow better. Buy the essentials today and pay in small, manageable installments. No credit impact! Treat yourself now. Instant decision."
ad_3314,Klarna,18-24,1277,4808.42,Split your purchase into 4 easy payments.,Don't let tight budgets hold you back. Flexible payment options available now! No credit impact! Treat yourself now. Instant decision.
ad_3315,PayPal Pay Later,35-44,12898,1661.95,Zero interest when you pay in 4.,"We help you buy what you want, when you want it. Download the app today."
ad_3316,Afterpay,18-24,2882,4452.98,Don't wait! Buy today and pay later.,"We help you buy what you want, when you want it. Download the app today. No credit impact! Treat yourself now. Instant decision."
ad_3317,Sezzle,25-34,2657,3100.65,Don't wait! Buy today and pay later.,Don't let tight budgets hold you back. Flexible payment options available now!
ad_3318,Affirm,18-24,11095,488.75,Zero interest when you pay in 4.,Instant approval! Just select our payment option at checkout. No credit impact! Treat yourself now. Instant decision.
ad_3319,Affirm,18-24,2200,4613.35,Zero interest when you pay in 4.,Instant approval! Just select our payment option at checkout.
ad_3320,Afterpay,18-24,4274,3192.82,Split your purchase into 4 easy payments.,Don't let tight budgets hold you back. Flexible payment options available now! No credit impact! Treat yourself now. Instant decision.
ad_3321,Sezzle,18-24,10730,1406.42,"Get it now, pay over time.",Don't let tight budgets hold you back. Flexible payment options available now! No credit impact! Treat yourself now. Instant decision.
ad_3322,Klarna,25-34,3169,3486.45,"Buy Now, Pay Later with no hidden fees!","Shop your favorite brands and pay over 6 weeks. No interest, no hard credit check. No credit impact! Treat yourself now. Instant decision."
ad_3323,PayPal Pay Later,45-54,22261,3169.42,Unlock your purchasing power.,"We help you buy what you want, when you want it. Download the app today. Smart budgeting for your family. No interest fees."
ad_3324,Zip,25-34,6283,2418.26,Don't wait! Buy today and pay later.,Don't let tight budgets hold you back. Flexible payment options available now!
ad_3325,Affirm,18-24,3199,1706.06,Don't wait! Buy today and pay later.,"Shop your favorite brands and pay over 6 weeks. No interest, no hard credit check. No credit impact! Treat yourself now. Instant decision."
ad_3326,Klarna,25-34,5891,1213.93,"Buy Now, Pay Later with no hidden fees!","Why wait until payday? Get the things you want now and split your payments. It's fast, easy, and risk-free. No credit impact! Treat yourself now. Instant decision."
ad_3327,PayPal Pay Later,55-64,7543,4482.3,"Buy Now, Pay Later with no hidden fees!","Manage your cash flow better. Buy the essentials today and pay in small, manageable installments. Smart budgeting for your family. No interest fees."
ad_3328,Klarna,18-24,5318,697.46,Zero interest when you pay in 4.,"Manage your cash flow better. Buy the essentials today and pay in small, manageable installments. No credit impact! Treat yourself now. Instant decision."
ad_3329,Sezzle,25-34,704,3121.05,Unlock your purchasing power.,"We help you buy what you want, when you want it. Download the app today. No credit impact! Treat yourself now. Instant decision."
ad_3330,Klarna,45-54,313,583.73,Zero interest when you pay in 4.,"Shop your favorite brands and pay over 6 weeks. No interest, no hard credit check. Smart budgeting for your family. No interest fees."
ad_3331,Sezzle,45-54,9662,1295.81,"Get it now, pay over time.","We help you buy what you want, when you want it. Download the app today."
ad_3332,Affirm,35-44,16439,3537.66,"Get it now, pay over time.","We help you buy what you want, when you want it. Download the app today. Smart budgeting for your family. No interest fees."
ad_3333,PayPal Pay Later,18-24,36910,3661.04,Don't wait! Buy today and pay later.,"Why wait until payday? Get the things you want now and split your payments. It's fast, easy, and risk-free. No credit impact! Treat yourself now. Instant decision."
ad_3334,Afterpay,35-44,3062,588.96,Split your purchase into 4 easy payments.,"Shop your favorite brands and pay over 6 weeks. No interest, no hard credit check."
ad_3335,Zip,25-34,3505,533.11,"Get it now, pay over time.","Why wait until payday? Get the things you want now and split your payments. It's fast, easy, and risk-free. No credit impact! Treat yourself now. Instant decision."
ad_3336,PayPal Pay Later,25-34,5421,4272.86,Zero interest when you pay in 4.,"We help you buy what you want, when you want it. Download the app today. No credit impact! Treat yourself now. Instant decision."
ad_3337,Sezzle,45-54,1878,858.29,Split your purchase into 4 easy payments.,"Why wait until payday? Get the things you want now and split your payments. It's fast, easy, and risk-free. Smart budgeting for your family. No interest fees."
ad_3338,PayPal Pay Later,45-54,5460,2513.31,Unlock your purchasing power.,"Why wait until payday? Get the things you want now and split your payments. It's fast, easy, and risk-free. Smart budgeting for your family. No interest fees."
ad_3339,Zip,18-24,1955,1846.57,Unlock your purchasing power.,Don't let tight budgets hold you back. Flexible payment options available now! No credit impact! Treat yourself now. Instant decision.
ad_3340,Zip,35-44,9664,664.59,"Get it now, pay over time.","Shop your favorite brands and pay over 6 weeks. No interest, no hard credit check."
ad_3341,Affirm,18-24,825,3702.2,"Buy Now, Pay Later with no hidden fees!",Instant approval! Just select our payment option at checkout. No credit impact! Treat yourself now. Instant decision.
ad_3342,Afterpay,25-34,2614,3794.6,Unlock your purchasing power.,"Shop your favorite brands and pay over 6 weeks. No interest, no hard credit check."
ad_3343,Klarna,25-34,1937,4160.77,Zero interest when you pay in 4.,Don't let tight budgets hold you back. Flexible payment options available now! No credit impact! Treat yourself now. Instant decision.
ad_3344,Afterpay,55-64,5154,4949.13,Split your purchase into 4 easy payments.,"Why wait until payday? Get the things you want now and split your payments. It's fast, easy, and risk-free. Smart budgeting for your family. No interest fees."
ad_3345,Zip,55-64,3400,3563.92,"Get it now, pay over time.","We help you buy what you want, when you want it. Download the app today."
ad_3346,Sezzle,25-34,25546,2305.75,"Get it now, pay over time.","Manage your cash flow better. Buy the essentials today and pay in small, manageable installments. No credit impact! Treat yourself now. Instant decision."
ad_3347,Zip,18-24,1657,292.99,Zero interest when you pay in 4.,"Shop your favorite brands and pay over 6 weeks. No interest, no hard credit check. No credit impact! Treat yourself now. Instant decision."
ad_3348,Afterpay,18-24,353,568.78,"Get it now, pay over time.","Shop your favorite brands and pay over 6 weeks. No interest, no hard credit check."
ad_3349,Zip,18-24,4069,4391.94,Split your purchase into 4 easy payments.,Don't let tight budgets hold you back. Flexible payment options available now!
ad_3350,Afterpay,18-24,4424,4183.87,"Buy Now, Pay Later with no hidden fees!","Shop your favorite brands and pay over 6 weeks. No interest, no hard credit check. No credit impact! Treat yourself now. Instant decision."
ad_3351,Klarna,18-24,652,4598.73,Don't wait! Buy today and pay later.,Don't let tight budgets hold you back. Flexible payment options available now!
ad_3352,Affirm,18-24,2286,4315.83,Unlock your purchasing power.,Instant approval! Just select our payment option at checkout. No credit impact! Treat yourself now. Instant decision.
ad_3353,Klarna,25-34,3999,2596.51,Don't wait! Buy today and pay later.,"Why wait until payday? Get the things you want now and split your payments. It's fast, easy, and risk-free. No credit impact! Treat yourself now. Instant decision."
ad_3354,Affirm,25-34,1587,2872.69,Don't wait! Buy today and pay later.,"We help you buy what you want, when you want it. Download the app today."
ad_3355,PayPal Pay Later,45-54,4221,1113.33,Split your purchase into 4 easy payments.,"We help you buy what you want, when you want it. Download the app today."
ad_3356,Afterpay,25-34,6253,638.57,"Get it now, pay over time.",Instant approval! Just select our payment option at checkout. No credit impact! Treat yourself now. Instant decision.
ad_3357,Zip,18-24,7980,4271.89,Unlock your purchasing power.,Instant approval! Just select our payment option at checkout. No credit impact! Treat yourself now. Instant decision.
ad_3358,Sezzle,18-24,5036,1831.17,Don't wait! Buy today and pay later.,Don't let tight budgets hold you back. Flexible payment options available now!
ad_3359,Affirm,65+,2266,4767.61,"Buy Now, Pay Later with no hidden fees!","We help you buy what you want, when you want it. Download the app today. Smart budgeting for your family. No interest fees."
ad_3360,Zip,25-34,2142,4716.11,Split your purchase into 4 easy payments.,"Manage your cash flow better. Buy the essentials today and pay in small, manageable installments."
ad_3361,PayPal Pay Later,25-34,979,1009.33,"Get it now, pay over time.","Why wait until payday? Get the things you want now and split your payments. It's fast, easy, and risk-free. No credit impact! Treat yourself now. Instant decision."
ad_3362,Afterpay,25-34,1167,1747.3,"Buy Now, Pay Later with no hidden fees!","Manage your cash flow better. Buy the essentials today and pay in small, manageable installments. No credit impact! Treat yourself now. Instant decision."
ad_3363,Affirm,18-24,788,727.75,Don't wait! Buy today and pay later.,"Shop your favorite brands and pay over 6 weeks. No interest, no hard credit check. No credit impact! Treat yourself now. Instant decision."
ad_3364,Affirm,35-44,3608,869.32,"Buy Now, Pay Later with no hidden fees!","We help you buy what you want, when you want it. Download the app today."
ad_3365,Afterpay,25-34,3318,2426.86,"Buy Now, Pay Later with no hidden fees!","Manage your cash flow better. Buy the essentials today and pay in small, manageable installments. No credit impact! Treat yourself now. Instant decision."
ad_3366,Affirm,25-34,1326,3413.26,Zero interest when you pay in 4.,Instant approval! Just select our payment option at checkout.
ad_3367,Zip,18-24,19968,2083.97,Don't wait! Buy today and pay later.,"Shop your favorite brands and pay over 6 weeks. No interest, no hard credit check. No credit impact! Treat yourself now. Instant decision."
ad_3368,PayPal Pay Later,18-24,1149,2735.09,Don't wait! Buy today and pay later.,Instant approval! Just select our payment option at checkout. No credit impact! Treat yourself now. Instant decision.
ad_3369,Sezzle,25-34,7550,2107.02,Unlock your purchasing power.,"Why wait until payday? Get the things you want now and split your payments. It's fast, easy, and risk-free. No credit impact! Treat yourself now. Instant decision."
ad_3370,Afterpay,25-34,1182,858.45,"Get it now, pay over time.","We help you buy what you want, when you want it. Download the app today."
ad_3371,Sezzle,35-44,3914,4215.18,Don't wait! Buy today and pay later.,"Manage your cash flow better. Buy the essentials today and pay in small, manageable installments."
ad_3372,PayPal Pay Later,55-64,1879,2223.57,"Get it now, pay over time.",Instant approval! Just select our payment option at checkout.
ad_3373,Sezzle,25-34,2252,4049.07,Zero interest when you pay in 4.,"Why wait until payday? Get the things you want now and split your payments. It's fast, easy, and risk-free. No credit impact! Treat yourself now. Instant decision."
ad_3374,Afterpay,18-24,2247,2858.33,"Get it now, pay over time.","Manage your cash flow better. Buy the essentials today and pay in small, manageable installments. No credit impact! Treat yourself now. Instant decision."
ad_3375,Affirm,25-34,3507,4131.08,Don't wait! Buy today and pay later.,"Manage your cash flow better. Buy the essentials today and pay in small, manageable installments. No credit impact! Treat yourself now. Instant decision."
ad_3376,Zip,18-24,9715,1028.15,Don't wait! Buy today and pay later.,Don't let tight budgets hold you back. Flexible payment options available now! No credit impact! Treat yourself now. Instant decision.
ad_3377,PayPal Pay Later,18-24,2857,877.81,Unlock your purchasing power.,"We help you buy what you want, when you want it. Download the app today. No credit impact! Treat yourself now. Instant decision."
ad_3378,Afterpay,18-24,706,3549.63,"Buy Now, Pay Later with no hidden fees!","Shop your favorite brands and pay over 6 weeks. No interest, no hard credit check. No credit impact! Treat yourself now. Instant decision."
ad_3379,PayPal Pay Later,35-44,2430,4544.97,"Buy Now, Pay Later with no hidden fees!",Don't let tight budgets hold you back. Flexible payment options available now! Smart budgeting for your family. No interest fees.
ad_3380,Sezzle,25-34,22693,4086.27,"Buy Now, Pay Later with no hidden fees!","Why wait until payday? Get the things you want now and split your payments. It's fast, easy, and risk-free. No credit impact! Treat yourself now. Instant decision."
ad_3381,Afterpay,18-24,1522,3399.99,"Get it now, pay over time.","Manage your cash flow better. Buy the essentials today and pay in small, manageable installments. No credit impact! Treat yourself now. Instant decision."
ad_3382,Klarna,25-34,1654,1823.7,Unlock your purchasing power.,"Manage your cash flow better. Buy the essentials today and pay in small, manageable installments. No credit impact! Treat yourself now. Instant decision."
ad_3383,Zip,18-24,1783,2384.63,Split your purchase into 4 easy payments.,Don't let tight budgets hold you back. Flexible payment options available now! No credit impact! Treat yourself now. Instant decision.
ad_3384,Klarna,25-34,5924,4310.93,"Get it now, pay over time.",Don't let tight budgets hold you back. Flexible payment options available now! No credit impact! Treat yourself now. Instant decision.
ad_3385,Affirm,65+,7475,4302.14,Split your purchase into 4 easy payments.,Instant approval! Just select our payment option at checkout. Smart budgeting for your family. No interest fees.
ad_3386,Zip,25-34,4047,1177.19,"Get it now, pay over time.",Don't let tight budgets hold you back. Flexible payment options available now! No credit impact! Treat yourself now. Instant decision.
ad_3387,Affirm,45-54,7303,1222.73,Zero interest when you pay in 4.,Don't let tight budgets hold you back. Flexible payment options available now! Smart budgeting for your family. No interest fees.
ad_3388,PayPal Pay Later,25-34,7906,4991.56,Don't wait! Buy today and pay later.,"Manage your cash flow better. Buy the essentials today and pay in small, manageable installments."
ad_3389,Afterpay,18-24,4359,454.08,Unlock your purchasing power.,"We help you buy what you want, when you want it. Download the app today. No credit impact! Treat yourself now. Instant decision."
ad_3390,Afterpay,25-34,1127,2409.27,"Get it now, pay over time.",Don't let tight budgets hold you back. Flexible payment options available now!
ad_3391,Zip,25-34,15175,2913.95,"Get it now, pay over time.","We help you buy what you want, when you want it. Download the app today. No credit impact! Treat yourself now. Instant decision."
ad_3392,Klarna,18-24,4602,3822.72,Zero interest when you pay in 4.,"Why wait until payday? Get the things you want now and split your payments. It's fast, easy, and risk-free. No credit impact! Treat yourself now. Instant decision."
ad_3393,Afterpay,18-24,1752,1701.09,Don't wait! Buy today and pay later.,"Manage your cash flow better. Buy the essentials today and pay in small, manageable installments. No credit impact! Treat yourself now. Instant decision."
ad_3394,Affirm,18-24,3690,1321.25,"Get it now, pay over time.","Why wait until payday? Get the things you want now and split your payments. It's fast, easy, and risk-free. No credit impact! Treat yourself now. Instant decision."
ad_3395,Affirm,45-54,1399,1995.54,"Get it now, pay over time.",Instant approval! Just select our payment option at checkout. Smart budgeting for your family. No interest fees.
ad_3396,Affirm,25-34,13254,4416.43,Zero interest when you pay in 4.,"Shop your favorite brands and pay over 6 weeks. No interest, no hard credit check. No credit impact! Treat yourself now. Instant decision."
ad_3397,Sezzle,55-64,6585,2004.46,Zero interest when you pay in 4.,"Shop your favorite brands and pay over 6 weeks. No interest, no hard credit check."
ad_3398,Sezzle,18-24,1081,226.33,Don't wait! Buy today and pay later.,Instant approval! Just select our payment option at checkout. No credit impact! Treat yourself now. Instant decision.
ad_3399,Klarna,25-34,1336,2608.51,Split your purchase into 4 easy payments.,"Why wait until payday? Get the things you want now and split your payments. It's fast, easy, and risk-free."
ad_3400,Afterpay,25-34,894,3920.87,"Get it now, pay over time.","Why wait until payday? Get the things you want now and split your payments. It's fast, easy, and risk-free. No credit impact! Treat yourself now. Instant decision."
ad_3401,Sezzle,18-24,12633,4107.71,Unlock your purchasing power.,"Shop your favorite brands and pay over 6 weeks. No interest, no hard credit check. No credit impact! Treat yourself now. Instant decision."
ad_3402,Affirm,18-24,4619,3299.53,Don't wait! Buy today and pay later.,Don't let tight budgets hold you back. Flexible payment options available now! No credit impact! Treat yourself now. Instant decision.
ad_3403,Sezzle,18-24,5014,3482.58,"Get it now, pay over time.","We help you buy what you want, when you want it. Download the app today. No credit impact! Treat yourself now. Instant decision."
ad_3404,Afterpay,25-34,608,2064.7,"Buy Now, Pay Later with no hidden fees!","We help you buy what you want, when you want it. Download the app today."
ad_3405,Afterpay,18-24,1250,4827.51,Unlock your purchasing power.,"Why wait until payday? Get the things you want now and split your payments. It's fast, easy, and risk-free. No credit impact! Treat yourself now. Instant decision."
ad_3406,Zip,18-24,7040,3788.42,Don't wait! Buy today and pay later.,Instant approval! Just select our payment option at checkout. No credit impact! Treat yourself now. Instant decision.
ad_3407,Sezzle,18-24,2221,4808.11,Unlock your purchasing power.,Instant approval! Just select our payment option at checkout. No credit impact! Treat yourself now. Instant decision.
ad_3408,Zip,18-24,121,434.84,"Buy Now, Pay Later with no hidden fees!","Shop your favorite brands and pay over 6 weeks. No interest, no hard credit check."
ad_3409,Zip,25-34,1287,783.48,Split your purchase into 4 easy payments.,"Manage your cash flow better. Buy the essentials today and pay in small, manageable installments."
ad_3410,Afterpay,18-24,1149,2287.78,"Buy Now, Pay Later with no hidden fees!","Why wait until payday? Get the things you want now and split your payments. It's fast, easy, and risk-free. No credit impact! Treat yourself now. Instant decision."
ad_3411,Afterpay,25-34,12396,4007.82,"Get it now, pay over time.","Manage your cash flow better. Buy the essentials today and pay in small, manageable installments. No credit impact! Treat yourself now. Instant decision."
ad_3412,Sezzle,18-24,2570,2296.02,Split your purchase into 4 easy payments.,"We help you buy what you want, when you want it. Download the app today. No credit impact! Treat yourself now. Instant decision."
ad_3413,Zip,18-24,16477,2000.11,"Buy Now, Pay Later with no hidden fees!","Manage your cash flow better. Buy the essentials today and pay in small, manageable installments. No credit impact! Treat yourself now. Instant decision."
ad_3414,Afterpay,25-34,7108,4686.73,Unlock your purchasing power.,"We help you buy what you want, when you want it. Download the app today."
ad_3415,Affirm,25-34,8667,2574.99,Unlock your purchasing power.,"Manage your cash flow better. Buy the essentials today and pay in small, manageable installments. No credit impact! Treat yourself now. Instant decision."
ad_3416,Klarna,55-64,3529,1815.95,"Buy Now, Pay Later with no hidden fees!","Shop your favorite brands and pay over 6 weeks. No interest, no hard credit check. Smart budgeting for your family. No interest fees."
ad_3417,PayPal Pay Later,25-34,2807,3165.85,Zero interest when you pay in 4.,"Manage your cash flow better. Buy the essentials today and pay in small, manageable installments. No credit impact! Treat yourself now. Instant decision."
ad_3418,Sezzle,25-34,4227,2652.65,"Buy Now, Pay Later with no hidden fees!",Instant approval! Just select our payment option at checkout.
ad_3419,PayPal Pay Later,45-54,2273,1558.44,"Get it now, pay over time.","Manage your cash flow better. Buy the essentials today and pay in small, manageable installments. Smart budgeting for your family. No interest fees."
ad_3420,Afterpay,18-24,17758,3142.94,Don't wait! Buy today and pay later.,Instant approval! Just select our payment option at checkout. No credit impact! Treat yourself now. Instant decision.
ad_3421,Klarna,25-34,6632,2983.45,Don't wait! Buy today and pay later.,Don't let tight budgets hold you back. Flexible payment options available now! No credit impact! Treat yourself now. Instant decision.
ad_3422,PayPal Pay Later,45-54,57893,1049.43,"Get it now, pay over time.",Don't let tight budgets hold you back. Flexible payment options available now! Smart budgeting for your family. No interest fees.
ad_3423,Zip,55-64,1933,4968.89,"Get it now, pay over time.","Manage your cash flow better. Buy the essentials today and pay in small, manageable installments. Smart budgeting for your family. No interest fees."
ad_3424,PayPal Pay Later,18-24,3454,2427.97,Don't wait! Buy today and pay later.,"We help you buy what you want, when you want it. Download the app today. No credit impact! Treat yourself now. Instant decision."
ad_3425,PayPal Pay Later,18-24,6878,2808.52,"Get it now, pay over time.","We help you buy what you want, when you want it. Download the app today."
ad_3426,Afterpay,18-24,1668,4607.53,Don't wait! Buy today and pay later.,"We help you buy what you want, when you want it. Download the app today. No credit impact! Treat yourself now. Instant decision."
ad_3427,PayPal Pay Later,35-44,1578,1815.04,Don't wait! Buy today and pay later.,"Why wait until payday? Get the things you want now and split your payments. It's fast, easy, and risk-free."
ad_3428,Klarna,35-44,4174,1933.2,Split your purchase into 4 easy payments.,"We help you buy what you want, when you want it. Download the app today. Smart budgeting for your family. No interest fees."
ad_3429,Klarna,18-24,8814,1449.77,"Buy Now, Pay Later with no hidden fees!",Don't let tight budgets hold you back. Flexible payment options available now!
ad_3430,Zip,35-44,340,1236.91,Unlock your purchasing power.,"We help you buy what you want, when you want it. Download the app today. Smart budgeting for your family. No interest fees."
ad_3431,Sezzle,65+,1146,2890.89,Don't wait! Buy today and pay later.,"We help you buy what you want, when you want it. Download the app today."
ad_3432,Zip,25-34,1750,4756.66,"Buy Now, Pay Later with no hidden fees!","Manage your cash flow better. Buy the essentials today and pay in small, manageable installments. No credit impact! Treat yourself now. Instant decision."
ad_3433,Klarna,25-34,3095,1042.57,"Get it now, pay over time.",Instant approval! Just select our payment option at checkout. No credit impact! Treat yourself now. Instant decision.
ad_3434,Sezzle,18-24,1255,1600.97,Split your purchase into 4 easy payments.,"Shop your favorite brands and pay over 6 weeks. No interest, no hard credit check. No credit impact! Treat yourself now. Instant decision."
ad_3435,Klarna,25-34,3918,471.81,Split your purchase into 4 easy payments.,Don't let tight budgets hold you back. Flexible payment options available now! No credit impact! Treat yourself now. Instant decision.
ad_3436,PayPal Pay Later,18-24,2532,4579.95,Zero interest when you pay in 4.,"Why wait until payday? Get the things you want now and split your payments. It's fast, easy, and risk-free. No credit impact! Treat yourself now. Instant decision."
ad_3437,PayPal Pay Later,25-34,1253,3217.99,Don't wait! Buy today and pay later.,"Shop your favorite brands and pay over 6 weeks. No interest, no hard credit check."
ad_3438,PayPal Pay Later,25-34,734,3074.05,Unlock your purchasing power.,"Shop your favorite brands and pay over 6 weeks. No interest, no hard credit check. No credit impact! Treat yourself now. Instant decision."
ad_3439,Affirm,25-34,3227,2188.07,Zero interest when you pay in 4.,"Why wait until payday? Get the things you want now and split your payments. It's fast, easy, and risk-free."
ad_3440,Sezzle,18-24,2261,616.38,Unlock your purchasing power.,"We help you buy what you want, when you want it. Download the app today. No credit impact! Treat yourself now. Instant decision."
ad_3441,Sezzle,18-24,1512,1899.41,Don't wait! Buy today and pay later.,"Shop your favorite brands and pay over 6 weeks. No interest, no hard credit check. No credit impact! Treat yourself now. Instant decision."
ad_3442,PayPal Pay Later,25-34,4877,2191.19,Zero interest when you pay in 4.,"We help you buy what you want, when you want it. Download the app today."
ad_3443,Klarna,25-34,3983,114.95,"Get it now, pay over time.","We help you buy what you want, when you want it. Download the app today. No credit impact! Treat yourself now. Instant decision."
ad_3444,Zip,25-34,6824,248.3,Zero interest when you pay in 4.,"Shop your favorite brands and pay over 6 weeks. No interest, no hard credit check. No credit impact! Treat yourself now. Instant decision."
ad_3445,Zip,25-34,7084,4918.81,Don't wait! Buy today and pay later.,"We help you buy what you want, when you want it. Download the app today."
ad_3446,Zip,25-34,17992,2860.42,Don't wait! Buy today and pay later.,Don't let tight budgets hold you back. Flexible payment options available now!
ad_3447,Affirm,18-24,1577,1917.56,Zero interest when you pay in 4.,"Manage your cash flow better. Buy the essentials today and pay in small, manageable installments. No credit impact! Treat yourself now. Instant decision."
ad_3448,PayPal Pay Later,35-44,3358,3016.23,Unlock your purchasing power.,"Why wait until payday? Get the things you want now and split your payments. It's fast, easy, and risk-free."
ad_3449,Sezzle,35-44,2910,863.17,Unlock your purchasing power.,Instant approval! Just select our payment option at checkout. Smart budgeting for your family. No interest fees.
ad_3450,Affirm,18-24,4599,2825.18,"Buy Now, Pay Later with no hidden fees!","We help you buy what you want, when you want it. Download the app today. No credit impact! Treat yourself now. Instant decision."
ad_3451,Afterpay,25-34,659,2273.2,Don't wait! Buy today and pay later.,Instant approval! Just select our payment option at checkout. No credit impact! Treat yourself now. Instant decision.
ad_3452,Zip,25-34,864,1002.96,Unlock your purchasing power.,"Why wait until payday? Get the things you want now and split your payments. It's fast, easy, and risk-free."
ad_3453,Sezzle,25-34,11570,2774.17,Unlock your purchasing power.,Instant approval! Just select our payment option at checkout. No credit impact! Treat yourself now. Instant decision.
ad_3454,Klarna,25-34,8673,1176.43,Split your purchase into 4 easy payments.,"We help you buy what you want, when you want it. Download the app today. No credit impact! Treat yourself now. Instant decision."
ad_3455,Klarna,18-24,5431,168.33,Unlock your purchasing power.,Don't let tight budgets hold you back. Flexible payment options available now! No credit impact! Treat yourself now. Instant decision.
ad_3456,Afterpay,18-24,7788,4270.48,Split your purchase into 4 easy payments.,"Manage your cash flow better. Buy the essentials today and pay in small, manageable installments."
ad_3457,Sezzle,25-34,4895,3881.2,Don't wait! Buy today and pay later.,"We help you buy what you want, when you want it. Download the app today. No credit impact! Treat yourself now. Instant decision."
ad_3458,Sezzle,18-24,13725,1629.74,Don't wait! Buy today and pay later.,"Manage your cash flow better. Buy the essentials today and pay in small, manageable installments. No credit impact! Treat yourself now. Instant decision."
ad_3459,Sezzle,18-24,5271,873.5,Unlock your purchasing power.,"Shop your favorite brands and pay over 6 weeks. No interest, no hard credit check. No credit impact! Treat yourself now. Instant decision."
ad_3460,Zip,65+,792,3896.86,"Get it now, pay over time.","Why wait until payday? Get the things you want now and split your payments. It's fast, easy, and risk-free. Smart budgeting for your family. No interest fees."
ad_3461,Affirm,25-34,2334,537.65,Don't wait! Buy today and pay later.,"Manage your cash flow better. Buy the essentials today and pay in small, manageable installments. No credit impact! Treat yourself now. Instant decision."
ad_3462,Afterpay,18-24,1943,4163.71,"Get it now, pay over time.",Don't let tight budgets hold you back. Flexible payment options available now! No credit impact! Treat yourself now. Instant decision.
ad_3463,Sezzle,25-34,22091,2177.96,Split your purchase into 4 easy payments.,"We help you buy what you want, when you want it. Download the app today."
ad_3464,Affirm,25-34,1822,4700.2,Zero interest when you pay in 4.,"We help you buy what you want, when you want it. Download the app today."
ad_3465,Afterpay,25-34,2362,672.7,"Get it now, pay over time.","Shop your favorite brands and pay over 6 weeks. No interest, no hard credit check. No credit impact! Treat yourself now. Instant decision."
ad_3466,Affirm,18-24,18110,3922.03,Split your purchase into 4 easy payments.,"Manage your cash flow better. Buy the essentials today and pay in small, manageable installments."
ad_3467,Afterpay,18-24,901,1763.34,Zero interest when you pay in 4.,"Shop your favorite brands and pay over 6 weeks. No interest, no hard credit check. No credit impact! Treat yourself now. Instant decision."
ad_3468,Affirm,55-64,2012,2404.07,Zero interest when you pay in 4.,"Why wait until payday? Get the things you want now and split your payments. It's fast, easy, and risk-free. Smart budgeting for your family. No interest fees."
ad_3469,Afterpay,25-34,2380,4113.12,Unlock your purchasing power.,Don't let tight budgets hold you back. Flexible payment options available now! No credit impact! Treat yourself now. Instant decision.
ad_3470,Afterpay,18-24,2713,1890.9,Unlock your purchasing power.,Don't let tight budgets hold you back. Flexible payment options available now! No credit impact! Treat yourself now. Instant decision.
ad_3471,Affirm,18-24,6652,4790.14,Split your purchase into 4 easy payments.,"Manage your cash flow better. Buy the essentials today and pay in small, manageable installments. No credit impact! Treat yourself now. Instant decision."
ad_3472,Klarna,25-34,1898,4358.12,Unlock your purchasing power.,"Why wait until payday? Get the things you want now and split your payments. It's fast, easy, and risk-free."
ad_3473,Affirm,25-34,1942,3650.4,Zero interest when you pay in 4.,Instant approval! Just select our payment option at checkout. No credit impact! Treat yourself now. Instant decision.
ad_3474,Affirm,18-24,2693,1106.57,Don't wait! Buy today and pay later.,Instant approval! Just select our payment option at checkout.
ad_3475,Klarna,18-24,9315,4994.77,Don't wait! Buy today and pay later.,"Manage your cash flow better. Buy the essentials today and pay in small, manageable installments. No credit impact! Treat yourself now. Instant decision."
ad_3476,Affirm,35-44,877,1151.11,Unlock your purchasing power.,"Why wait until payday? Get the things you want now and split your payments. It's fast, easy, and risk-free."
ad_3477,Afterpay,45-54,1329,1191.71,"Get it now, pay over time.",Instant approval! Just select our payment option at checkout.
ad_3478,Zip,25-34,2996,1850.97,"Buy Now, Pay Later with no hidden fees!","Manage your cash flow better. Buy the essentials today and pay in small, manageable installments. No credit impact! Treat yourself now. Instant decision."
ad_3479,Klarna,55-64,13727,3852.05,"Get it now, pay over time.","Manage your cash flow better. Buy the essentials today and pay in small, manageable installments. Smart budgeting for your family. No interest fees."
ad_3480,Affirm,25-34,1552,4060.13,Split your purchase into 4 easy payments.,"Why wait until payday? Get the things you want now and split your payments. It's fast, easy, and risk-free. No credit impact! Treat yourself now. Instant decision."
ad_3481,Afterpay,18-24,30258,199.87,Unlock your purchasing power.,"Why wait until payday? Get the things you want now and split your payments. It's fast, easy, and risk-free."
ad_3482,Afterpay,55-64,1198,4450.31,Unlock your purchasing power.,"We help you buy what you want, when you want it. Download the app today. Smart budgeting for your family. No interest fees."
ad_3483,Affirm,18-24,1192,3157.4,Split your purchase into 4 easy payments.,"We help you buy what you want, when you want it. Download the app today. No credit impact! Treat yourself now. Instant decision."
ad_3484,Sezzle,18-24,708,570.68,"Buy Now, Pay Later with no hidden fees!","We help you buy what you want, when you want it. Download the app today. No credit impact! Treat yourself now. Instant decision."
ad_3485,Sezzle,55-64,11248,1634.02,"Get it now, pay over time.",Don't let tight budgets hold you back. Flexible payment options available now! Smart budgeting for your family. No interest fees.
ad_3486,Klarna,18-24,19197,719.73,Don't wait! Buy today and pay later.,"Why wait until payday? Get the things you want now and split your payments. It's fast, easy, and risk-free. No credit impact! Treat yourself now. Instant decision."
ad_3487,Afterpay,65+,8779,4163.23,"Get it now, pay over time.","Why wait until payday? Get the things you want now and split your payments. It's fast, easy, and risk-free. Smart budgeting for your family. No interest fees."
ad_3488,Afterpay,25-34,3106,1922.85,Zero interest when you pay in 4.,Don't let tight budgets hold you back. Flexible payment options available now!
ad_3489,Zip,18-24,5192,3694.38,Split your purchase into 4 easy payments.,Don't let tight budgets hold you back. Flexible payment options available now! No credit impact! Treat yourself now. Instant decision.
ad_3490,Affirm,45-54,19620,463.21,Zero interest when you pay in 4.,"Manage your cash flow better. Buy the essentials today and pay in small, manageable installments."
ad_3491,Klarna,18-24,4235,3454.02,"Get it now, pay over time.",Don't let tight budgets hold you back. Flexible payment options available now! No credit impact! Treat yourself now. Instant decision.
ad_3492,PayPal Pay Later,25-34,3652,3263.02,Unlock your purchasing power.,"Manage your cash flow better. Buy the essentials today and pay in small, manageable installments. No credit impact! Treat yourself now. Instant decision."
ad_3493,Zip,18-24,9200,4292.09,"Get it now, pay over time.",Instant approval! Just select our payment option at checkout. No credit impact! Treat yourself now. Instant decision.
ad_3494,Afterpay,55-64,2757,4163.48,Zero interest when you pay in 4.,Don't let tight budgets hold you back. Flexible payment options available now!
ad_3495,Klarna,25-34,3336,471.58,Don't wait! Buy today and pay later.,"Manage your cash flow better. Buy the essentials today and pay in small, manageable installments."
ad_3496,Sezzle,25-34,3882,1717.8,Don't wait! Buy today and pay later.,"Shop your favorite brands and pay over 6 weeks. No interest, no hard credit check."
ad_3497,Afterpay,18-24,1857,3839.79,"Get it now, pay over time.","Why wait until payday? Get the things you want now and split your payments. It's fast, easy, and risk-free. No credit impact! Treat yourself now. Instant decision."
ad_3498,Sezzle,25-34,1830,3836.07,"Buy Now, Pay Later with no hidden fees!",Don't let tight budgets hold you back. Flexible payment options available now! No credit impact! Treat yourself now. Instant decision.
ad_3499,Affirm,18-24,6169,3602.58,Split your purchase into 4 easy payments.,"Manage your cash flow better. Buy the essentials today and pay in small, manageable installments. No credit impact! Treat yourself now. Instant decision."
ad_3500,Sezzle,18-24,3223,3993.92,Zero interest when you pay in 4.,"We help you buy what you want, when you want it. Download the app today."
ad_3501,Zip,55-64,2058,3530.16,Unlock your purchasing power.,"Manage your cash flow better. Buy the essentials today and pay in small, manageable installments. Smart budgeting for your family. No interest fees."
ad_3502,Affirm,25-34,3817,3104.42,Split your purchase into 4 easy payments.,"We help you buy what you want, when you want it. Download the app today. No credit impact! Treat yourself now. Instant decision."
ad_3503,Afterpay,45-54,2206,4849.82,"Buy Now, Pay Later with no hidden fees!","Why wait until payday? Get the things you want now and split your payments. It's fast, easy, and risk-free."
ad_3504,Affirm,18-24,10121,2209.52,Don't wait! Buy today and pay later.,"Shop your favorite brands and pay over 6 weeks. No interest, no hard credit check. No credit impact! Treat yourself now. Instant decision."
ad_3505,Klarna,25-34,3172,1346.45,Zero interest when you pay in 4.,Instant approval! Just select our payment option at checkout. No credit impact! Treat yourself now. Instant decision.
ad_3506,Klarna,25-34,9100,186.7,Unlock your purchasing power.,"Shop your favorite brands and pay over 6 weeks. No interest, no hard credit check. No credit impact! Treat yourself now. Instant decision."
ad_3507,Sezzle,18-24,5451,3881.11,Zero interest when you pay in 4.,Instant approval! Just select our payment option at checkout.
ad_3508,Sezzle,65+,889,1056.36,"Get it now, pay over time.","We help you buy what you want, when you want it. Download the app today. Smart budgeting for your family. No interest fees."
ad_3509,Affirm,18-24,6946,3347.86,Don't wait! Buy today and pay later.,"Manage your cash flow better. Buy the essentials today and pay in small, manageable installments."
ad_3510,Sezzle,25-34,16665,3860.8,Don't wait! Buy today and pay later.,Don't let tight budgets hold you back. Flexible payment options available now! No credit impact! Treat yourself now. Instant decision.
ad_3511,PayPal Pay Later,18-24,833,2083.37,Unlock your purchasing power.,"We help you buy what you want, when you want it. Download the app today. No credit impact! Treat yourself now. Instant decision."
ad_3512,Klarna,35-44,12111,2160.36,"Get it now, pay over time.",Don't let tight budgets hold you back. Flexible payment options available now! Smart budgeting for your family. No interest fees.
ad_3513,Sezzle,18-24,2828,1201.34,"Buy Now, Pay Later with no hidden fees!",Don't let tight budgets hold you back. Flexible payment options available now! No credit impact! Treat yourself now. Instant decision.
ad_3514,Klarna,35-44,30303,4232.21,Don't wait! Buy today and pay later.,"Manage your cash flow better. Buy the essentials today and pay in small, manageable installments. Smart budgeting for your family. No interest fees."
ad_3515,Afterpay,18-24,1119,995.3,Split your purchase into 4 easy payments.,Don't let tight budgets hold you back. Flexible payment options available now! No credit impact! Treat yourself now. Instant decision.
ad_3516,Klarna,65+,2234,4672.37,Zero interest when you pay in 4.,Instant approval! Just select our payment option at checkout.
ad_3517,Afterpay,45-54,1021,1499.88,Zero interest when you pay in 4.,"Shop your favorite brands and pay over 6 weeks. No interest, no hard credit check. Smart budgeting for your family. No interest fees."
ad_3518,PayPal Pay Later,18-24,18052,1395.83,Unlock your purchasing power.,Don't let tight budgets hold you back. Flexible payment options available now! No credit impact! Treat yourself now. Instant decision.
ad_3519,PayPal Pay Later,18-24,4519,721.9,"Get it now, pay over time.","Manage your cash flow better. Buy the essentials today and pay in small, manageable installments. No credit impact! Treat yourself now. Instant decision."
ad_3520,Klarna,25-34,2321,4561.35,Split your purchase into 4 easy payments.,Instant approval! Just select our payment option at checkout. No credit impact! Treat yourself now. Instant decision.
ad_3521,PayPal Pay Later,25-34,1498,3424.32,Don't wait! Buy today and pay later.,"We help you buy what you want, when you want it. Download the app today. No credit impact! Treat yourself now. Instant decision."
ad_3522,Afterpay,18-24,1122,4412.0,Unlock your purchasing power.,Instant approval! Just select our payment option at checkout. No credit impact! Treat yourself now. Instant decision.
ad_3523,Sezzle,25-34,2118,2559.87,"Buy Now, Pay Later with no hidden fees!","We help you buy what you want, when you want it. Download the app today. No credit impact! Treat yourself now. Instant decision."
ad_3524,PayPal Pay Later,18-24,1401,3525.46,"Buy Now, Pay Later with no hidden fees!","Manage your cash flow better. Buy the essentials today and pay in small, manageable installments. No credit impact! Treat yourself now. Instant decision."
ad_3525,Klarna,25-34,4911,3595.3,"Get it now, pay over time.","We help you buy what you want, when you want it. Download the app today."
ad_3526,Afterpay,25-34,1490,3609.86,Split your purchase into 4 easy payments.,Instant approval! Just select our payment option at checkout. No credit impact! Treat yourself now. Instant decision.
ad_3527,Zip,18-24,5305,2359.9,Split your purchase into 4 easy payments.,Instant approval! Just select our payment option at checkout. No credit impact! Treat yourself now. Instant decision.
ad_3528,Sezzle,35-44,3937,340.22,Don't wait! Buy today and pay later.,"Shop your favorite brands and pay over 6 weeks. No interest, no hard credit check. Smart budgeting for your family. No interest fees."
ad_3529,Afterpay,18-24,3482,764.3,"Get it now, pay over time.","Shop your favorite brands and pay over 6 weeks. No interest, no hard credit check. No credit impact! Treat yourself now. Instant decision."
ad_3530,PayPal Pay Later,25-34,2863,2301.84,"Buy Now, Pay Later with no hidden fees!",Instant approval! Just select our payment option at checkout. No credit impact! Treat yourself now. Instant decision.
ad_3531,Afterpay,45-54,259,1078.26,Unlock your purchasing power.,"Shop your favorite brands and pay over 6 weeks. No interest, no hard credit check."
ad_3532,Sezzle,35-44,2620,4569.28,"Get it now, pay over time.",Don't let tight budgets hold you back. Flexible payment options available now! Smart budgeting for your family. No interest fees.
ad_3533,Affirm,25-34,35853,3138.94,Zero interest when you pay in 4.,"Manage your cash flow better. Buy the essentials today and pay in small, manageable installments. No credit impact! Treat yourself now. Instant decision."
ad_3534,Klarna,55-64,1744,1100.04,Zero interest when you pay in 4.,Don't let tight budgets hold you back. Flexible payment options available now!
ad_3535,Affirm,45-54,4105,1554.11,Zero interest when you pay in 4.,Don't let tight budgets hold you back. Flexible payment options available now! Smart budgeting for your family. No interest fees.
ad_3536,Affirm,18-24,6941,2613.05,Zero interest when you pay in 4.,"Shop your favorite brands and pay over 6 weeks. No interest, no hard credit check."
ad_3537,Affirm,35-44,6935,2466.01,"Get it now, pay over time.","Shop your favorite brands and pay over 6 weeks. No interest, no hard credit check. Smart budgeting for your family. No interest fees."
ad_3538,Zip,45-54,2744,1157.72,"Buy Now, Pay Later with no hidden fees!",Don't let tight budgets hold you back. Flexible payment options available now! Smart budgeting for your family. No interest fees.
ad_3539,Sezzle,55-64,2220,3895.56,Unlock your purchasing power.,Don't let tight budgets hold you back. Flexible payment options available now!
ad_3540,Afterpay,35-44,5150,4807.57,Split your purchase into 4 easy payments.,Don't let tight budgets hold you back. Flexible payment options available now!
ad_3541,Affirm,25-34,12515,2665.57,Split your purchase into 4 easy payments.,"Why wait until payday? Get the things you want now and split your payments. It's fast, easy, and risk-free. No credit impact! Treat yourself now. Instant decision."
ad_3542,Klarna,25-34,2735,4956.77,Don't wait! Buy today and pay later.,"Manage your cash flow better. Buy the essentials today and pay in small, manageable installments. No credit impact! Treat yourself now. Instant decision."
ad_3543,PayPal Pay Later,18-24,3883,2553.87,Unlock your purchasing power.,Don't let tight budgets hold you back. Flexible payment options available now!
ad_3544,Afterpay,25-34,1759,3622.21,Split your purchase into 4 easy payments.,Don't let tight budgets hold you back. Flexible payment options available now! No credit impact! Treat yourself now. Instant decision.
ad_3545,Sezzle,35-44,4842,4953.84,Don't wait! Buy today and pay later.,"We help you buy what you want, when you want it. Download the app today. Smart budgeting for your family. No interest fees."
ad_3546,Klarna,25-34,4545,1734.37,Don't wait! Buy today and pay later.,Instant approval! Just select our payment option at checkout. No credit impact! Treat yourself now. Instant decision.
ad_3547,Afterpay,25-34,5204,1830.83,Zero interest when you pay in 4.,Don't let tight budgets hold you back. Flexible payment options available now!
ad_3548,PayPal Pay Later,45-54,387,3859.24,Don't wait! Buy today and pay later.,"Why wait until payday? Get the things you want now and split your payments. It's fast, easy, and risk-free."
ad_3549,Sezzle,55-64,4651,2331.36,"Buy Now, Pay Later with no hidden fees!","Manage your cash flow better. Buy the essentials today and pay in small, manageable installments. Smart budgeting for your family. No interest fees."
ad_3550,Affirm,18-24,4534,4918.26,Don't wait! Buy today and pay later.,"We help you buy what you want, when you want it. Download the app today. No credit impact! Treat yourself now. Instant decision."
ad_3551,Sezzle,18-24,2628,1718.58,Unlock your purchasing power.,Don't let tight budgets hold you back. Flexible payment options available now! No credit impact! Treat yourself now. Instant decision.
ad_3552,Sezzle,35-44,3038,4245.28,Don't wait! Buy today and pay later.,"Manage your cash flow better. Buy the essentials today and pay in small, manageable installments."
ad_3553,Affirm,25-34,653,3642.4,Don't wait! Buy today and pay later.,Instant approval! Just select our payment option at checkout. No credit impact! Treat yourself now. Instant decision.
ad_3554,PayPal Pay Later,25-34,4542,1970.28,"Get it now, pay over time.",Instant approval! Just select our payment option at checkout. No credit impact! Treat yourself now. Instant decision.
ad_3555,Zip,25-34,2379,4975.4,Unlock your purchasing power.,"Why wait until payday? Get the things you want now and split your payments. It's fast, easy, and risk-free."
ad_3556,Afterpay,45-54,19952,2354.3,"Get it now, pay over time.",Instant approval! Just select our payment option at checkout.
ad_3557,Klarna,55-64,1750,3082.08,Don't wait! Buy today and pay later.,"Why wait until payday? Get the things you want now and split your payments. It's fast, easy, and risk-free. Smart budgeting for your family. No interest fees."
ad_3558,PayPal Pay Later,25-34,1889,4539.21,Unlock your purchasing power.,"We help you buy what you want, when you want it. Download the app today. No credit impact! Treat yourself now. Instant decision."
ad_3559,Klarna,18-24,4154,1373.85,Zero interest when you pay in 4.,"We help you buy what you want, when you want it. Download the app today."
ad_3560,Sezzle,25-34,10576,4226.01,Zero interest when you pay in 4.,Don't let tight budgets hold you back. Flexible payment options available now!
ad_3561,Sezzle,55-64,1072,4588.0,Unlock your purchasing power.,"We help you buy what you want, when you want it. Download the app today."
ad_3562,Afterpay,18-24,5669,4119.62,Unlock your purchasing power.,"Manage your cash flow better. Buy the essentials today and pay in small, manageable installments."
ad_3563,Klarna,18-24,5377,3729.64,"Get it now, pay over time.",Don't let tight budgets hold you back. Flexible payment options available now! No credit impact! Treat yourself now. Instant decision.
ad_3564,Afterpay,18-24,21562,3897.28,"Buy Now, Pay Later with no hidden fees!",Instant approval! Just select our payment option at checkout. No credit impact! Treat yourself now. Instant decision.
ad_3565,Sezzle,18-24,742,2377.55,"Get it now, pay over time.","Why wait until payday? Get the things you want now and split your payments. It's fast, easy, and risk-free."
ad_3566,Affirm,45-54,10761,2165.04,Zero interest when you pay in 4.,"Shop your favorite brands and pay over 6 weeks. No interest, no hard credit check. Smart budgeting for your family. No interest fees."
ad_3567,Zip,65+,3124,1318.89,Zero interest when you pay in 4.,"Manage your cash flow better. Buy the essentials today and pay in small, manageable installments. Smart budgeting for your family. No interest fees."
ad_3568,Sezzle,18-24,45294,4490.16,Zero interest when you pay in 4.,"Manage your cash flow better. Buy the essentials today and pay in small, manageable installments. No credit impact! Treat yourself now. Instant decision."
ad_3569,PayPal Pay Later,18-24,1958,1345.86,Zero interest when you pay in 4.,"We help you buy what you want, when you want it. Download the app today. No credit impact! Treat yourself now. Instant decision."
ad_3570,Zip,45-54,133,914.46,Unlock your purchasing power.,Don't let tight budgets hold you back. Flexible payment options available now!
ad_3571,Klarna,18-24,4184,1359.36,"Get it now, pay over time.","Why wait until payday? Get the things you want now and split your payments. It's fast, easy, and risk-free."
ad_3572,Klarna,45-54,511,4406.38,Don't wait! Buy today and pay later.,Don't let tight budgets hold you back. Flexible payment options available now! Smart budgeting for your family. No interest fees.
ad_3573,Klarna,18-24,3944,3649.51,"Get it now, pay over time.","Manage your cash flow better. Buy the essentials today and pay in small, manageable installments. No credit impact! Treat yourself now. Instant decision."
ad_3574,PayPal Pay Later,45-54,21123,4354.6,Split your purchase into 4 easy payments.,"We help you buy what you want, when you want it. Download the app today."
ad_3575,Zip,45-54,6963,203.6,Split your purchase into 4 easy payments.,"Why wait until payday? Get the things you want now and split your payments. It's fast, easy, and risk-free. Smart budgeting for your family. No interest fees."
ad_3576,Affirm,25-34,10950,845.04,Split your purchase into 4 easy payments.,Instant approval! Just select our payment option at checkout. No credit impact! Treat yourself now. Instant decision.
ad_3577,Affirm,55-64,1754,2714.19,Unlock your purchasing power.,Instant approval! Just select our payment option at checkout.
ad_3578,PayPal Pay Later,18-24,4689,973.18,Don't wait! Buy today and pay later.,"Manage your cash flow better. Buy the essentials today and pay in small, manageable installments. No credit impact! Treat yourself now. Instant decision."
ad_3579,Klarna,18-24,1562,2781.3,"Get it now, pay over time.","Why wait until payday? Get the things you want now and split your payments. It's fast, easy, and risk-free. No credit impact! Treat yourself now. Instant decision."
ad_3580,PayPal Pay Later,18-24,1805,75.08,Zero interest when you pay in 4.,"We help you buy what you want, when you want it. Download the app today. No credit impact! Treat yourself now. Instant decision."
ad_3581,Affirm,18-24,2335,3872.14,Zero interest when you pay in 4.,"Shop your favorite brands and pay over 6 weeks. No interest, no hard credit check."
ad_3582,Sezzle,25-34,2083,2515.05,"Buy Now, Pay Later with no hidden fees!","Why wait until payday? Get the things you want now and split your payments. It's fast, easy, and risk-free. No credit impact! Treat yourself now. Instant decision."
ad_3583,PayPal Pay Later,25-34,448,3243.17,Split your purchase into 4 easy payments.,Instant approval! Just select our payment option at checkout. No credit impact! Treat yourself now. Instant decision.
ad_3584,PayPal Pay Later,25-34,2594,4613.24,Unlock your purchasing power.,"Why wait until payday? Get the things you want now and split your payments. It's fast, easy, and risk-free."
ad_3585,Klarna,18-24,321,4745.49,Don't wait! Buy today and pay later.,"Shop your favorite brands and pay over 6 weeks. No interest, no hard credit check."
ad_3586,PayPal Pay Later,18-24,34063,4999.36,Zero interest when you pay in 4.,Don't let tight budgets hold you back. Flexible payment options available now!
ad_3587,Sezzle,25-34,784,2851.15,"Get it now, pay over time.","We help you buy what you want, when you want it. Download the app today. No credit impact! Treat yourself now. Instant decision."
ad_3588,PayPal Pay Later,65+,1410,3428.76,Zero interest when you pay in 4.,Don't let tight budgets hold you back. Flexible payment options available now!
ad_3589,Sezzle,18-24,2767,3710.44,"Get it now, pay over time.","Manage your cash flow better. Buy the essentials today and pay in small, manageable installments."
ad_3590,Klarna,25-34,3002,2008.57,"Get it now, pay over time.","Manage your cash flow better. Buy the essentials today and pay in small, manageable installments. No credit impact! Treat yourself now. Instant decision."
ad_3591,Klarna,35-44,2498,3618.73,"Get it now, pay over time.","Manage your cash flow better. Buy the essentials today and pay in small, manageable installments. Smart budgeting for your family. No interest fees."
ad_3592,Zip,45-54,6702,1035.56,Don't wait! Buy today and pay later.,"Manage your cash flow better. Buy the essentials today and pay in small, manageable installments. Smart budgeting for your family. No interest fees."
ad_3593,PayPal Pay Later,18-24,3017,1230.71,Zero interest when you pay in 4.,"We help you buy what you want, when you want it. Download the app today."
ad_3594,Sezzle,25-34,4619,2175.01,"Get it now, pay over time.","Shop your favorite brands and pay over 6 weeks. No interest, no hard credit check."
ad_3595,Affirm,45-54,2292,3201.31,Split your purchase into 4 easy payments.,"We help you buy what you want, when you want it. Download the app today. Smart budgeting for your family. No interest fees."
ad_3596,PayPal Pay Later,25-34,3585,2433.73,Split your purchase into 4 easy payments.,Instant approval! Just select our payment option at checkout.
ad_3597,Afterpay,18-24,690,1256.41,Zero interest when you pay in 4.,"Manage your cash flow better. Buy the essentials today and pay in small, manageable installments."
ad_3598,Zip,18-24,2598,1901.82,Don't wait! Buy today and pay later.,Instant approval! Just select our payment option at checkout.
ad_3599,Klarna,25-34,3353,1149.12,Unlock your purchasing power.,"Why wait until payday? Get the things you want now and split your payments. It's fast, easy, and risk-free."
ad_3600,Affirm,18-24,6432,4024.1,Unlock your purchasing power.,Instant approval! Just select our payment option at checkout. No credit impact! Treat yourself now. Instant decision.
ad_3601,Afterpay,18-24,4487,2786.12,"Get it now, pay over time.","Manage your cash flow better. Buy the essentials today and pay in small, manageable installments. No credit impact! Treat yourself now. Instant decision."
ad_3602,Sezzle,18-24,2142,3644.6,Unlock your purchasing power.,"We help you buy what you want, when you want it. Download the app today. No credit impact! Treat yourself now. Instant decision."
ad_3603,Afterpay,35-44,14114,3620.28,"Get it now, pay over time.",Instant approval! Just select our payment option at checkout. Smart budgeting for your family. No interest fees.
ad_3604,PayPal Pay Later,18-24,1933,651.01,Unlock your purchasing power.,Instant approval! Just select our payment option at checkout. No credit impact! Treat yourself now. Instant decision.
ad_3605,Klarna,18-24,697,1010.2,Don't wait! Buy today and pay later.,"Manage your cash flow better. Buy the essentials today and pay in small, manageable installments. No credit impact! Treat yourself now. Instant decision."
ad_3606,Sezzle,25-34,532,3331.99,Split your purchase into 4 easy payments.,"Manage your cash flow better. Buy the essentials today and pay in small, manageable installments."
ad_3607,Zip,18-24,3351,1672.54,Don't wait! Buy today and pay later.,Instant approval! Just select our payment option at checkout. No credit impact! Treat yourself now. Instant decision.
ad_3608,Sezzle,25-34,1100,942.16,Don't wait! Buy today and pay later.,"We help you buy what you want, when you want it. Download the app today."
ad_3609,Klarna,18-24,10119,2070.42,Zero interest when you pay in 4.,"We help you buy what you want, when you want it. Download the app today. No credit impact! Treat yourself now. Instant decision."
ad_3610,PayPal Pay Later,18-24,1236,3539.88,Zero interest when you pay in 4.,"Shop your favorite brands and pay over 6 weeks. No interest, no hard credit check. No credit impact! Treat yourself now. Instant decision."
ad_3611,Sezzle,65+,7556,3384.59,"Buy Now, Pay Later with no hidden fees!","Manage your cash flow better. Buy the essentials today and pay in small, manageable installments. Smart budgeting for your family. No interest fees."
ad_3612,Affirm,18-24,3202,198.86,Don't wait! Buy today and pay later.,Instant approval! Just select our payment option at checkout. No credit impact! Treat yourself now. Instant decision.
ad_3613,PayPal Pay Later,18-24,25650,984.26,Zero interest when you pay in 4.,Instant approval! Just select our payment option at checkout. No credit impact! Treat yourself now. Instant decision.
ad_3614,Afterpay,18-24,8458,509.08,"Buy Now, Pay Later with no hidden fees!","Manage your cash flow better. Buy the essentials today and pay in small, manageable installments. No credit impact! Treat yourself now. Instant decision."
ad_3615,Affirm,18-24,9478,4779.54,"Buy Now, Pay Later with no hidden fees!","We help you buy what you want, when you want it. Download the app today. No credit impact! Treat yourself now. Instant decision."
ad_3616,Zip,45-54,14561,1116.34,"Get it now, pay over time.",Don't let tight budgets hold you back. Flexible payment options available now!
ad_3617,Affirm,45-54,3096,2669.73,Zero interest when you pay in 4.,"Shop your favorite brands and pay over 6 weeks. No interest, no hard credit check. Smart budgeting for your family. No interest fees."
ad_3618,PayPal Pay Later,35-44,2024,1150.81,Unlock your purchasing power.,"We help you buy what you want, when you want it. Download the app today."
ad_3619,Zip,18-24,4102,3356.9,Split your purchase into 4 easy payments.,Instant approval! Just select our payment option at checkout.
ad_3620,Zip,45-54,4128,1742.23,Split your purchase into 4 easy payments.,Don't let tight budgets hold you back. Flexible payment options available now! Smart budgeting for your family. No interest fees.
ad_3621,Zip,65+,956,2157.62,Zero interest when you pay in 4.,Instant approval! Just select our payment option at checkout.
ad_3622,Zip,65+,1746,4140.5,"Get it now, pay over time.","We help you buy what you want, when you want it. Download the app today."
ad_3623,Affirm,25-34,13111,3742.18,Unlock your purchasing power.,Don't let tight budgets hold you back. Flexible payment options available now! No credit impact! Treat yourself now. Instant decision.
ad_3624,PayPal Pay Later,18-24,5235,3407.53,"Get it now, pay over time.","Shop your favorite brands and pay over 6 weeks. No interest, no hard credit check. No credit impact! Treat yourself now. Instant decision."
ad_3625,Sezzle,45-54,4928,794.47,Split your purchase into 4 easy payments.,Don't let tight budgets hold you back. Flexible payment options available now! Smart budgeting for your family. No interest fees.
ad_3626,Affirm,18-24,4612,2091.79,Don't wait! Buy today and pay later.,"Manage your cash flow better. Buy the essentials today and pay in small, manageable installments. No credit impact! Treat yourself now. Instant decision."
ad_3627,Klarna,25-34,3784,1414.94,"Get it now, pay over time.","Why wait until payday? Get the things you want now and split your payments. It's fast, easy, and risk-free. No credit impact! Treat yourself now. Instant decision."
ad_3628,Sezzle,45-54,5438,673.41,"Buy Now, Pay Later with no hidden fees!",Instant approval! Just select our payment option at checkout.
ad_3629,Affirm,55-64,19185,2769.26,Don't wait! Buy today and pay later.,"We help you buy what you want, when you want it. Download the app today. Smart budgeting for your family. No interest fees."
ad_3630,PayPal Pay Later,18-24,3846,3378.78,"Get it now, pay over time.",Instant approval! Just select our payment option at checkout. No credit impact! Treat yourself now. Instant decision.
ad_3631,Afterpay,18-24,19797,688.91,"Get it now, pay over time.","Why wait until payday? Get the things you want now and split your payments. It's fast, easy, and risk-free. No credit impact! Treat yourself now. Instant decision."
ad_3632,PayPal Pay Later,25-34,1469,691.7,"Buy Now, Pay Later with no hidden fees!",Instant approval! Just select our payment option at checkout.
ad_3633,Zip,18-24,1084,390.41,"Get it now, pay over time.","Why wait until payday? Get the things you want now and split your payments. It's fast, easy, and risk-free. No credit impact! Treat yourself now. Instant decision."
ad_3634,PayPal Pay Later,35-44,1034,3659.38,Split your purchase into 4 easy payments.,"We help you buy what you want, when you want it. Download the app today. Smart budgeting for your family. No interest fees."
ad_3635,Afterpay,25-34,7196,2250.68,Zero interest when you pay in 4.,"Manage your cash flow better. Buy the essentials today and pay in small, manageable installments."
ad_3636,Afterpay,18-24,4047,991.26,Split your purchase into 4 easy payments.,"We help you buy what you want, when you want it. Download the app today. No credit impact! Treat yourself now. Instant decision."
ad_3637,Afterpay,25-34,10894,4165.1,Zero interest when you pay in 4.,"We help you buy what you want, when you want it. Download the app today."
ad_3638,Affirm,18-24,4790,892.56,Don't wait! Buy today and pay later.,"We help you buy what you want, when you want it. Download the app today. No credit impact! Treat yourself now. Instant decision."
ad_3639,Zip,45-54,415,3995.28,Don't wait! Buy today and pay later.,Don't let tight budgets hold you back. Flexible payment options available now!
ad_3640,Afterpay,55-64,2861,4754.4,Zero interest when you pay in 4.,Don't let tight budgets hold you back. Flexible payment options available now!
ad_3641,Sezzle,25-34,3848,4067.19,Split your purchase into 4 easy payments.,Instant approval! Just select our payment option at checkout.
ad_3642,Sezzle,45-54,10999,835.94,Split your purchase into 4 easy payments.,"Why wait until payday? Get the things you want now and split your payments. It's fast, easy, and risk-free."
ad_3643,Affirm,18-24,684,4255.65,"Buy Now, Pay Later with no hidden fees!",Instant approval! Just select our payment option at checkout. No credit impact! Treat yourself now. Instant decision.
ad_3644,Zip,18-24,78,915.99,"Get it now, pay over time.","Why wait until payday? Get the things you want now and split your payments. It's fast, easy, and risk-free. No credit impact! Treat yourself now. Instant decision."
ad_3645,Affirm,45-54,24151,4749.17,Unlock your purchasing power.,Instant approval! Just select our payment option at checkout.
ad_3646,Zip,18-24,26992,4973.54,"Get it now, pay over time.",Instant approval! Just select our payment option at checkout.
ad_3647,Zip,25-34,5609,3642.37,Unlock your purchasing power.,"We help you buy what you want, when you want it. Download the app today. No credit impact! Treat yourself now. Instant decision."
ad_3648,Klarna,25-34,1745,4451.55,Unlock your purchasing power.,"Why wait until payday? Get the things you want now and split your payments. It's fast, easy, and risk-free. No credit impact! Treat yourself now. Instant decision."
ad_3649,Klarna,25-34,16260,3436.98,"Buy Now, Pay Later with no hidden fees!","We help you buy what you want, when you want it. Download the app today."
ad_3650,Zip,18-24,874,541.66,Unlock your purchasing power.,"Manage your cash flow better. Buy the essentials today and pay in small, manageable installments. No credit impact! Treat yourself now. Instant decision."
ad_3651,Afterpay,65+,1706,1468.4,Split your purchase into 4 easy payments.,"We help you buy what you want, when you want it. Download the app today."
ad_3652,PayPal Pay Later,25-34,668,2111.85,"Get it now, pay over time.",Instant approval! Just select our payment option at checkout.
ad_3653,Afterpay,45-54,371,850.45,"Buy Now, Pay Later with no hidden fees!",Instant approval! Just select our payment option at checkout. Smart budgeting for your family. No interest fees.
ad_3654,Klarna,35-44,820,4376.53,Zero interest when you pay in 4.,"We help you buy what you want, when you want it. Download the app today."
ad_3655,Klarna,65+,5784,4022.51,Split your purchase into 4 easy payments.,"Manage your cash flow better. Buy the essentials today and pay in small, manageable installments. Smart budgeting for your family. No interest fees."
ad_3656,Sezzle,18-24,7860,1345.82,Zero interest when you pay in 4.,"We help you buy what you want, when you want it. Download the app today. No credit impact! Treat yourself now. Instant decision."
ad_3657,PayPal Pay Later,25-34,4288,4985.89,"Buy Now, Pay Later with no hidden fees!",Don't let tight budgets hold you back. Flexible payment options available now! No credit impact! Treat yourself now. Instant decision.
ad_3658,Zip,35-44,15815,4888.4,Zero interest when you pay in 4.,"Shop your favorite brands and pay over 6 weeks. No interest, no hard credit check."
ad_3659,Afterpay,65+,1903,77.88,Don't wait! Buy today and pay later.,"Shop your favorite brands and pay over 6 weeks. No interest, no hard credit check."
ad_3660,Afterpay,18-24,3699,686.33,Split your purchase into 4 easy payments.,"We help you buy what you want, when you want it. Download the app today."
ad_3661,Affirm,25-34,9345,1448.01,Unlock your purchasing power.,"Why wait until payday? Get the things you want now and split your payments. It's fast, easy, and risk-free."
ad_3662,Sezzle,25-34,2631,3400.0,Don't wait! Buy today and pay later.,Don't let tight budgets hold you back. Flexible payment options available now!
ad_3663,PayPal Pay Later,25-34,2338,4856.59,Unlock your purchasing power.,"Why wait until payday? Get the things you want now and split your payments. It's fast, easy, and risk-free. No credit impact! Treat yourself now. Instant decision."
ad_3664,Affirm,25-34,10004,3240.4,Zero interest when you pay in 4.,"We help you buy what you want, when you want it. Download the app today."
ad_3665,Affirm,25-34,2821,1464.47,"Get it now, pay over time.","We help you buy what you want, when you want it. Download the app today. No credit impact! Treat yourself now. Instant decision."
ad_3666,Afterpay,45-54,2023,3841.1,"Get it now, pay over time.",Instant approval! Just select our payment option at checkout.
ad_3667,PayPal Pay Later,45-54,4486,4559.7,Unlock your purchasing power.,"Shop your favorite brands and pay over 6 weeks. No interest, no hard credit check."
ad_3668,Sezzle,45-54,2400,1395.16,"Buy Now, Pay Later with no hidden fees!",Instant approval! Just select our payment option at checkout.
ad_3669,Sezzle,35-44,1129,1145.08,Split your purchase into 4 easy payments.,Instant approval! Just select our payment option at checkout. Smart budgeting for your family. No interest fees.
ad_3670,Afterpay,18-24,7809,2697.2,"Get it now, pay over time.","Why wait until payday? Get the things you want now and split your payments. It's fast, easy, and risk-free. No credit impact! Treat yourself now. Instant decision."
ad_3671,Sezzle,35-44,8352,794.3,Zero interest when you pay in 4.,Don't let tight budgets hold you back. Flexible payment options available now!
ad_3672,PayPal Pay Later,35-44,1055,1633.26,Don't wait! Buy today and pay later.,"Why wait until payday? Get the things you want now and split your payments. It's fast, easy, and risk-free. Smart budgeting for your family. No interest fees."
ad_3673,Klarna,35-44,9613,4104.21,"Buy Now, Pay Later with no hidden fees!",Instant approval! Just select our payment option at checkout. Smart budgeting for your family. No interest fees.
ad_3674,PayPal Pay Later,35-44,1514,1890.65,Unlock your purchasing power.,"Shop your favorite brands and pay over 6 weeks. No interest, no hard credit check."
ad_3675,Affirm,25-34,10066,3578.88,"Buy Now, Pay Later with no hidden fees!","Manage your cash flow better. Buy the essentials today and pay in small, manageable installments. No credit impact! Treat yourself now. Instant decision."
ad_3676,PayPal Pay Later,18-24,3205,4340.58,Don't wait! Buy today and pay later.,"We help you buy what you want, when you want it. Download the app today. No credit impact! Treat yourself now. Instant decision."
ad_3677,Sezzle,18-24,8602,514.63,Split your purchase into 4 easy payments.,"We help you buy what you want, when you want it. Download the app today. No credit impact! Treat yourself now. Instant decision."
ad_3678,Zip,25-34,5023,964.59,"Buy Now, Pay Later with no hidden fees!",Instant approval! Just select our payment option at checkout. No credit impact! Treat yourself now. Instant decision.
ad_3679,Zip,25-34,2255,4388.22,Unlock your purchasing power.,Instant approval! Just select our payment option at checkout. No credit impact! Treat yourself now. Instant decision.
ad_3680,PayPal Pay Later,45-54,5155,1419.02,Don't wait! Buy today and pay later.,"Shop your favorite brands and pay over 6 weeks. No interest, no hard credit check. Smart budgeting for your family. No interest fees."
ad_3681,Afterpay,55-64,4751,474.67,Split your purchase into 4 easy payments.,Instant approval! Just select our payment option at checkout. Smart budgeting for your family. No interest fees.
ad_3682,Affirm,18-24,2728,1137.75,Don't wait! Buy today and pay later.,"Why wait until payday? Get the things you want now and split your payments. It's fast, easy, and risk-free."
ad_3683,PayPal Pay Later,25-34,3295,1966.76,Don't wait! Buy today and pay later.,Instant approval! Just select our payment option at checkout. No credit impact! Treat yourself now. Instant decision.
ad_3684,Afterpay,18-24,1456,3135.13,"Buy Now, Pay Later with no hidden fees!","Manage your cash flow better. Buy the essentials today and pay in small, manageable installments. No credit impact! Treat yourself now. Instant decision."
ad_3685,PayPal Pay Later,18-24,703,3426.76,"Buy Now, Pay Later with no hidden fees!","Why wait until payday? Get the things you want now and split your payments. It's fast, easy, and risk-free. No credit impact! Treat yourself now. Instant decision."
ad_3686,Sezzle,45-54,3273,1714.82,"Get it now, pay over time.","Manage your cash flow better. Buy the essentials today and pay in small, manageable installments. Smart budgeting for your family. No interest fees."
ad_3687,Zip,45-54,2483,3558.01,Unlock your purchasing power.,"We help you buy what you want, when you want it. Download the app today."
ad_3688,Afterpay,25-34,1271,4878.68,Split your purchase into 4 easy payments.,Instant approval! Just select our payment option at checkout. No credit impact! Treat yourself now. Instant decision.
ad_3689,Zip,25-34,2439,2742.45,"Buy Now, Pay Later with no hidden fees!","Shop your favorite brands and pay over 6 weeks. No interest, no hard credit check. No credit impact! Treat yourself now. Instant decision."
ad_3690,Klarna,18-24,2041,662.27,"Get it now, pay over time.",Instant approval! Just select our payment option at checkout. No credit impact! Treat yourself now. Instant decision.
ad_3691,Zip,18-24,7073,1433.88,Don't wait! Buy today and pay later.,"We help you buy what you want, when you want it. Download the app today. No credit impact! Treat yourself now. Instant decision."
ad_3692,Sezzle,18-24,8942,2192.32,"Get it now, pay over time.","Why wait until payday? Get the things you want now and split your payments. It's fast, easy, and risk-free. No credit impact! Treat yourself now. Instant decision."
ad_3693,Zip,25-34,5240,1249.41,"Get it now, pay over time.",Don't let tight budgets hold you back. Flexible payment options available now!
ad_3694,Affirm,25-34,1099,2202.93,"Get it now, pay over time.",Instant approval! Just select our payment option at checkout. No credit impact! Treat yourself now. Instant decision.
ad_3695,PayPal Pay Later,18-24,4754,54.95,Zero interest when you pay in 4.,"We help you buy what you want, when you want it. Download the app today. No credit impact! Treat yourself now. Instant decision."
ad_3696,Affirm,25-34,546,4996.53,"Get it now, pay over time.","Why wait until payday? Get the things you want now and split your payments. It's fast, easy, and risk-free. No credit impact! Treat yourself now. Instant decision."
ad_3697,PayPal Pay Later,35-44,4267,97.88,Unlock your purchasing power.,Instant approval! Just select our payment option at checkout. Smart budgeting for your family. No interest fees.
ad_3698,Sezzle,25-34,1113,316.87,Don't wait! Buy today and pay later.,"We help you buy what you want, when you want it. Download the app today. No credit impact! Treat yourself now. Instant decision."
ad_3699,Sezzle,18-24,5618,4629.52,Split your purchase into 4 easy payments.,Instant approval! Just select our payment option at checkout. No credit impact! Treat yourself now. Instant decision.
ad_3700,Zip,18-24,158,3768.59,Split your purchase into 4 easy payments.,"We help you buy what you want, when you want it. Download the app today. No credit impact! Treat yourself now. Instant decision."
ad_3701,Afterpay,18-24,21442,2259.35,Zero interest when you pay in 4.,"Manage your cash flow better. Buy the essentials today and pay in small, manageable installments. No credit impact! Treat yourself now. Instant decision."
ad_3702,Afterpay,18-24,783,4433.72,"Get it now, pay over time.","Manage your cash flow better. Buy the essentials today and pay in small, manageable installments. No credit impact! Treat yourself now. Instant decision."
ad_3703,Affirm,18-24,18914,3702.89,Don't wait! Buy today and pay later.,"We help you buy what you want, when you want it. Download the app today. No credit impact! Treat yourself now. Instant decision."
ad_3704,PayPal Pay Later,25-34,1931,3738.5,"Get it now, pay over time.","Why wait until payday? Get the things you want now and split your payments. It's fast, easy, and risk-free. No credit impact! Treat yourself now. Instant decision."
ad_3705,Affirm,45-54,3625,4163.68,"Buy Now, Pay Later with no hidden fees!","Manage your cash flow better. Buy the essentials today and pay in small, manageable installments. Smart budgeting for your family. No interest fees."
ad_3706,Affirm,18-24,17920,4850.36,Unlock your purchasing power.,"We help you buy what you want, when you want it. Download the app today. No credit impact! Treat yourself now. Instant decision."
ad_3707,Affirm,65+,2706,4238.73,Don't wait! Buy today and pay later.,Don't let tight budgets hold you back. Flexible payment options available now!
ad_3708,Zip,25-34,1202,564.49,"Buy Now, Pay Later with no hidden fees!",Instant approval! Just select our payment option at checkout. No credit impact! Treat yourself now. Instant decision.
ad_3709,Affirm,25-34,1369,2475.95,Zero interest when you pay in 4.,Don't let tight budgets hold you back. Flexible payment options available now!
ad_3710,Klarna,45-54,1045,3592.0,Zero interest when you pay in 4.,Don't let tight budgets hold you back. Flexible payment options available now!
ad_3711,Sezzle,35-44,1689,820.96,Zero interest when you pay in 4.,"We help you buy what you want, when you want it. Download the app today."
ad_3712,Afterpay,18-24,3313,2183.42,"Get it now, pay over time.","Manage your cash flow better. Buy the essentials today and pay in small, manageable installments. No credit impact! Treat yourself now. Instant decision."
ad_3713,Afterpay,35-44,2964,4699.51,Unlock your purchasing power.,"Why wait until payday? Get the things you want now and split your payments. It's fast, easy, and risk-free."
ad_3714,Sezzle,65+,858,561.54,Split your purchase into 4 easy payments.,"We help you buy what you want, when you want it. Download the app today. Smart budgeting for your family. No interest fees."
ad_3715,Sezzle,18-24,2730,1885.63,"Buy Now, Pay Later with no hidden fees!","We help you buy what you want, when you want it. Download the app today."
ad_3716,Affirm,45-54,717,857.5,"Buy Now, Pay Later with no hidden fees!",Don't let tight budgets hold you back. Flexible payment options available now!
ad_3717,PayPal Pay Later,35-44,1965,971.2,Split your purchase into 4 easy payments.,"We help you buy what you want, when you want it. Download the app today."
ad_3718,Zip,45-54,15607,3198.41,Split your purchase into 4 easy payments.,"Manage your cash flow better. Buy the essentials today and pay in small, manageable installments."
ad_3719,Afterpay,25-34,4783,1832.69,Unlock your purchasing power.,"Shop your favorite brands and pay over 6 weeks. No interest, no hard credit check. No credit impact! Treat yourself now. Instant decision."
ad_3720,PayPal Pay Later,65+,2026,1560.88,Unlock your purchasing power.,"Shop your favorite brands and pay over 6 weeks. No interest, no hard credit check. Smart budgeting for your family. No interest fees."
ad_3721,Afterpay,25-34,6507,4506.87,Don't wait! Buy today and pay later.,"Shop your favorite brands and pay over 6 weeks. No interest, no hard credit check."
ad_3722,Zip,25-34,1902,2437.69,Split your purchase into 4 easy payments.,"Shop your favorite brands and pay over 6 weeks. No interest, no hard credit check."
ad_3723,Sezzle,25-34,1362,3439.12,Split your purchase into 4 easy payments.,"Manage your cash flow better. Buy the essentials today and pay in small, manageable installments. No credit impact! Treat yourself now. Instant decision."
ad_3724,Affirm,45-54,4735,424.15,"Get it now, pay over time.","We help you buy what you want, when you want it. Download the app today."
ad_3725,Zip,45-54,2896,2971.17,"Buy Now, Pay Later with no hidden fees!",Instant approval! Just select our payment option at checkout. Smart budgeting for your family. No interest fees.
ad_3726,PayPal Pay Later,18-24,9692,3008.53,Zero interest when you pay in 4.,"Why wait until payday? Get the things you want now and split your payments. It's fast, easy, and risk-free."
ad_3727,Sezzle,25-34,10390,2709.4,Don't wait! Buy today and pay later.,"Why wait until payday? Get the things you want now and split your payments. It's fast, easy, and risk-free."
ad_3728,PayPal Pay Later,35-44,5969,4620.03,Zero interest when you pay in 4.,"Shop your favorite brands and pay over 6 weeks. No interest, no hard credit check. Smart budgeting for your family. No interest fees."
ad_3729,PayPal Pay Later,25-34,715,2080.51,Split your purchase into 4 easy payments.,Instant approval! Just select our payment option at checkout.
ad_3730,Sezzle,55-64,2562,4915.26,Split your purchase into 4 easy payments.,"We help you buy what you want, when you want it. Download the app today. Smart budgeting for your family. No interest fees."
ad_3731,PayPal Pay Later,18-24,5077,2908.8,Zero interest when you pay in 4.,"Shop your favorite brands and pay over 6 weeks. No interest, no hard credit check. No credit impact! Treat yourself now. Instant decision."
ad_3732,Zip,25-34,901,3026.19,Don't wait! Buy today and pay later.,Don't let tight budgets hold you back. Flexible payment options available now!
ad_3733,Sezzle,18-24,1991,651.04,"Get it now, pay over time.",Instant approval! Just select our payment option at checkout. No credit impact! Treat yourself now. Instant decision.
ad_3734,Sezzle,25-34,3617,1425.89,Zero interest when you pay in 4.,"Manage your cash flow better. Buy the essentials today and pay in small, manageable installments. No credit impact! Treat yourself now. Instant decision."
ad_3735,PayPal Pay Later,18-24,706,3516.95,"Buy Now, Pay Later with no hidden fees!","Manage your cash flow better. Buy the essentials today and pay in small, manageable installments."
ad_3736,PayPal Pay Later,25-34,5728,913.61,"Buy Now, Pay Later with no hidden fees!",Don't let tight budgets hold you back. Flexible payment options available now! No credit impact! Treat yourself now. Instant decision.
ad_3737,Sezzle,18-24,6896,2140.51,"Buy Now, Pay Later with no hidden fees!",Instant approval! Just select our payment option at checkout.
ad_3738,Klarna,25-34,839,1899.8,Don't wait! Buy today and pay later.,"We help you buy what you want, when you want it. Download the app today. No credit impact! Treat yourself now. Instant decision."
ad_3739,Zip,18-24,496,447.08,"Buy Now, Pay Later with no hidden fees!","Manage your cash flow better. Buy the essentials today and pay in small, manageable installments. No credit impact! Treat yourself now. Instant decision."
ad_3740,Klarna,65+,744,503.58,Unlock your purchasing power.,"Why wait until payday? Get the things you want now and split your payments. It's fast, easy, and risk-free. Smart budgeting for your family. No interest fees."
ad_3741,PayPal Pay Later,25-34,945,1589.55,Zero interest when you pay in 4.,"Manage your cash flow better. Buy the essentials today and pay in small, manageable installments. No credit impact! Treat yourself now. Instant decision."
ad_3742,PayPal Pay Later,18-24,2192,1667.28,Zero interest when you pay in 4.,"Shop your favorite brands and pay over 6 weeks. No interest, no hard credit check."
ad_3743,Sezzle,18-24,5349,4559.56,"Get it now, pay over time.",Don't let tight budgets hold you back. Flexible payment options available now!
ad_3744,Sezzle,18-24,1916,2965.74,Split your purchase into 4 easy payments.,"We help you buy what you want, when you want it. Download the app today. No credit impact! Treat yourself now. Instant decision."
ad_3745,Affirm,25-34,5427,2293.5,Zero interest when you pay in 4.,Don't let tight budgets hold you back. Flexible payment options available now! No credit impact! Treat yourself now. Instant decision.
ad_3746,PayPal Pay Later,25-34,3796,3255.64,Split your purchase into 4 easy payments.,Instant approval! Just select our payment option at checkout. No credit impact! Treat yourself now. Instant decision.
ad_3747,Klarna,25-34,794,2511.41,"Get it now, pay over time.","Manage your cash flow better. Buy the essentials today and pay in small, manageable installments."
ad_3748,Afterpay,25-34,7200,981.29,Unlock your purchasing power.,Instant approval! Just select our payment option at checkout.
ad_3749,Klarna,25-34,681,2559.62,Zero interest when you pay in 4.,"Why wait until payday? Get the things you want now and split your payments. It's fast, easy, and risk-free."
ad_3750,Sezzle,35-44,2664,3061.42,Don't wait! Buy today and pay later.,"We help you buy what you want, when you want it. Download the app today."
ad_3751,Sezzle,45-54,3070,1497.91,"Get it now, pay over time.","Manage your cash flow better. Buy the essentials today and pay in small, manageable installments."
ad_3752,Afterpay,45-54,1440,3181.59,"Buy Now, Pay Later with no hidden fees!",Instant approval! Just select our payment option at checkout.
ad_3753,Klarna,25-34,804,2363.68,Don't wait! Buy today and pay later.,Don't let tight budgets hold you back. Flexible payment options available now! No credit impact! Treat yourself now. Instant decision.
ad_3754,Afterpay,55-64,3423,1211.95,Split your purchase into 4 easy payments.,"Why wait until payday? Get the things you want now and split your payments. It's fast, easy, and risk-free. Smart budgeting for your family. No interest fees."
ad_3755,PayPal Pay Later,25-34,766,4858.41,Unlock your purchasing power.,Don't let tight budgets hold you back. Flexible payment options available now! No credit impact! Treat yourself now. Instant decision.
ad_3756,Afterpay,18-24,1392,3144.54,Split your purchase into 4 easy payments.,"Manage your cash flow better. Buy the essentials today and pay in small, manageable installments. No credit impact! Treat yourself now. Instant decision."
ad_3757,Affirm,25-34,615,3938.06,Don't wait! Buy today and pay later.,"We help you buy what you want, when you want it. Download the app today. No credit impact! Treat yourself now. Instant decision."
ad_3758,Afterpay,18-24,1243,1243.1,Split your purchase into 4 easy payments.,"Manage your cash flow better. Buy the essentials today and pay in small, manageable installments."
ad_3759,Afterpay,18-24,616,1680.39,Unlock your purchasing power.,"Shop your favorite brands and pay over 6 weeks. No interest, no hard credit check. No credit impact! Treat yourself now. Instant decision."
ad_3760,Zip,25-34,3700,1084.9,Unlock your purchasing power.,"We help you buy what you want, when you want it. Download the app today. No credit impact! Treat yourself now. Instant decision."
ad_3761,Sezzle,35-44,3349,3530.38,"Buy Now, Pay Later with no hidden fees!","We help you buy what you want, when you want it. Download the app today. Smart budgeting for your family. No interest fees."
ad_3762,Afterpay,25-34,13190,457.79,"Buy Now, Pay Later with no hidden fees!",Don't let tight budgets hold you back. Flexible payment options available now! No credit impact! Treat yourself now. Instant decision.
ad_3763,Afterpay,18-24,7137,904.5,"Get it now, pay over time.",Instant approval! Just select our payment option at checkout. No credit impact! Treat yourself now. Instant decision.
ad_3764,Afterpay,25-34,3135,560.61,"Get it now, pay over time.","Shop your favorite brands and pay over 6 weeks. No interest, no hard credit check. No credit impact! Treat yourself now. Instant decision."
ad_3765,Klarna,45-54,3315,1273.89,Zero interest when you pay in 4.,"Why wait until payday? Get the things you want now and split your payments. It's fast, easy, and risk-free. Smart budgeting for your family. No interest fees."
ad_3766,Affirm,25-34,9188,817.72,Zero interest when you pay in 4.,"Manage your cash flow better. Buy the essentials today and pay in small, manageable installments. No credit impact! Treat yourself now. Instant decision."
ad_3767,Zip,35-44,3801,4155.55,Don't wait! Buy today and pay later.,"Why wait until payday? Get the things you want now and split your payments. It's fast, easy, and risk-free."
ad_3768,Zip,18-24,507,3051.17,"Buy Now, Pay Later with no hidden fees!","Manage your cash flow better. Buy the essentials today and pay in small, manageable installments. No credit impact! Treat yourself now. Instant decision."
ad_3769,Afterpay,18-24,3063,358.0,"Get it now, pay over time.","Shop your favorite brands and pay over 6 weeks. No interest, no hard credit check. No credit impact! Treat yourself now. Instant decision."
ad_3770,Sezzle,18-24,1725,4909.99,Unlock your purchasing power.,"Manage your cash flow better. Buy the essentials today and pay in small, manageable installments. No credit impact! Treat yourself now. Instant decision."
ad_3771,Klarna,18-24,1124,473.97,"Buy Now, Pay Later with no hidden fees!","We help you buy what you want, when you want it. Download the app today."
ad_3772,Affirm,25-34,846,915.3,"Buy Now, Pay Later with no hidden fees!","Why wait until payday? Get the things you want now and split your payments. It's fast, easy, and risk-free. No credit impact! Treat yourself now. Instant decision."
ad_3773,Affirm,18-24,2349,4604.95,Unlock your purchasing power.,Instant approval! Just select our payment option at checkout.
ad_3774,Zip,18-24,7387,1231.94,"Get it now, pay over time.","Manage your cash flow better. Buy the essentials today and pay in small, manageable installments. No credit impact! Treat yourself now. Instant decision."
ad_3775,Affirm,35-44,1307,4508.39,"Get it now, pay over time.","Why wait until payday? Get the things you want now and split your payments. It's fast, easy, and risk-free."
ad_3776,PayPal Pay Later,18-24,4256,4123.6,Split your purchase into 4 easy payments.,Instant approval! Just select our payment option at checkout. No credit impact! Treat yourself now. Instant decision.
ad_3777,Klarna,18-24,3153,857.18,Unlock your purchasing power.,Instant approval! Just select our payment option at checkout.
ad_3778,Affirm,25-34,3365,3048.57,"Buy Now, Pay Later with no hidden fees!","Manage your cash flow better. Buy the essentials today and pay in small, manageable installments. No credit impact! Treat yourself now. Instant decision."
ad_3779,Klarna,25-34,5056,2581.75,Unlock your purchasing power.,"Manage your cash flow better. Buy the essentials today and pay in small, manageable installments. No credit impact! Treat yourself now. Instant decision."
ad_3780,Sezzle,18-24,1774,262.06,Don't wait! Buy today and pay later.,"We help you buy what you want, when you want it. Download the app today."
ad_3781,Affirm,18-24,3777,3704.18,Unlock your purchasing power.,"We help you buy what you want, when you want it. Download the app today. No credit impact! Treat yourself now. Instant decision."
ad_3782,Zip,25-34,8019,2772.45,Unlock your purchasing power.,"Manage your cash flow better. Buy the essentials today and pay in small, manageable installments. No credit impact! Treat yourself now. Instant decision."
ad_3783,Klarna,45-54,1704,149.8,Unlock your purchasing power.,"We help you buy what you want, when you want it. Download the app today."
ad_3784,Zip,18-24,3353,3762.42,Don't wait! Buy today and pay later.,"Shop your favorite brands and pay over 6 weeks. No interest, no hard credit check. No credit impact! Treat yourself now. Instant decision."
ad_3785,Sezzle,45-54,895,2157.79,Split your purchase into 4 easy payments.,Don't let tight budgets hold you back. Flexible payment options available now!
ad_3786,Sezzle,55-64,13487,493.1,"Buy Now, Pay Later with no hidden fees!","We help you buy what you want, when you want it. Download the app today. Smart budgeting for your family. No interest fees."
ad_3787,Klarna,45-54,4601,281.73,Split your purchase into 4 easy payments.,Don't let tight budgets hold you back. Flexible payment options available now! Smart budgeting for your family. No interest fees.
ad_3788,Zip,18-24,1903,571.97,"Buy Now, Pay Later with no hidden fees!","Manage your cash flow better. Buy the essentials today and pay in small, manageable installments."
ad_3789,Klarna,25-34,5054,3173.74,Unlock your purchasing power.,"Why wait until payday? Get the things you want now and split your payments. It's fast, easy, and risk-free. No credit impact! Treat yourself now. Instant decision."
ad_3790,Affirm,25-34,1523,1050.61,"Buy Now, Pay Later with no hidden fees!","Manage your cash flow better. Buy the essentials today and pay in small, manageable installments."
ad_3791,PayPal Pay Later,25-34,2519,1246.48,Unlock your purchasing power.,"Shop your favorite brands and pay over 6 weeks. No interest, no hard credit check. No credit impact! Treat yourself now. Instant decision."
ad_3792,PayPal Pay Later,45-54,1369,2520.33,"Buy Now, Pay Later with no hidden fees!","Shop your favorite brands and pay over 6 weeks. No interest, no hard credit check."
ad_3793,Klarna,18-24,2163,3344.95,Zero interest when you pay in 4.,Don't let tight budgets hold you back. Flexible payment options available now!
ad_3794,Affirm,25-34,4235,3574.57,Zero interest when you pay in 4.,"Manage your cash flow better. Buy the essentials today and pay in small, manageable installments."
ad_3795,PayPal Pay Later,25-34,1781,351.04,"Buy Now, Pay Later with no hidden fees!","We help you buy what you want, when you want it. Download the app today."
ad_3796,PayPal Pay Later,25-34,2200,4297.49,Zero interest when you pay in 4.,"Why wait until payday? Get the things you want now and split your payments. It's fast, easy, and risk-free. No credit impact! Treat yourself now. Instant decision."
ad_3797,Klarna,18-24,2576,3274.89,Don't wait! Buy today and pay later.,Instant approval! Just select our payment option at checkout.
ad_3798,Affirm,65+,5260,4482.54,Split your purchase into 4 easy payments.,"Why wait until payday? Get the things you want now and split your payments. It's fast, easy, and risk-free."
ad_3799,Sezzle,45-54,8927,3361.32,Unlock your purchasing power.,"Manage your cash flow better. Buy the essentials today and pay in small, manageable installments."
ad_3800,Affirm,18-24,10533,2878.03,Don't wait! Buy today and pay later.,"We help you buy what you want, when you want it. Download the app today. No credit impact! Treat yourself now. Instant decision."
ad_3801,Afterpay,25-34,1147,807.33,Zero interest when you pay in 4.,"Manage your cash flow better. Buy the essentials today and pay in small, manageable installments. No credit impact! Treat yourself now. Instant decision."
ad_3802,Sezzle,25-34,5818,1465.51,Zero interest when you pay in 4.,"Why wait until payday? Get the things you want now and split your payments. It's fast, easy, and risk-free. No credit impact! Treat yourself now. Instant decision."
ad_3803,Sezzle,18-24,981,3990.95,"Get it now, pay over time.",Don't let tight budgets hold you back. Flexible payment options available now! No credit impact! Treat yourself now. Instant decision.
ad_3804,Sezzle,18-24,1527,3549.16,"Get it now, pay over time.","Shop your favorite brands and pay over 6 weeks. No interest, no hard credit check."
ad_3805,Zip,18-24,262783,3092.5,Zero interest when you pay in 4.,"Manage your cash flow better. Buy the essentials today and pay in small, manageable installments. No credit impact! Treat yourself now. Instant decision."
ad_3806,Affirm,25-34,982,3150.51,"Get it now, pay over time.","Shop your favorite brands and pay over 6 weeks. No interest, no hard credit check."
ad_3807,PayPal Pay Later,35-44,1092,2898.12,Zero interest when you pay in 4.,"Shop your favorite brands and pay over 6 weeks. No interest, no hard credit check."
ad_3808,Afterpay,18-24,4228,4894.05,Don't wait! Buy today and pay later.,"We help you buy what you want, when you want it. Download the app today. No credit impact! Treat yourself now. Instant decision."
ad_3809,Zip,18-24,1674,2337.32,Split your purchase into 4 easy payments.,"Shop your favorite brands and pay over 6 weeks. No interest, no hard credit check. No credit impact! Treat yourself now. Instant decision."
ad_3810,Zip,25-34,2339,2819.06,Split your purchase into 4 easy payments.,"Why wait until payday? Get the things you want now and split your payments. It's fast, easy, and risk-free. No credit impact! Treat yourself now. Instant decision."
ad_3811,Zip,55-64,7179,4164.18,"Buy Now, Pay Later with no hidden fees!","Shop your favorite brands and pay over 6 weeks. No interest, no hard credit check."
ad_3812,Sezzle,18-24,1450,3882.79,Unlock your purchasing power.,Instant approval! Just select our payment option at checkout. No credit impact! Treat yourself now. Instant decision.
ad_3813,Klarna,35-44,1710,3301.71,Split your purchase into 4 easy payments.,Instant approval! Just select our payment option at checkout. Smart budgeting for your family. No interest fees.
ad_3814,PayPal Pay Later,25-34,8326,435.57,Split your purchase into 4 easy payments.,"We help you buy what you want, when you want it. Download the app today."
ad_3815,Afterpay,25-34,2931,1336.4,Split your purchase into 4 easy payments.,Instant approval! Just select our payment option at checkout. No credit impact! Treat yourself now. Instant decision.
ad_3816,Afterpay,18-24,8874,4562.84,Zero interest when you pay in 4.,Don't let tight budgets hold you back. Flexible payment options available now! No credit impact! Treat yourself now. Instant decision.
ad_3817,Afterpay,25-34,8122,1998.84,Unlock your purchasing power.,Instant approval! Just select our payment option at checkout.
ad_3818,Afterpay,25-34,2453,4241.29,Zero interest when you pay in 4.,"We help you buy what you want, when you want it. Download the app today."
ad_3819,Klarna,65+,11707,333.27,Split your purchase into 4 easy payments.,"Manage your cash flow better. Buy the essentials today and pay in small, manageable installments."
ad_3820,Affirm,18-24,1132,4661.12,Don't wait! Buy today and pay later.,"We help you buy what you want, when you want it. Download the app today."
ad_3821,Zip,65+,1693,2510.64,"Get it now, pay over time.","Manage your cash flow better. Buy the essentials today and pay in small, manageable installments."
ad_3822,Klarna,25-34,3853,3693.08,"Buy Now, Pay Later with no hidden fees!",Instant approval! Just select our payment option at checkout. No credit impact! Treat yourself now. Instant decision.
ad_3823,PayPal Pay Later,18-24,2249,2096.2,"Get it now, pay over time.",Don't let tight budgets hold you back. Flexible payment options available now! No credit impact! Treat yourself now. Instant decision.
ad_3824,Affirm,18-24,29296,4511.27,Split your purchase into 4 easy payments.,"Why wait until payday? Get the things you want now and split your payments. It's fast, easy, and risk-free. No credit impact! Treat yourself now. Instant decision."
ad_3825,Klarna,18-24,26193,4397.97,Split your purchase into 4 easy payments.,"Manage your cash flow better. Buy the essentials today and pay in small, manageable installments. No credit impact! Treat yourself now. Instant decision."
ad_3826,Afterpay,18-24,1510,2098.85,Split your purchase into 4 easy payments.,"Shop your favorite brands and pay over 6 weeks. No interest, no hard credit check. No credit impact! Treat yourself now. Instant decision."
ad_3827,PayPal Pay Later,35-44,509,4882.54,Don't wait! Buy today and pay later.,"We help you buy what you want, when you want it. Download the app today."
ad_3828,Afterpay,25-34,4971,2148.55,Don't wait! Buy today and pay later.,"Why wait until payday? Get the things you want now and split your payments. It's fast, easy, and risk-free. No credit impact! Treat yourself now. Instant decision."
ad_3829,PayPal Pay Later,35-44,8696,941.96,Don't wait! Buy today and pay later.,"We help you buy what you want, when you want it. Download the app today. Smart budgeting for your family. No interest fees."
ad_3830,Klarna,35-44,1389,120.82,Split your purchase into 4 easy payments.,Instant approval! Just select our payment option at checkout. Smart budgeting for your family. No interest fees.
ad_3831,PayPal Pay Later,25-34,7634,4640.65,Don't wait! Buy today and pay later.,"Why wait until payday? Get the things you want now and split your payments. It's fast, easy, and risk-free. No credit impact! Treat yourself now. Instant decision."
ad_3832,Affirm,18-24,1173,823.76,Unlock your purchasing power.,"Manage your cash flow better. Buy the essentials today and pay in small, manageable installments. No credit impact! Treat yourself now. Instant decision."
ad_3833,PayPal Pay Later,18-24,16514,4590.63,Don't wait! Buy today and pay later.,Instant approval! Just select our payment option at checkout. No credit impact! Treat yourself now. Instant decision.
ad_3834,PayPal Pay Later,35-44,1497,3096.67,Unlock your purchasing power.,Don't let tight budgets hold you back. Flexible payment options available now!
ad_3835,Afterpay,25-34,438,1936.89,Zero interest when you pay in 4.,"Shop your favorite brands and pay over 6 weeks. No interest, no hard credit check. No credit impact! Treat yourself now. Instant decision."
ad_3836,Affirm,25-34,3676,4398.97,Split your purchase into 4 easy payments.,"We help you buy what you want, when you want it. Download the app today. No credit impact! Treat yourself now. Instant decision."
ad_3837,PayPal Pay Later,18-24,5932,2347.91,Zero interest when you pay in 4.,Instant approval! Just select our payment option at checkout. No credit impact! Treat yourself now. Instant decision.
ad_3838,Sezzle,65+,1489,1358.51,Split your purchase into 4 easy payments.,"We help you buy what you want, when you want it. Download the app today. Smart budgeting for your family. No interest fees."
ad_3839,Afterpay,18-24,7181,1189.4,Unlock your purchasing power.,"Shop your favorite brands and pay over 6 weeks. No interest, no hard credit check. No credit impact! Treat yourself now. Instant decision."
ad_3840,Klarna,35-44,6580,3761.63,"Buy Now, Pay Later with no hidden fees!","Why wait until payday? Get the things you want now and split your payments. It's fast, easy, and risk-free."
ad_3841,Sezzle,25-34,7096,4181.25,Don't wait! Buy today and pay later.,"We help you buy what you want, when you want it. Download the app today. No credit impact! Treat yourself now. Instant decision."
ad_3842,Afterpay,25-34,2295,825.53,Split your purchase into 4 easy payments.,Instant approval! Just select our payment option at checkout. No credit impact! Treat yourself now. Instant decision.
ad_3843,PayPal Pay Later,18-24,5528,4226.28,Unlock your purchasing power.,Don't let tight budgets hold you back. Flexible payment options available now! No credit impact! Treat yourself now. Instant decision.
ad_3844,Klarna,35-44,3830,2433.16,"Get it now, pay over time.",Instant approval! Just select our payment option at checkout. Smart budgeting for your family. No interest fees.
ad_3845,Klarna,35-44,6788,1651.56,Unlock your purchasing power.,Instant approval! Just select our payment option at checkout. Smart budgeting for your family. No interest fees.
ad_3846,Zip,18-24,6719,3775.55,"Buy Now, Pay Later with no hidden fees!","Manage your cash flow better. Buy the essentials today and pay in small, manageable installments. No credit impact! Treat yourself now. Instant decision."
ad_3847,PayPal Pay Later,25-34,2209,2528.86,Zero interest when you pay in 4.,"Shop your favorite brands and pay over 6 weeks. No interest, no hard credit check."
ad_3848,PayPal Pay Later,25-34,3268,1812.79,Zero interest when you pay in 4.,Don't let tight budgets hold you back. Flexible payment options available now! No credit impact! Treat yourself now. Instant decision.
ad_3849,Klarna,25-34,749,1131.43,Split your purchase into 4 easy payments.,"Shop your favorite brands and pay over 6 weeks. No interest, no hard credit check."
ad_3850,Sezzle,25-34,1940,2840.9,Zero interest when you pay in 4.,"Shop your favorite brands and pay over 6 weeks. No interest, no hard credit check. No credit impact! Treat yourself now. Instant decision."
ad_3851,Affirm,45-54,9924,773.05,"Get it now, pay over time.","Why wait until payday? Get the things you want now and split your payments. It's fast, easy, and risk-free."
ad_3852,Klarna,18-24,731,1356.88,"Buy Now, Pay Later with no hidden fees!","We help you buy what you want, when you want it. Download the app today."
ad_3853,Afterpay,25-34,5028,2036.21,Don't wait! Buy today and pay later.,Don't let tight budgets hold you back. Flexible payment options available now! No credit impact! Treat yourself now. Instant decision.
ad_3854,Afterpay,55-64,1922,4254.68,"Get it now, pay over time.",Don't let tight budgets hold you back. Flexible payment options available now! Smart budgeting for your family. No interest fees.
ad_3855,Affirm,25-34,4169,62.48,Split your purchase into 4 easy payments.,Don't let tight budgets hold you back. Flexible payment options available now! No credit impact! Treat yourself now. Instant decision.
ad_3856,Afterpay,25-34,2210,2188.03,Unlock your purchasing power.,Instant approval! Just select our payment option at checkout. No credit impact! Treat yourself now. Instant decision.
ad_3857,PayPal Pay Later,18-24,12269,4117.27,"Get it now, pay over time.",Instant approval! Just select our payment option at checkout. No credit impact! Treat yourself now. Instant decision.
ad_3858,Zip,18-24,1376,3266.51,Split your purchase into 4 easy payments.,"Why wait until payday? Get the things you want now and split your payments. It's fast, easy, and risk-free. No credit impact! Treat yourself now. Instant decision."
ad_3859,Afterpay,18-24,1695,1745.93,Zero interest when you pay in 4.,Instant approval! Just select our payment option at checkout.
ad_3860,PayPal Pay Later,45-54,2778,631.96,Don't wait! Buy today and pay later.,Instant approval! Just select our payment option at checkout.
ad_3861,Afterpay,25-34,1787,3696.94,"Get it now, pay over time.","Shop your favorite brands and pay over 6 weeks. No interest, no hard credit check. No credit impact! Treat yourself now. Instant decision."
ad_3862,Klarna,55-64,1585,2814.32,Zero interest when you pay in 4.,"Why wait until payday? Get the things you want now and split your payments. It's fast, easy, and risk-free."
ad_3863,Affirm,25-34,5386,1157.28,Don't wait! Buy today and pay later.,Don't let tight budgets hold you back. Flexible payment options available now! No credit impact! Treat yourself now. Instant decision.
ad_3864,Sezzle,25-34,9816,726.62,Zero interest when you pay in 4.,Don't let tight budgets hold you back. Flexible payment options available now!
ad_3865,Sezzle,25-34,1675,2251.78,"Get it now, pay over time.","We help you buy what you want, when you want it. Download the app today. No credit impact! Treat yourself now. Instant decision."
ad_3866,Zip,25-34,3185,2598.95,Unlock your purchasing power.,Don't let tight budgets hold you back. Flexible payment options available now! No credit impact! Treat yourself now. Instant decision.
ad_3867,Affirm,18-24,6534,4570.56,Unlock your purchasing power.,"We help you buy what you want, when you want it. Download the app today. No credit impact! Treat yourself now. Instant decision."
ad_3868,Affirm,18-24,10097,2425.59,Don't wait! Buy today and pay later.,Instant approval! Just select our payment option at checkout. No credit impact! Treat yourself now. Instant decision.
ad_3869,Sezzle,18-24,425,313.09,Unlock your purchasing power.,"Manage your cash flow better. Buy the essentials today and pay in small, manageable installments. No credit impact! Treat yourself now. Instant decision."
ad_3870,Affirm,25-34,5865,501.1,Zero interest when you pay in 4.,Instant approval! Just select our payment option at checkout. No credit impact! Treat yourself now. Instant decision.
ad_3871,Afterpay,35-44,1011,419.14,"Get it now, pay over time.",Instant approval! Just select our payment option at checkout. Smart budgeting for your family. No interest fees.
ad_3872,Afterpay,25-34,8626,3132.95,"Buy Now, Pay Later with no hidden fees!","Manage your cash flow better. Buy the essentials today and pay in small, manageable installments. No credit impact! Treat yourself now. Instant decision."
ad_3873,Zip,18-24,13284,4413.65,Zero interest when you pay in 4.,"Why wait until payday? Get the things you want now and split your payments. It's fast, easy, and risk-free."
ad_3874,Affirm,25-34,10395,244.52,"Get it now, pay over time.",Don't let tight budgets hold you back. Flexible payment options available now! No credit impact! Treat yourself now. Instant decision.
ad_3875,Sezzle,18-24,7013,1951.94,Zero interest when you pay in 4.,"Why wait until payday? Get the things you want now and split your payments. It's fast, easy, and risk-free. No credit impact! Treat yourself now. Instant decision."
ad_3876,Zip,18-24,4651,2924.44,Split your purchase into 4 easy payments.,"Manage your cash flow better. Buy the essentials today and pay in small, manageable installments."
ad_3877,Affirm,35-44,7553,1606.88,"Get it now, pay over time.",Instant approval! Just select our payment option at checkout. Smart budgeting for your family. No interest fees.
ad_3878,Zip,18-24,779,547.63,Don't wait! Buy today and pay later.,Instant approval! Just select our payment option at checkout.
ad_3879,PayPal Pay Later,35-44,1641,1186.74,Zero interest when you pay in 4.,Instant approval! Just select our payment option at checkout. Smart budgeting for your family. No interest fees.
ad_3880,Affirm,18-24,14246,4806.39,Unlock your purchasing power.,Instant approval! Just select our payment option at checkout. No credit impact! Treat yourself now. Instant decision.
ad_3881,Sezzle,25-34,5829,4505.07,Don't wait! Buy today and pay later.,"Shop your favorite brands and pay over 6 weeks. No interest, no hard credit check."
ad_3882,Klarna,25-34,2910,2160.28,"Get it now, pay over time.","Shop your favorite brands and pay over 6 weeks. No interest, no hard credit check."
ad_3883,Affirm,45-54,1420,1310.16,Zero interest when you pay in 4.,"We help you buy what you want, when you want it. Download the app today. Smart budgeting for your family. No interest fees."
ad_3884,Klarna,25-34,694,1597.27,Don't wait! Buy today and pay later.,"Why wait until payday? Get the things you want now and split your payments. It's fast, easy, and risk-free. No credit impact! Treat yourself now. Instant decision."
ad_3885,Afterpay,25-34,16747,1486.49,Split your purchase into 4 easy payments.,Don't let tight budgets hold you back. Flexible payment options available now! No credit impact! Treat yourself now. Instant decision.
ad_3886,Klarna,35-44,2467,4885.46,"Buy Now, Pay Later with no hidden fees!",Don't let tight budgets hold you back. Flexible payment options available now! Smart budgeting for your family. No interest fees.
ad_3887,Zip,25-34,3500,1268.07,Unlock your purchasing power.,"Shop your favorite brands and pay over 6 weeks. No interest, no hard credit check. No credit impact! Treat yourself now. Instant decision."
ad_3888,Zip,18-24,18557,401.02,Don't wait! Buy today and pay later.,"Shop your favorite brands and pay over 6 weeks. No interest, no hard credit check. No credit impact! Treat yourself now. Instant decision."
ad_3889,PayPal Pay Later,25-34,1272,3221.42,Unlock your purchasing power.,"Manage your cash flow better. Buy the essentials today and pay in small, manageable installments."
ad_3890,PayPal Pay Later,18-24,1265,3324.94,Don't wait! Buy today and pay later.,"Shop your favorite brands and pay over 6 weeks. No interest, no hard credit check."
ad_3891,Affirm,25-34,15894,3875.39,Split your purchase into 4 easy payments.,Instant approval! Just select our payment option at checkout. No credit impact! Treat yourself now. Instant decision.
ad_3892,Zip,18-24,1093,2980.52,Split your purchase into 4 easy payments.,"Manage your cash flow better. Buy the essentials today and pay in small, manageable installments. No credit impact! Treat yourself now. Instant decision."
ad_3893,Zip,25-34,2040,3419.09,"Buy Now, Pay Later with no hidden fees!","We help you buy what you want, when you want it. Download the app today. No credit impact! Treat yourself now. Instant decision."
ad_3894,Afterpay,18-24,1547,3054.1,Split your purchase into 4 easy payments.,Instant approval! Just select our payment option at checkout. No credit impact! Treat yourself now. Instant decision.
ad_3895,Sezzle,55-64,3264,3066.57,Don't wait! Buy today and pay later.,"Shop your favorite brands and pay over 6 weeks. No interest, no hard credit check. Smart budgeting for your family. No interest fees."
ad_3896,PayPal Pay Later,25-34,4386,739.43,Split your purchase into 4 easy payments.,"Shop your favorite brands and pay over 6 weeks. No interest, no hard credit check."
ad_3897,Klarna,18-24,2886,2288.26,Split your purchase into 4 easy payments.,"Shop your favorite brands and pay over 6 weeks. No interest, no hard credit check. No credit impact! Treat yourself now. Instant decision."
ad_3898,Klarna,18-24,3129,2700.47,"Get it now, pay over time.","Manage your cash flow better. Buy the essentials today and pay in small, manageable installments."
ad_3899,Zip,18-24,9338,4006.23,Unlock your purchasing power.,"Manage your cash flow better. Buy the essentials today and pay in small, manageable installments."
ad_3900,Klarna,25-34,1905,4821.94,"Buy Now, Pay Later with no hidden fees!","Shop your favorite brands and pay over 6 weeks. No interest, no hard credit check. No credit impact! Treat yourself now. Instant decision."
ad_3901,Afterpay,18-24,6988,803.81,Unlock your purchasing power.,"Manage your cash flow better. Buy the essentials today and pay in small, manageable installments. No credit impact! Treat yourself now. Instant decision."
ad_3902,PayPal Pay Later,35-44,804,2528.3,"Get it now, pay over time.","Manage your cash flow better. Buy the essentials today and pay in small, manageable installments. Smart budgeting for your family. No interest fees."
ad_3903,Affirm,45-54,12129,1507.74,"Buy Now, Pay Later with no hidden fees!","We help you buy what you want, when you want it. Download the app today. Smart budgeting for your family. No interest fees."
ad_3904,Zip,65+,938,2518.06,Split your purchase into 4 easy payments.,"Shop your favorite brands and pay over 6 weeks. No interest, no hard credit check. Smart budgeting for your family. No interest fees."
ad_3905,Klarna,18-24,228,4001.83,Unlock your purchasing power.,"We help you buy what you want, when you want it. Download the app today. No credit impact! Treat yourself now. Instant decision."
ad_3906,Klarna,55-64,7150,3022.7,Split your purchase into 4 easy payments.,"We help you buy what you want, when you want it. Download the app today. Smart budgeting for your family. No interest fees."
ad_3907,Klarna,18-24,4763,1549.69,Don't wait! Buy today and pay later.,"We help you buy what you want, when you want it. Download the app today. No credit impact! Treat yourself now. Instant decision."
ad_3908,Zip,18-24,896,305.43,"Buy Now, Pay Later with no hidden fees!","Shop your favorite brands and pay over 6 weeks. No interest, no hard credit check."
ad_3909,Afterpay,35-44,783,363.84,Zero interest when you pay in 4.,"Manage your cash flow better. Buy the essentials today and pay in small, manageable installments. Smart budgeting for your family. No interest fees."
ad_3910,PayPal Pay Later,25-34,827,1080.93,"Buy Now, Pay Later with no hidden fees!","Manage your cash flow better. Buy the essentials today and pay in small, manageable installments. No credit impact! Treat yourself now. Instant decision."
ad_3911,PayPal Pay Later,18-24,13088,902.08,"Get it now, pay over time.","Why wait until payday? Get the things you want now and split your payments. It's fast, easy, and risk-free. No credit impact! Treat yourself now. Instant decision."
ad_3912,Klarna,18-24,3932,1120.12,"Buy Now, Pay Later with no hidden fees!","Manage your cash flow better. Buy the essentials today and pay in small, manageable installments. No credit impact! Treat yourself now. Instant decision."
ad_3913,PayPal Pay Later,35-44,16378,4405.74,"Buy Now, Pay Later with no hidden fees!",Don't let tight budgets hold you back. Flexible payment options available now!
ad_3914,Sezzle,18-24,2509,2990.2,"Get it now, pay over time.","Manage your cash flow better. Buy the essentials today and pay in small, manageable installments. No credit impact! Treat yourself now. Instant decision."
ad_3915,Zip,18-24,1430,1371.31,Split your purchase into 4 easy payments.,"Shop your favorite brands and pay over 6 weeks. No interest, no hard credit check."
ad_3916,Sezzle,18-24,1526,2416.92,"Get it now, pay over time.","Manage your cash flow better. Buy the essentials today and pay in small, manageable installments. No credit impact! Treat yourself now. Instant decision."
ad_3917,Sezzle,25-34,642,2569.57,Unlock your purchasing power.,Don't let tight budgets hold you back. Flexible payment options available now!
ad_3918,Klarna,18-24,9200,3704.99,Don't wait! Buy today and pay later.,Instant approval! Just select our payment option at checkout.
ad_3919,Zip,25-34,1218,1922.2,Don't wait! Buy today and pay later.,"We help you buy what you want, when you want it. Download the app today. No credit impact! Treat yourself now. Instant decision."
ad_3920,PayPal Pay Later,45-54,1367,1785.03,Split your purchase into 4 easy payments.,"Shop your favorite brands and pay over 6 weeks. No interest, no hard credit check."
ad_3921,Sezzle,45-54,1843,3796.49,Unlock your purchasing power.,"We help you buy what you want, when you want it. Download the app today. Smart budgeting for your family. No interest fees."
ad_3922,Afterpay,18-24,18308,1522.71,Unlock your purchasing power.,"Shop your favorite brands and pay over 6 weeks. No interest, no hard credit check. No credit impact! Treat yourself now. Instant decision."
ad_3923,Sezzle,18-24,544,1581.66,Split your purchase into 4 easy payments.,"We help you buy what you want, when you want it. Download the app today. No credit impact! Treat yourself now. Instant decision."
ad_3924,Zip,25-34,1907,4790.3,Unlock your purchasing power.,"Manage your cash flow better. Buy the essentials today and pay in small, manageable installments. No credit impact! Treat yourself now. Instant decision."
ad_3925,PayPal Pay Later,45-54,7828,3773.4,"Get it now, pay over time.","We help you buy what you want, when you want it. Download the app today."
ad_3926,Afterpay,18-24,4066,1387.46,Split your purchase into 4 easy payments.,Don't let tight budgets hold you back. Flexible payment options available now! No credit impact! Treat yourself now. Instant decision.
ad_3927,Zip,25-34,13520,1937.11,Don't wait! Buy today and pay later.,"We help you buy what you want, when you want it. Download the app today. No credit impact! Treat yourself now. Instant decision."
ad_3928,Affirm,18-24,3911,3830.23,Split your purchase into 4 easy payments.,"Why wait until payday? Get the things you want now and split your payments. It's fast, easy, and risk-free."
ad_3929,PayPal Pay Later,65+,8178,1593.23,Unlock your purchasing power.,"Shop your favorite brands and pay over 6 weeks. No interest, no hard credit check."
ad_3930,Klarna,25-34,3434,1496.3,"Buy Now, Pay Later with no hidden fees!","We help you buy what you want, when you want it. Download the app today. No credit impact! Treat yourself now. Instant decision."
ad_3931,Affirm,18-24,7590,2905.26,"Buy Now, Pay Later with no hidden fees!",Instant approval! Just select our payment option at checkout.
ad_3932,Zip,25-34,1423,2374.76,Split your purchase into 4 easy payments.,"Shop your favorite brands and pay over 6 weeks. No interest, no hard credit check. No credit impact! Treat yourself now. Instant decision."
ad_3933,PayPal Pay Later,65+,2392,4137.83,Split your purchase into 4 easy payments.,Instant approval! Just select our payment option at checkout. Smart budgeting for your family. No interest fees.
ad_3934,Affirm,25-34,2086,2051.37,"Get it now, pay over time.","We help you buy what you want, when you want it. Download the app today. No credit impact! Treat yourself now. Instant decision."
ad_3935,Klarna,18-24,2597,2295.67,Unlock your purchasing power.,Instant approval! Just select our payment option at checkout. No credit impact! Treat yourself now. Instant decision.
ad_3936,Klarna,18-24,2458,1079.77,Unlock your purchasing power.,"Why wait until payday? Get the things you want now and split your payments. It's fast, easy, and risk-free. No credit impact! Treat yourself now. Instant decision."
ad_3937,Sezzle,18-24,6860,2535.22,Don't wait! Buy today and pay later.,"Manage your cash flow better. Buy the essentials today and pay in small, manageable installments. No credit impact! Treat yourself now. Instant decision."
ad_3938,Affirm,18-24,2285,894.49,Split your purchase into 4 easy payments.,"Why wait until payday? Get the things you want now and split your payments. It's fast, easy, and risk-free. No credit impact! Treat yourself now. Instant decision."
ad_3939,Zip,25-34,4694,594.28,Zero interest when you pay in 4.,"Manage your cash flow better. Buy the essentials today and pay in small, manageable installments. No credit impact! Treat yourself now. Instant decision."
ad_3940,Sezzle,25-34,4074,932.55,Don't wait! Buy today and pay later.,"Why wait until payday? Get the things you want now and split your payments. It's fast, easy, and risk-free. No credit impact! Treat yourself now. Instant decision."
ad_3941,Affirm,25-34,503,4082.77,Zero interest when you pay in 4.,"Why wait until payday? Get the things you want now and split your payments. It's fast, easy, and risk-free. No credit impact! Treat yourself now. Instant decision."
ad_3942,Zip,18-24,702,4341.62,Don't wait! Buy today and pay later.,"Shop your favorite brands and pay over 6 weeks. No interest, no hard credit check. No credit impact! Treat yourself now. Instant decision."
ad_3943,Zip,18-24,1237,2365.77,"Get it now, pay over time.",Instant approval! Just select our payment option at checkout.
ad_3944,Zip,45-54,32272,1547.9,"Get it now, pay over time.","We help you buy what you want, when you want it. Download the app today. Smart budgeting for your family. No interest fees."
ad_3945,Afterpay,25-34,3742,4967.41,"Buy Now, Pay Later with no hidden fees!","Shop your favorite brands and pay over 6 weeks. No interest, no hard credit check. No credit impact! Treat yourself now. Instant decision."
ad_3946,Afterpay,25-34,826,3451.68,"Get it now, pay over time.",Don't let tight budgets hold you back. Flexible payment options available now!
ad_3947,Sezzle,18-24,907,2692.56,"Get it now, pay over time.","Shop your favorite brands and pay over 6 weeks. No interest, no hard credit check."
ad_3948,Zip,45-54,1694,2686.53,"Buy Now, Pay Later with no hidden fees!",Instant approval! Just select our payment option at checkout. Smart budgeting for your family. No interest fees.
ad_3949,Zip,25-34,5592,252.13,Unlock your purchasing power.,"Shop your favorite brands and pay over 6 weeks. No interest, no hard credit check. No credit impact! Treat yourself now. Instant decision."
ad_3950,Sezzle,65+,6147,2182.45,Don't wait! Buy today and pay later.,"Shop your favorite brands and pay over 6 weeks. No interest, no hard credit check. Smart budgeting for your family. No interest fees."
ad_3951,Zip,18-24,2655,2261.86,Don't wait! Buy today and pay later.,"Why wait until payday? Get the things you want now and split your payments. It's fast, easy, and risk-free. No credit impact! Treat yourself now. Instant decision."
ad_3952,Affirm,18-24,25063,2838.65,Don't wait! Buy today and pay later.,"We help you buy what you want, when you want it. Download the app today."
ad_3953,Affirm,45-54,3450,3709.82,Don't wait! Buy today and pay later.,"We help you buy what you want, when you want it. Download the app today. Smart budgeting for your family. No interest fees."
ad_3954,Afterpay,55-64,1311,3160.62,Zero interest when you pay in 4.,Don't let tight budgets hold you back. Flexible payment options available now! Smart budgeting for your family. No interest fees.
ad_3955,Klarna,45-54,986,249.19,Unlock your purchasing power.,Instant approval! Just select our payment option at checkout.
ad_3956,Klarna,45-54,920,124.15,Zero interest when you pay in 4.,Instant approval! Just select our payment option at checkout. Smart budgeting for your family. No interest fees.
ad_3957,Zip,18-24,1856,1712.46,Don't wait! Buy today and pay later.,Instant approval! Just select our payment option at checkout. No credit impact! Treat yourself now. Instant decision.
ad_3958,PayPal Pay Later,35-44,3377,4735.22,Unlock your purchasing power.,"Why wait until payday? Get the things you want now and split your payments. It's fast, easy, and risk-free. Smart budgeting for your family. No interest fees."
ad_3959,Klarna,55-64,7991,3933.97,Zero interest when you pay in 4.,Instant approval! Just select our payment option at checkout.
ad_3960,Afterpay,18-24,5181,569.11,"Get it now, pay over time.","Why wait until payday? Get the things you want now and split your payments. It's fast, easy, and risk-free. No credit impact! Treat yourself now. Instant decision."
ad_3961,Klarna,25-34,136,2812.64,"Get it now, pay over time.","We help you buy what you want, when you want it. Download the app today. No credit impact! Treat yourself now. Instant decision."
ad_3962,PayPal Pay Later,18-24,24751,109.96,Don't wait! Buy today and pay later.,"Shop your favorite brands and pay over 6 weeks. No interest, no hard credit check. No credit impact! Treat yourself now. Instant decision."
ad_3963,Zip,25-34,1771,239.62,Zero interest when you pay in 4.,"We help you buy what you want, when you want it. Download the app today."
ad_3964,Klarna,25-34,12047,144.21,Zero interest when you pay in 4.,"Manage your cash flow better. Buy the essentials today and pay in small, manageable installments. No credit impact! Treat yourself now. Instant decision."
ad_3965,Zip,18-24,7045,422.83,Unlock your purchasing power.,"Manage your cash flow better. Buy the essentials today and pay in small, manageable installments. No credit impact! Treat yourself now. Instant decision."
ad_3966,Sezzle,35-44,5096,3689.96,"Get it now, pay over time.","Shop your favorite brands and pay over 6 weeks. No interest, no hard credit check. Smart budgeting for your family. No interest fees."
ad_3967,PayPal Pay Later,18-24,8309,1111.74,"Buy Now, Pay Later with no hidden fees!","Manage your cash flow better. Buy the essentials today and pay in small, manageable installments."
ad_3968,Klarna,35-44,868,3304.76,"Buy Now, Pay Later with no hidden fees!","Why wait until payday? Get the things you want now and split your payments. It's fast, easy, and risk-free."
ad_3969,Sezzle,18-24,6757,1702.19,Don't wait! Buy today and pay later.,"We help you buy what you want, when you want it. Download the app today. No credit impact! Treat yourself now. Instant decision."
ad_3970,Zip,65+,6883,4857.3,Zero interest when you pay in 4.,"Shop your favorite brands and pay over 6 weeks. No interest, no hard credit check. Smart budgeting for your family. No interest fees."
ad_3971,PayPal Pay Later,25-34,2394,4837.22,"Buy Now, Pay Later with no hidden fees!","Manage your cash flow better. Buy the essentials today and pay in small, manageable installments. No credit impact! Treat yourself now. Instant decision."
ad_3972,Zip,65+,1296,749.81,Split your purchase into 4 easy payments.,"We help you buy what you want, when you want it. Download the app today."
ad_3973,Affirm,25-34,17723,2118.71,"Buy Now, Pay Later with no hidden fees!","We help you buy what you want, when you want it. Download the app today."
ad_3974,Zip,18-24,9980,3139.02,Unlock your purchasing power.,"Why wait until payday? Get the things you want now and split your payments. It's fast, easy, and risk-free. No credit impact! Treat yourself now. Instant decision."
ad_3975,Affirm,25-34,1213,218.78,"Get it now, pay over time.",Instant approval! Just select our payment option at checkout.
ad_3976,Zip,18-24,2242,1759.4,Unlock your purchasing power.,Instant approval! Just select our payment option at checkout. No credit impact! Treat yourself now. Instant decision.
ad_3977,PayPal Pay Later,25-34,1169,4068.56,Don't wait! Buy today and pay later.,"Shop your favorite brands and pay over 6 weeks. No interest, no hard credit check."
ad_3978,Sezzle,18-24,5679,420.05,Unlock your purchasing power.,"We help you buy what you want, when you want it. Download the app today."
ad_3979,Zip,25-34,3210,2025.01,"Get it now, pay over time.",Don't let tight budgets hold you back. Flexible payment options available now! No credit impact! Treat yourself now. Instant decision.
ad_3980,Klarna,25-34,434,3910.61,"Buy Now, Pay Later with no hidden fees!","We help you buy what you want, when you want it. Download the app today. No credit impact! Treat yourself now. Instant decision."
ad_3981,PayPal Pay Later,65+,2484,299.82,Unlock your purchasing power.,"Manage your cash flow better. Buy the essentials today and pay in small, manageable installments. Smart budgeting for your family. No interest fees."
ad_3982,Zip,45-54,2233,4185.2,"Buy Now, Pay Later with no hidden fees!","We help you buy what you want, when you want it. Download the app today."
ad_3983,Sezzle,35-44,1344,1126.06,Split your purchase into 4 easy payments.,Instant approval! Just select our payment option at checkout. Smart budgeting for your family. No interest fees.
ad_3984,Klarna,18-24,1373,4961.72,"Buy Now, Pay Later with no hidden fees!","Why wait until payday? Get the things you want now and split your payments. It's fast, easy, and risk-free. No credit impact! Treat yourself now. Instant decision."
ad_3985,Affirm,18-24,4118,4881.11,Split your purchase into 4 easy payments.,Instant approval! Just select our payment option at checkout. No credit impact! Treat yourself now. Instant decision.
ad_3986,PayPal Pay Later,35-44,12089,4785.54,Zero interest when you pay in 4.,Don't let tight budgets hold you back. Flexible payment options available now! Smart budgeting for your family. No interest fees.
ad_3987,Afterpay,45-54,1591,658.2,"Get it now, pay over time.","We help you buy what you want, when you want it. Download the app today. Smart budgeting for your family. No interest fees."
ad_3988,Zip,25-34,4495,1182.64,"Buy Now, Pay Later with no hidden fees!","Shop your favorite brands and pay over 6 weeks. No interest, no hard credit check. No credit impact! Treat yourself now. Instant decision."
ad_3989,Sezzle,18-24,2815,1929.96,"Buy Now, Pay Later with no hidden fees!","We help you buy what you want, when you want it. Download the app today. No credit impact! Treat yourself now. Instant decision."
ad_3990,PayPal Pay Later,25-34,773,3077.51,Unlock your purchasing power.,"Shop your favorite brands and pay over 6 weeks. No interest, no hard credit check."
ad_3991,Sezzle,18-24,1007,1254.75,"Get it now, pay over time.","We help you buy what you want, when you want it. Download the app today. No credit impact! Treat yourself now. Instant decision."
ad_3992,Klarna,25-34,2700,4569.89,Unlock your purchasing power.,"Manage your cash flow better. Buy the essentials today and pay in small, manageable installments. No credit impact! Treat yourself now. Instant decision."
ad_3993,Klarna,18-24,1501,4191.36,Unlock your purchasing power.,"Why wait until payday? Get the things you want now and split your payments. It's fast, easy, and risk-free. No credit impact! Treat yourself now. Instant decision."
ad_3994,Zip,25-34,10231,1012.69,Unlock your purchasing power.,Don't let tight budgets hold you back. Flexible payment options available now! No credit impact! Treat yourself now. Instant decision.
ad_3995,Zip,18-24,9880,3886.78,Split your purchase into 4 easy payments.,Instant approval! Just select our payment option at checkout. No credit impact! Treat yourself now. Instant decision.
ad_3996,Afterpay,18-24,1656,2578.23,Zero interest when you pay in 4.,"Shop your favorite brands and pay over 6 weeks. No interest, no hard credit check. No credit impact! Treat yourself now. Instant decision."
ad_3997,Affirm,25-34,13725,4810.67,Unlock your purchasing power.,"Manage your cash flow better. Buy the essentials today and pay in small, manageable installments. No credit impact! Treat yourself now. Instant decision."
ad_3998,Zip,25-34,3390,4567.83,"Buy Now, Pay Later with no hidden fees!",Instant approval! Just select our payment option at checkout.
ad_3999,Affirm,18-24,866,81.92,Unlock your purchasing power.,"We help you buy what you want, when you want it. Download the app today. No credit impact! Treat yourself now. Instant decision."
ad_4000,Zip,18-24,1106,234.54,Zero interest when you pay in 4.,"Why wait until payday? Get the things you want now and split your payments. It's fast, easy, and risk-free. No credit impact! Treat yourself now. Instant decision."
ad_4001,Affirm,35-44,4114,4170.84,"Get it now, pay over time.","Manage your cash flow better. Buy the essentials today and pay in small, manageable installments. Smart budgeting for your family. No interest fees."
ad_4002,Sezzle,18-24,1347,1965.6,Zero interest when you pay in 4.,"Manage your cash flow better. Buy the essentials today and pay in small, manageable installments. No credit impact! Treat yourself now. Instant decision."
ad_4003,Klarna,18-24,1715,1679.75,Unlock your purchasing power.,"Manage your cash flow better. Buy the essentials today and pay in small, manageable installments. No credit impact! Treat yourself now. Instant decision."
ad_4004,Affirm,25-34,3741,3037.35,Split your purchase into 4 easy payments.,"We help you buy what you want, when you want it. Download the app today."
ad_4005,Klarna,25-34,1001,302.21,Split your purchase into 4 easy payments.,"Why wait until payday? Get the things you want now and split your payments. It's fast, easy, and risk-free."
ad_4006,Sezzle,18-24,2762,4066.13,Split your purchase into 4 easy payments.,"Shop your favorite brands and pay over 6 weeks. No interest, no hard credit check."
ad_4007,Affirm,25-34,1834,4984.27,Zero interest when you pay in 4.,"Why wait until payday? Get the things you want now and split your payments. It's fast, easy, and risk-free. No credit impact! Treat yourself now. Instant decision."
ad_4008,Affirm,25-34,1746,2940.52,Unlock your purchasing power.,"We help you buy what you want, when you want it. Download the app today. No credit impact! Treat yourself now. Instant decision."
ad_4009,Affirm,25-34,819,1117.53,"Get it now, pay over time.","Shop your favorite brands and pay over 6 weeks. No interest, no hard credit check. No credit impact! Treat yourself now. Instant decision."
ad_4010,Affirm,35-44,1998,1771.0,Unlock your purchasing power.,Don't let tight budgets hold you back. Flexible payment options available now! Smart budgeting for your family. No interest fees.
ad_4011,Zip,25-34,2087,293.93,Unlock your purchasing power.,Instant approval! Just select our payment option at checkout. No credit impact! Treat yourself now. Instant decision.
ad_4012,PayPal Pay Later,25-34,3525,4209.51,"Get it now, pay over time.","Manage your cash flow better. Buy the essentials today and pay in small, manageable installments. No credit impact! Treat yourself now. Instant decision."
ad_4013,Zip,18-24,19132,1539.83,Split your purchase into 4 easy payments.,"We help you buy what you want, when you want it. Download the app today."
ad_4014,Klarna,25-34,6159,852.8,"Buy Now, Pay Later with no hidden fees!",Instant approval! Just select our payment option at checkout.
ad_4015,Afterpay,25-34,3572,479.68,"Get it now, pay over time.","We help you buy what you want, when you want it. Download the app today. No credit impact! Treat yourself now. Instant decision."
ad_4016,Afterpay,18-24,1208,893.9,Split your purchase into 4 easy payments.,"Why wait until payday? Get the things you want now and split your payments. It's fast, easy, and risk-free. No credit impact! Treat yourself now. Instant decision."
ad_4017,Klarna,18-24,270,189.54,"Get it now, pay over time.",Don't let tight budgets hold you back. Flexible payment options available now!
ad_4018,Sezzle,35-44,1229,3428.78,Split your purchase into 4 easy payments.,Don't let tight budgets hold you back. Flexible payment options available now!
ad_4019,Afterpay,25-34,3833,2873.44,Don't wait! Buy today and pay later.,"Shop your favorite brands and pay over 6 weeks. No interest, no hard credit check. No credit impact! Treat yourself now. Instant decision."
ad_4020,Zip,18-24,6780,764.19,Zero interest when you pay in 4.,"We help you buy what you want, when you want it. Download the app today. No credit impact! Treat yourself now. Instant decision."
ad_4021,Klarna,25-34,15654,2216.66,Split your purchase into 4 easy payments.,Instant approval! Just select our payment option at checkout. No credit impact! Treat yourself now. Instant decision.
ad_4022,Affirm,35-44,25960,1249.27,Don't wait! Buy today and pay later.,"Shop your favorite brands and pay over 6 weeks. No interest, no hard credit check. Smart budgeting for your family. No interest fees."
ad_4023,Sezzle,35-44,342,3897.93,"Buy Now, Pay Later with no hidden fees!","Manage your cash flow better. Buy the essentials today and pay in small, manageable installments. Smart budgeting for your family. No interest fees."
ad_4024,Klarna,45-54,976,2348.1,"Get it now, pay over time.",Instant approval! Just select our payment option at checkout.
ad_4025,PayPal Pay Later,18-24,1486,2902.05,"Buy Now, Pay Later with no hidden fees!","Why wait until payday? Get the things you want now and split your payments. It's fast, easy, and risk-free. No credit impact! Treat yourself now. Instant decision."
ad_4026,Affirm,18-24,771,2579.97,Don't wait! Buy today and pay later.,Instant approval! Just select our payment option at checkout.
ad_4027,PayPal Pay Later,55-64,1288,2464.41,Unlock your purchasing power.,"Shop your favorite brands and pay over 6 weeks. No interest, no hard credit check. Smart budgeting for your family. No interest fees."
ad_4028,Afterpay,18-24,1744,3577.08,Unlock your purchasing power.,Instant approval! Just select our payment option at checkout. No credit impact! Treat yourself now. Instant decision.
ad_4029,PayPal Pay Later,25-34,3860,3528.68,Zero interest when you pay in 4.,"Manage your cash flow better. Buy the essentials today and pay in small, manageable installments."
ad_4030,Sezzle,18-24,2885,4536.91,"Get it now, pay over time.","Manage your cash flow better. Buy the essentials today and pay in small, manageable installments."
ad_4031,Afterpay,18-24,1554,1417.28,"Get it now, pay over time.","We help you buy what you want, when you want it. Download the app today. No credit impact! Treat yourself now. Instant decision."
ad_4032,PayPal Pay Later,35-44,5002,3731.35,Don't wait! Buy today and pay later.,"Manage your cash flow better. Buy the essentials today and pay in small, manageable installments. Smart budgeting for your family. No interest fees."
ad_4033,Klarna,18-24,2305,1719.08,Unlock your purchasing power.,"Manage your cash flow better. Buy the essentials today and pay in small, manageable installments. No credit impact! Treat yourself now. Instant decision."
ad_4034,Klarna,18-24,1606,1684.78,"Buy Now, Pay Later with no hidden fees!","Manage your cash flow better. Buy the essentials today and pay in small, manageable installments. No credit impact! Treat yourself now. Instant decision."
ad_4035,Sezzle,25-34,6941,4081.84,"Buy Now, Pay Later with no hidden fees!",Instant approval! Just select our payment option at checkout. No credit impact! Treat yourself now. Instant decision.
ad_4036,Afterpay,18-24,3358,270.15,Zero interest when you pay in 4.,"Shop your favorite brands and pay over 6 weeks. No interest, no hard credit check. No credit impact! Treat yourself now. Instant decision."
ad_4037,Afterpay,25-34,2141,3083.85,"Get it now, pay over time.",Don't let tight budgets hold you back. Flexible payment options available now! No credit impact! Treat yourself now. Instant decision.
ad_4038,Affirm,35-44,1228,1608.64,Unlock your purchasing power.,"We help you buy what you want, when you want it. Download the app today. Smart budgeting for your family. No interest fees."
ad_4039,Zip,25-34,2045,4088.4,Unlock your purchasing power.,"Why wait until payday? Get the things you want now and split your payments. It's fast, easy, and risk-free. No credit impact! Treat yourself now. Instant decision."
ad_4040,Sezzle,55-64,923,1278.8,Unlock your purchasing power.,Don't let tight budgets hold you back. Flexible payment options available now! Smart budgeting for your family. No interest fees.
ad_4041,Sezzle,25-34,4769,3446.08,"Buy Now, Pay Later with no hidden fees!","Shop your favorite brands and pay over 6 weeks. No interest, no hard credit check."
ad_4042,PayPal Pay Later,18-24,5773,1694.44,Don't wait! Buy today and pay later.,Don't let tight budgets hold you back. Flexible payment options available now! No credit impact! Treat yourself now. Instant decision.
ad_4043,Zip,18-24,1580,3217.23,Zero interest when you pay in 4.,Instant approval! Just select our payment option at checkout. No credit impact! Treat yourself now. Instant decision.
ad_4044,Affirm,25-34,5394,4691.39,"Buy Now, Pay Later with no hidden fees!",Instant approval! Just select our payment option at checkout. No credit impact! Treat yourself now. Instant decision.
ad_4045,Sezzle,25-34,1094,360.34,"Get it now, pay over time.","Manage your cash flow better. Buy the essentials today and pay in small, manageable installments. No credit impact! Treat yourself now. Instant decision."
ad_4046,Sezzle,25-34,393,4443.56,"Get it now, pay over time.",Don't let tight budgets hold you back. Flexible payment options available now!
ad_4047,Zip,35-44,3646,3388.58,Don't wait! Buy today and pay later.,"Why wait until payday? Get the things you want now and split your payments. It's fast, easy, and risk-free. Smart budgeting for your family. No interest fees."
ad_4048,Klarna,18-24,8603,1453.78,Split your purchase into 4 easy payments.,"We help you buy what you want, when you want it. Download the app today."
ad_4049,PayPal Pay Later,18-24,2337,3738.84,Zero interest when you pay in 4.,Don't let tight budgets hold you back. Flexible payment options available now! No credit impact! Treat yourself now. Instant decision.
ad_4050,Zip,45-54,3823,2925.87,Split your purchase into 4 easy payments.,"We help you buy what you want, when you want it. Download the app today. Smart budgeting for your family. No interest fees."
ad_4051,Sezzle,18-24,2090,4230.63,"Get it now, pay over time.","Manage your cash flow better. Buy the essentials today and pay in small, manageable installments. No credit impact! Treat yourself now. Instant decision."
ad_4052,Sezzle,25-34,2588,592.58,"Buy Now, Pay Later with no hidden fees!","Manage your cash flow better. Buy the essentials today and pay in small, manageable installments. No credit impact! Treat yourself now. Instant decision."
ad_4053,Klarna,45-54,1309,160.71,"Get it now, pay over time.","We help you buy what you want, when you want it. Download the app today. Smart budgeting for your family. No interest fees."
ad_4054,Klarna,35-44,3816,3666.43,"Buy Now, Pay Later with no hidden fees!","Manage your cash flow better. Buy the essentials today and pay in small, manageable installments. Smart budgeting for your family. No interest fees."
ad_4055,Zip,25-34,17488,4759.5,"Buy Now, Pay Later with no hidden fees!","Manage your cash flow better. Buy the essentials today and pay in small, manageable installments."
ad_4056,Affirm,25-34,2459,4509.36,"Buy Now, Pay Later with no hidden fees!","Why wait until payday? Get the things you want now and split your payments. It's fast, easy, and risk-free."
ad_4057,PayPal Pay Later,25-34,5138,140.83,"Buy Now, Pay Later with no hidden fees!","We help you buy what you want, when you want it. Download the app today."
ad_4058,Klarna,18-24,5890,780.29,Unlock your purchasing power.,"Why wait until payday? Get the things you want now and split your payments. It's fast, easy, and risk-free. No credit impact! Treat yourself now. Instant decision."
ad_4059,Sezzle,25-34,1318,843.01,Zero interest when you pay in 4.,Instant approval! Just select our payment option at checkout.
ad_4060,Sezzle,18-24,371,4605.42,Unlock your purchasing power.,"Manage your cash flow better. Buy the essentials today and pay in small, manageable installments. No credit impact! Treat yourself now. Instant decision."
ad_4061,PayPal Pay Later,45-54,11538,3002.05,Split your purchase into 4 easy payments.,"Manage your cash flow better. Buy the essentials today and pay in small, manageable installments."
ad_4062,Zip,25-34,3926,4489.3,"Buy Now, Pay Later with no hidden fees!","We help you buy what you want, when you want it. Download the app today. No credit impact! Treat yourself now. Instant decision."
ad_4063,PayPal Pay Later,18-24,896,4528.13,Unlock your purchasing power.,"Shop your favorite brands and pay over 6 weeks. No interest, no hard credit check. No credit impact! Treat yourself now. Instant decision."
ad_4064,PayPal Pay Later,18-24,4250,565.65,"Buy Now, Pay Later with no hidden fees!",Instant approval! Just select our payment option at checkout. No credit impact! Treat yourself now. Instant decision.
ad_4065,Sezzle,18-24,5379,1140.32,Split your purchase into 4 easy payments.,"We help you buy what you want, when you want it. Download the app today. No credit impact! Treat yourself now. Instant decision."
ad_4066,Klarna,25-34,7446,3842.88,"Buy Now, Pay Later with no hidden fees!","We help you buy what you want, when you want it. Download the app today. No credit impact! Treat yourself now. Instant decision."
ad_4067,Sezzle,18-24,10551,917.59,Unlock your purchasing power.,"Manage your cash flow better. Buy the essentials today and pay in small, manageable installments. No credit impact! Treat yourself now. Instant decision."
ad_4068,Affirm,25-34,2014,376.61,Split your purchase into 4 easy payments.,"We help you buy what you want, when you want it. Download the app today."
ad_4069,Affirm,18-24,2807,4907.87,Don't wait! Buy today and pay later.,Don't let tight budgets hold you back. Flexible payment options available now! No credit impact! Treat yourself now. Instant decision.
ad_4070,Affirm,18-24,2033,1029.85,Unlock your purchasing power.,Don't let tight budgets hold you back. Flexible payment options available now!
ad_4071,Klarna,45-54,540,4687.02,Don't wait! Buy today and pay later.,"Shop your favorite brands and pay over 6 weeks. No interest, no hard credit check. Smart budgeting for your family. No interest fees."
ad_4072,Sezzle,25-34,8831,1646.41,Zero interest when you pay in 4.,"We help you buy what you want, when you want it. Download the app today. No credit impact! Treat yourself now. Instant decision."
ad_4073,Klarna,25-34,6650,1345.63,Zero interest when you pay in 4.,"Shop your favorite brands and pay over 6 weeks. No interest, no hard credit check. No credit impact! Treat yourself now. Instant decision."
ad_4074,Sezzle,25-34,1307,4200.95,"Buy Now, Pay Later with no hidden fees!","Why wait until payday? Get the things you want now and split your payments. It's fast, easy, and risk-free."
ad_4075,Affirm,35-44,1575,1348.44,Don't wait! Buy today and pay later.,"Why wait until payday? Get the things you want now and split your payments. It's fast, easy, and risk-free. Smart budgeting for your family. No interest fees."
ad_4076,Affirm,25-34,1724,4158.86,Don't wait! Buy today and pay later.,"Why wait until payday? Get the things you want now and split your payments. It's fast, easy, and risk-free. No credit impact! Treat yourself now. Instant decision."
ad_4077,Klarna,45-54,2521,590.11,Split your purchase into 4 easy payments.,Instant approval! Just select our payment option at checkout. Smart budgeting for your family. No interest fees.
ad_4078,Sezzle,18-24,6688,1079.62,Zero interest when you pay in 4.,"Manage your cash flow better. Buy the essentials today and pay in small, manageable installments. No credit impact! Treat yourself now. Instant decision."
ad_4079,Klarna,35-44,25717,2002.66,Don't wait! Buy today and pay later.,"Shop your favorite brands and pay over 6 weeks. No interest, no hard credit check. Smart budgeting for your family. No interest fees."
ad_4080,Sezzle,45-54,1717,2349.16,"Buy Now, Pay Later with no hidden fees!","Manage your cash flow better. Buy the essentials today and pay in small, manageable installments. Smart budgeting for your family. No interest fees."
ad_4081,Zip,18-24,3143,2960.55,"Buy Now, Pay Later with no hidden fees!",Instant approval! Just select our payment option at checkout.
ad_4082,Sezzle,45-54,3282,3908.98,"Buy Now, Pay Later with no hidden fees!","Why wait until payday? Get the things you want now and split your payments. It's fast, easy, and risk-free."
ad_4083,Zip,35-44,364,3861.92,"Get it now, pay over time.","We help you buy what you want, when you want it. Download the app today."
ad_4084,Zip,18-24,7106,1936.35,"Get it now, pay over time.",Instant approval! Just select our payment option at checkout.
ad_4085,Sezzle,25-34,1920,618.54,Split your purchase into 4 easy payments.,Don't let tight budgets hold you back. Flexible payment options available now! No credit impact! Treat yourself now. Instant decision.
ad_4086,Afterpay,18-24,9518,1277.33,Zero interest when you pay in 4.,"We help you buy what you want, when you want it. Download the app today."
ad_4087,Affirm,18-24,663,3277.38,Split your purchase into 4 easy payments.,"Why wait until payday? Get the things you want now and split your payments. It's fast, easy, and risk-free."
ad_4088,Afterpay,18-24,15038,3906.11,"Buy Now, Pay Later with no hidden fees!","Why wait until payday? Get the things you want now and split your payments. It's fast, easy, and risk-free. No credit impact! Treat yourself now. Instant decision."
ad_4089,PayPal Pay Later,18-24,1906,2834.78,Don't wait! Buy today and pay later.,"Manage your cash flow better. Buy the essentials today and pay in small, manageable installments. No credit impact! Treat yourself now. Instant decision."
ad_4090,PayPal Pay Later,45-54,5814,966.93,Split your purchase into 4 easy payments.,Instant approval! Just select our payment option at checkout. Smart budgeting for your family. No interest fees.
ad_4091,Zip,18-24,1572,3065.73,"Buy Now, Pay Later with no hidden fees!","Shop your favorite brands and pay over 6 weeks. No interest, no hard credit check. No credit impact! Treat yourself now. Instant decision."
ad_4092,Zip,45-54,2122,292.8,"Get it now, pay over time.",Don't let tight budgets hold you back. Flexible payment options available now!
ad_4093,Zip,25-34,3576,1982.55,"Buy Now, Pay Later with no hidden fees!","We help you buy what you want, when you want it. Download the app today. No credit impact! Treat yourself now. Instant decision."
ad_4094,Sezzle,45-54,1562,1808.32,"Get it now, pay over time.",Instant approval! Just select our payment option at checkout. Smart budgeting for your family. No interest fees.
ad_4095,PayPal Pay Later,25-34,8316,522.92,"Buy Now, Pay Later with no hidden fees!",Don't let tight budgets hold you back. Flexible payment options available now! No credit impact! Treat yourself now. Instant decision.
ad_4096,Affirm,25-34,1528,4164.54,"Buy Now, Pay Later with no hidden fees!","Manage your cash flow better. Buy the essentials today and pay in small, manageable installments. No credit impact! Treat yourself now. Instant decision."
ad_4097,Sezzle,25-34,2092,4567.16,"Get it now, pay over time.","Manage your cash flow better. Buy the essentials today and pay in small, manageable installments. No credit impact! Treat yourself now. Instant decision."
ad_4098,Sezzle,25-34,2200,380.89,"Get it now, pay over time.","Why wait until payday? Get the things you want now and split your payments. It's fast, easy, and risk-free. No credit impact! Treat yourself now. Instant decision."
ad_4099,Afterpay,25-34,1767,980.57,Zero interest when you pay in 4.,"Shop your favorite brands and pay over 6 weeks. No interest, no hard credit check. No credit impact! Treat yourself now. Instant decision."
ad_4100,Klarna,25-34,3075,457.79,"Get it now, pay over time.",Instant approval! Just select our payment option at checkout. No credit impact! Treat yourself now. Instant decision.
ad_4101,Zip,25-34,3176,1902.6,Zero interest when you pay in 4.,"Shop your favorite brands and pay over 6 weeks. No interest, no hard credit check. No credit impact! Treat yourself now. Instant decision."
ad_4102,Afterpay,55-64,1549,1741.29,Unlock your purchasing power.,"Why wait until payday? Get the things you want now and split your payments. It's fast, easy, and risk-free. Smart budgeting for your family. No interest fees."
ad_4103,PayPal Pay Later,18-24,4829,4932.96,"Buy Now, Pay Later with no hidden fees!",Instant approval! Just select our payment option at checkout.
ad_4104,Zip,18-24,3382,3553.9,Don't wait! Buy today and pay later.,Instant approval! Just select our payment option at checkout.
ad_4105,Klarna,45-54,10085,452.89,Unlock your purchasing power.,Don't let tight budgets hold you back. Flexible payment options available now! Smart budgeting for your family. No interest fees.
ad_4106,Zip,25-34,1764,3124.66,Zero interest when you pay in 4.,"Why wait until payday? Get the things you want now and split your payments. It's fast, easy, and risk-free. No credit impact! Treat yourself now. Instant decision."
ad_4107,Klarna,18-24,6560,1743.46,"Buy Now, Pay Later with no hidden fees!",Instant approval! Just select our payment option at checkout. No credit impact! Treat yourself now. Instant decision.
ad_4108,Sezzle,25-34,4480,3715.94,Don't wait! Buy today and pay later.,Instant approval! Just select our payment option at checkout. No credit impact! Treat yourself now. Instant decision.
ad_4109,Sezzle,18-24,2458,4856.82,Don't wait! Buy today and pay later.,"Manage your cash flow better. Buy the essentials today and pay in small, manageable installments."
ad_4110,Affirm,18-24,10412,3773.68,Unlock your purchasing power.,Instant approval! Just select our payment option at checkout. No credit impact! Treat yourself now. Instant decision.
ad_4111,Zip,25-34,1599,4331.75,Don't wait! Buy today and pay later.,"Shop your favorite brands and pay over 6 weeks. No interest, no hard credit check. No credit impact! Treat yourself now. Instant decision."
ad_4112,Klarna,35-44,1529,2491.41,Unlock your purchasing power.,"Why wait until payday? Get the things you want now and split your payments. It's fast, easy, and risk-free. Smart budgeting for your family. No interest fees."
ad_4113,Zip,25-34,1194,1691.06,Unlock your purchasing power.,"We help you buy what you want, when you want it. Download the app today."
ad_4114,Klarna,18-24,27571,4552.71,"Buy Now, Pay Later with no hidden fees!",Instant approval! Just select our payment option at checkout.
ad_4115,PayPal Pay Later,65+,3261,3842.37,Split your purchase into 4 easy payments.,Instant approval! Just select our payment option at checkout. Smart budgeting for your family. No interest fees.
ad_4116,Klarna,55-64,457,1690.45,Don't wait! Buy today and pay later.,Don't let tight budgets hold you back. Flexible payment options available now!
ad_4117,Zip,18-24,26804,184.82,Unlock your purchasing power.,Don't let tight budgets hold you back. Flexible payment options available now! No credit impact! Treat yourself now. Instant decision.
ad_4118,PayPal Pay Later,25-34,1809,561.22,Don't wait! Buy today and pay later.,"Why wait until payday? Get the things you want now and split your payments. It's fast, easy, and risk-free. No credit impact! Treat yourself now. Instant decision."
ad_4119,Klarna,25-34,512,3767.77,"Buy Now, Pay Later with no hidden fees!",Don't let tight budgets hold you back. Flexible payment options available now! No credit impact! Treat yourself now. Instant decision.
ad_4120,Affirm,18-24,1368,2741.7,Split your purchase into 4 easy payments.,"Shop your favorite brands and pay over 6 weeks. No interest, no hard credit check."
ad_4121,Klarna,25-34,1019,1808.45,Don't wait! Buy today and pay later.,"Shop your favorite brands and pay over 6 weeks. No interest, no hard credit check. No credit impact! Treat yourself now. Instant decision."
ad_4122,PayPal Pay Later,25-34,806,3021.0,Unlock your purchasing power.,Instant approval! Just select our payment option at checkout. No credit impact! Treat yourself now. Instant decision.
ad_4123,PayPal Pay Later,18-24,12256,2626.39,Unlock your purchasing power.,"Why wait until payday? Get the things you want now and split your payments. It's fast, easy, and risk-free. No credit impact! Treat yourself now. Instant decision."
ad_4124,Affirm,35-44,3874,2666.04,"Get it now, pay over time.",Instant approval! Just select our payment option at checkout. Smart budgeting for your family. No interest fees.
ad_4125,PayPal Pay Later,55-64,576,3660.63,"Buy Now, Pay Later with no hidden fees!",Instant approval! Just select our payment option at checkout. Smart budgeting for your family. No interest fees.
ad_4126,Klarna,25-34,2007,4045.04,"Buy Now, Pay Later with no hidden fees!","Manage your cash flow better. Buy the essentials today and pay in small, manageable installments. No credit impact! Treat yourself now. Instant decision."
ad_4127,Zip,18-24,6000,4188.22,Split your purchase into 4 easy payments.,Instant approval! Just select our payment option at checkout.
ad_4128,Sezzle,18-24,3655,2099.44,Split your purchase into 4 easy payments.,"We help you buy what you want, when you want it. Download the app today."
ad_4129,Sezzle,25-34,4587,4439.71,"Buy Now, Pay Later with no hidden fees!","We help you buy what you want, when you want it. Download the app today."
ad_4130,Affirm,45-54,11112,1888.44,"Get it now, pay over time.","We help you buy what you want, when you want it. Download the app today."
ad_4131,Sezzle,25-34,1210,2865.56,Zero interest when you pay in 4.,"Shop your favorite brands and pay over 6 weeks. No interest, no hard credit check."
ad_4132,Zip,18-24,4513,1586.48,Split your purchase into 4 easy payments.,"Why wait until payday? Get the things you want now and split your payments. It's fast, easy, and risk-free. No credit impact! Treat yourself now. Instant decision."
ad_4133,Zip,25-34,4938,1267.22,"Buy Now, Pay Later with no hidden fees!",Don't let tight budgets hold you back. Flexible payment options available now! No credit impact! Treat yourself now. Instant decision.
ad_4134,Afterpay,18-24,5481,3110.65,Don't wait! Buy today and pay later.,Instant approval! Just select our payment option at checkout.
ad_4135,Affirm,25-34,514,1979.23,"Buy Now, Pay Later with no hidden fees!",Don't let tight budgets hold you back. Flexible payment options available now! No credit impact! Treat yourself now. Instant decision.
ad_4136,Sezzle,35-44,468,3885.56,Unlock your purchasing power.,"We help you buy what you want, when you want it. Download the app today."
ad_4137,Zip,25-34,2171,341.08,Don't wait! Buy today and pay later.,Don't let tight budgets hold you back. Flexible payment options available now!
ad_4138,Sezzle,18-24,637,3725.56,Zero interest when you pay in 4.,Instant approval! Just select our payment option at checkout.
ad_4139,Afterpay,25-34,7226,1426.96,Zero interest when you pay in 4.,"We help you buy what you want, when you want it. Download the app today. No credit impact! Treat yourself now. Instant decision."
ad_4140,Sezzle,25-34,4219,4636.03,Zero interest when you pay in 4.,Don't let tight budgets hold you back. Flexible payment options available now! No credit impact! Treat yourself now. Instant decision.
ad_4141,Affirm,25-34,33929,623.47,Unlock your purchasing power.,"Why wait until payday? Get the things you want now and split your payments. It's fast, easy, and risk-free. No credit impact! Treat yourself now. Instant decision."
ad_4142,Zip,18-24,8414,4124.41,Split your purchase into 4 easy payments.,"We help you buy what you want, when you want it. Download the app today. No credit impact! Treat yourself now. Instant decision."
ad_4143,Afterpay,18-24,6622,3426.52,"Buy Now, Pay Later with no hidden fees!",Don't let tight budgets hold you back. Flexible payment options available now! No credit impact! Treat yourself now. Instant decision.
ad_4144,Zip,25-34,86839,250.97,Don't wait! Buy today and pay later.,"We help you buy what you want, when you want it. Download the app today. No credit impact! Treat yourself now. Instant decision."
ad_4145,Klarna,25-34,2187,4322.22,Unlock your purchasing power.,"Manage your cash flow better. Buy the essentials today and pay in small, manageable installments. No credit impact! Treat yourself now. Instant decision."
ad_4146,Sezzle,18-24,10310,409.83,"Get it now, pay over time.",Instant approval! Just select our payment option at checkout.
ad_4147,Klarna,35-44,6948,2555.22,"Get it now, pay over time.","Manage your cash flow better. Buy the essentials today and pay in small, manageable installments."
ad_4148,Affirm,55-64,1689,1247.39,Don't wait! Buy today and pay later.,"Why wait until payday? Get the things you want now and split your payments. It's fast, easy, and risk-free. Smart budgeting for your family. No interest fees."
ad_4149,Klarna,25-34,1786,1305.02,Unlock your purchasing power.,"Manage your cash flow better. Buy the essentials today and pay in small, manageable installments. No credit impact! Treat yourself now. Instant decision."
ad_4150,Afterpay,18-24,3024,673.73,"Buy Now, Pay Later with no hidden fees!",Instant approval! Just select our payment option at checkout.
ad_4151,Sezzle,35-44,1596,4782.42,Unlock your purchasing power.,"Why wait until payday? Get the things you want now and split your payments. It's fast, easy, and risk-free."
ad_4152,Klarna,18-24,488,3596.11,Split your purchase into 4 easy payments.,"We help you buy what you want, when you want it. Download the app today. No credit impact! Treat yourself now. Instant decision."
ad_4153,Afterpay,25-34,2592,4606.89,Unlock your purchasing power.,"Why wait until payday? Get the things you want now and split your payments. It's fast, easy, and risk-free."
ad_4154,Sezzle,18-24,5720,585.52,Unlock your purchasing power.,"Shop your favorite brands and pay over 6 weeks. No interest, no hard credit check. No credit impact! Treat yourself now. Instant decision."
ad_4155,Zip,18-24,4735,3381.93,Don't wait! Buy today and pay later.,"Why wait until payday? Get the things you want now and split your payments. It's fast, easy, and risk-free. No credit impact! Treat yourself now. Instant decision."
ad_4156,Zip,18-24,5794,1926.2,"Buy Now, Pay Later with no hidden fees!","We help you buy what you want, when you want it. Download the app today. No credit impact! Treat yourself now. Instant decision."
ad_4157,Afterpay,25-34,2441,4543.41,Zero interest when you pay in 4.,"Why wait until payday? Get the things you want now and split your payments. It's fast, easy, and risk-free."
ad_4158,Affirm,45-54,9524,4928.13,"Get it now, pay over time.","Shop your favorite brands and pay over 6 weeks. No interest, no hard credit check. Smart budgeting for your family. No interest fees."
ad_4159,Zip,55-64,8594,2138.56,Unlock your purchasing power.,"Manage your cash flow better. Buy the essentials today and pay in small, manageable installments."
ad_4160,PayPal Pay Later,25-34,988,3058.88,"Get it now, pay over time.","Manage your cash flow better. Buy the essentials today and pay in small, manageable installments. No credit impact! Treat yourself now. Instant decision."
ad_4161,Affirm,25-34,6545,4440.59,Zero interest when you pay in 4.,"Why wait until payday? Get the things you want now and split your payments. It's fast, easy, and risk-free. No credit impact! Treat yourself now. Instant decision."
ad_4162,Sezzle,18-24,9709,4639.04,Zero interest when you pay in 4.,Instant approval! Just select our payment option at checkout.
ad_4163,Klarna,18-24,2432,4607.04,"Buy Now, Pay Later with no hidden fees!","We help you buy what you want, when you want it. Download the app today. No credit impact! Treat yourself now. Instant decision."
ad_4164,Sezzle,25-34,8219,1942.37,Don't wait! Buy today and pay later.,Instant approval! Just select our payment option at checkout.
ad_4165,Afterpay,35-44,10509,947.52,Zero interest when you pay in 4.,"Shop your favorite brands and pay over 6 weeks. No interest, no hard credit check."
ad_4166,Sezzle,35-44,11186,82.26,Unlock your purchasing power.,"Why wait until payday? Get the things you want now and split your payments. It's fast, easy, and risk-free."
ad_4167,Zip,35-44,1594,4717.24,Don't wait! Buy today and pay later.,"Manage your cash flow better. Buy the essentials today and pay in small, manageable installments. Smart budgeting for your family. No interest fees."
ad_4168,Zip,55-64,3898,1694.66,Split your purchase into 4 easy payments.,"We help you buy what you want, when you want it. Download the app today. Smart budgeting for your family. No interest fees."
ad_4169,Zip,18-24,128,1903.67,"Get it now, pay over time.","Shop your favorite brands and pay over 6 weeks. No interest, no hard credit check."
ad_4170,Affirm,25-34,5219,1458.08,"Buy Now, Pay Later with no hidden fees!","Shop your favorite brands and pay over 6 weeks. No interest, no hard credit check."
ad_4171,PayPal Pay Later,35-44,3056,1516.27,Zero interest when you pay in 4.,Don't let tight budgets hold you back. Flexible payment options available now! Smart budgeting for your family. No interest fees.
ad_4172,Klarna,25-34,823,4204.22,Don't wait! Buy today and pay later.,"Shop your favorite brands and pay over 6 weeks. No interest, no hard credit check. No credit impact! Treat yourself now. Instant decision."
ad_4173,Sezzle,25-34,1668,2806.15,"Buy Now, Pay Later with no hidden fees!",Don't let tight budgets hold you back. Flexible payment options available now! No credit impact! Treat yourself now. Instant decision.
ad_4174,Affirm,25-34,2049,2946.36,"Get it now, pay over time.","We help you buy what you want, when you want it. Download the app today. No credit impact! Treat yourself now. Instant decision."
ad_4175,PayPal Pay Later,65+,997,4872.85,Unlock your purchasing power.,"Why wait until payday? Get the things you want now and split your payments. It's fast, easy, and risk-free. Smart budgeting for your family. No interest fees."
ad_4176,Zip,18-24,2193,4459.78,"Buy Now, Pay Later with no hidden fees!","Shop your favorite brands and pay over 6 weeks. No interest, no hard credit check. No credit impact! Treat yourself now. Instant decision."
ad_4177,Zip,35-44,2192,1350.63,Don't wait! Buy today and pay later.,"Manage your cash flow better. Buy the essentials today and pay in small, manageable installments."
ad_4178,Zip,25-34,309,3042.59,Unlock your purchasing power.,"We help you buy what you want, when you want it. Download the app today. No credit impact! Treat yourself now. Instant decision."
ad_4179,PayPal Pay Later,25-34,571,1923.27,Don't wait! Buy today and pay later.,"We help you buy what you want, when you want it. Download the app today. No credit impact! Treat yourself now. Instant decision."
ad_4180,Affirm,45-54,17108,448.56,Zero interest when you pay in 4.,"Manage your cash flow better. Buy the essentials today and pay in small, manageable installments."
ad_4181,Klarna,18-24,2119,2916.75,"Get it now, pay over time.","Why wait until payday? Get the things you want now and split your payments. It's fast, easy, and risk-free."
ad_4182,Afterpay,45-54,1259,2259.35,Split your purchase into 4 easy payments.,"Shop your favorite brands and pay over 6 weeks. No interest, no hard credit check."
ad_4183,Klarna,55-64,518,147.79,Split your purchase into 4 easy payments.,"Shop your favorite brands and pay over 6 weeks. No interest, no hard credit check. Smart budgeting for your family. No interest fees."
ad_4184,Klarna,18-24,5732,2262.13,"Buy Now, Pay Later with no hidden fees!","Why wait until payday? Get the things you want now and split your payments. It's fast, easy, and risk-free. No credit impact! Treat yourself now. Instant decision."
ad_4185,PayPal Pay Later,25-34,772,2112.78,"Get it now, pay over time.","Why wait until payday? Get the things you want now and split your payments. It's fast, easy, and risk-free. No credit impact! Treat yourself now. Instant decision."
ad_4186,PayPal Pay Later,18-24,3934,2977.98,Unlock your purchasing power.,"Manage your cash flow better. Buy the essentials today and pay in small, manageable installments. No credit impact! Treat yourself now. Instant decision."
ad_4187,Sezzle,35-44,8412,1213.55,Zero interest when you pay in 4.,"We help you buy what you want, when you want it. Download the app today."
ad_4188,Afterpay,25-34,1875,4295.35,Split your purchase into 4 easy payments.,"Why wait until payday? Get the things you want now and split your payments. It's fast, easy, and risk-free."
ad_4189,Sezzle,18-24,1247,1889.56,Don't wait! Buy today and pay later.,Instant approval! Just select our payment option at checkout.
ad_4190,Affirm,45-54,2952,717.3,"Buy Now, Pay Later with no hidden fees!",Don't let tight budgets hold you back. Flexible payment options available now! Smart budgeting for your family. No interest fees.
ad_4191,Klarna,35-44,7076,125.11,"Buy Now, Pay Later with no hidden fees!","Why wait until payday? Get the things you want now and split your payments. It's fast, easy, and risk-free."
ad_4192,Sezzle,18-24,893,976.33,Don't wait! Buy today and pay later.,"Manage your cash flow better. Buy the essentials today and pay in small, manageable installments."
ad_4193,Sezzle,35-44,3678,482.34,"Buy Now, Pay Later with no hidden fees!",Don't let tight budgets hold you back. Flexible payment options available now! Smart budgeting for your family. No interest fees.
ad_4194,Afterpay,18-24,6384,2079.81,Split your purchase into 4 easy payments.,"Shop your favorite brands and pay over 6 weeks. No interest, no hard credit check. No credit impact! Treat yourself now. Instant decision."
ad_4195,Afterpay,25-34,1986,2118.03,Split your purchase into 4 easy payments.,"Manage your cash flow better. Buy the essentials today and pay in small, manageable installments. No credit impact! Treat yourself now. Instant decision."
ad_4196,Afterpay,25-34,1882,2803.72,"Get it now, pay over time.",Instant approval! Just select our payment option at checkout. No credit impact! Treat yourself now. Instant decision.
ad_4197,Zip,25-34,3722,3596.92,Unlock your purchasing power.,"Why wait until payday? Get the things you want now and split your payments. It's fast, easy, and risk-free."
ad_4198,Klarna,25-34,1187,277.87,Unlock your purchasing power.,"Shop your favorite brands and pay over 6 weeks. No interest, no hard credit check. No credit impact! Treat yourself now. Instant decision."
ad_4199,Afterpay,55-64,1096,3140.1,"Buy Now, Pay Later with no hidden fees!",Instant approval! Just select our payment option at checkout.
ad_4200,Sezzle,25-34,1862,816.9,Unlock your purchasing power.,"Manage your cash flow better. Buy the essentials today and pay in small, manageable installments. No credit impact! Treat yourself now. Instant decision."
ad_4201,PayPal Pay Later,25-34,725,1161.85,"Buy Now, Pay Later with no hidden fees!","We help you buy what you want, when you want it. Download the app today. No credit impact! Treat yourself now. Instant decision."
ad_4202,Afterpay,25-34,848,4653.41,"Buy Now, Pay Later with no hidden fees!",Instant approval! Just select our payment option at checkout. No credit impact! Treat yourself now. Instant decision.
ad_4203,Sezzle,45-54,2818,1764.92,"Buy Now, Pay Later with no hidden fees!","Manage your cash flow better. Buy the essentials today and pay in small, manageable installments. Smart budgeting for your family. No interest fees."
ad_4204,Affirm,45-54,856,2194.13,"Get it now, pay over time.","Shop your favorite brands and pay over 6 weeks. No interest, no hard credit check."
ad_4205,Klarna,18-24,523,965.75,Unlock your purchasing power.,"Manage your cash flow better. Buy the essentials today and pay in small, manageable installments. No credit impact! Treat yourself now. Instant decision."
ad_4206,Affirm,18-24,1345,1967.42,"Buy Now, Pay Later with no hidden fees!","Why wait until payday? Get the things you want now and split your payments. It's fast, easy, and risk-free. No credit impact! Treat yourself now. Instant decision."
ad_4207,PayPal Pay Later,45-54,4139,3075.71,Don't wait! Buy today and pay later.,"We help you buy what you want, when you want it. Download the app today."
ad_4208,PayPal Pay Later,35-44,2667,2283.49,Unlock your purchasing power.,Don't let tight budgets hold you back. Flexible payment options available now! Smart budgeting for your family. No interest fees.
ad_4209,PayPal Pay Later,25-34,1575,1549.37,Unlock your purchasing power.,"We help you buy what you want, when you want it. Download the app today. No credit impact! Treat yourself now. Instant decision."
ad_4210,Zip,25-34,6971,320.4,Unlock your purchasing power.,"Why wait until payday? Get the things you want now and split your payments. It's fast, easy, and risk-free. No credit impact! Treat yourself now. Instant decision."
ad_4211,PayPal Pay Later,35-44,1252,4323.36,Zero interest when you pay in 4.,Instant approval! Just select our payment option at checkout. Smart budgeting for your family. No interest fees.
ad_4212,Sezzle,18-24,25148,271.52,Zero interest when you pay in 4.,"We help you buy what you want, when you want it. Download the app today. No credit impact! Treat yourself now. Instant decision."
ad_4213,Sezzle,25-34,3335,4456.21,"Buy Now, Pay Later with no hidden fees!","Why wait until payday? Get the things you want now and split your payments. It's fast, easy, and risk-free. No credit impact! Treat yourself now. Instant decision."
ad_4214,Zip,18-24,3621,3847.5,"Get it now, pay over time.",Don't let tight budgets hold you back. Flexible payment options available now! No credit impact! Treat yourself now. Instant decision.
ad_4215,Klarna,35-44,12360,470.91,Don't wait! Buy today and pay later.,Instant approval! Just select our payment option at checkout. Smart budgeting for your family. No interest fees.
ad_4216,PayPal Pay Later,45-54,3358,3482.27,Unlock your purchasing power.,"We help you buy what you want, when you want it. Download the app today. Smart budgeting for your family. No interest fees."
ad_4217,Zip,18-24,1852,1478.83,"Buy Now, Pay Later with no hidden fees!",Don't let tight budgets hold you back. Flexible payment options available now! No credit impact! Treat yourself now. Instant decision.
ad_4218,Sezzle,35-44,937,125.35,"Get it now, pay over time.","Why wait until payday? Get the things you want now and split your payments. It's fast, easy, and risk-free. Smart budgeting for your family. No interest fees."
ad_4219,Klarna,25-34,4017,4075.26,Don't wait! Buy today and pay later.,"Shop your favorite brands and pay over 6 weeks. No interest, no hard credit check. No credit impact! Treat yourself now. Instant decision."
ad_4220,Sezzle,45-54,4232,1850.16,Unlock your purchasing power.,"Why wait until payday? Get the things you want now and split your payments. It's fast, easy, and risk-free. Smart budgeting for your family. No interest fees."
ad_4221,Klarna,18-24,5556,4985.71,Don't wait! Buy today and pay later.,Instant approval! Just select our payment option at checkout.
ad_4222,Sezzle,25-34,7609,2438.37,Unlock your purchasing power.,"Manage your cash flow better. Buy the essentials today and pay in small, manageable installments. No credit impact! Treat yourself now. Instant decision."
ad_4223,PayPal Pay Later,35-44,2432,3624.83,"Get it now, pay over time.","Shop your favorite brands and pay over 6 weeks. No interest, no hard credit check."
ad_4224,Sezzle,18-24,3835,3699.23,Split your purchase into 4 easy payments.,Instant approval! Just select our payment option at checkout. No credit impact! Treat yourself now. Instant decision.
ad_4225,Afterpay,25-34,5205,1058.9,Unlock your purchasing power.,Don't let tight budgets hold you back. Flexible payment options available now! No credit impact! Treat yourself now. Instant decision.
ad_4226,Afterpay,18-24,1412,3143.57,Split your purchase into 4 easy payments.,"Shop your favorite brands and pay over 6 weeks. No interest, no hard credit check. No credit impact! Treat yourself now. Instant decision."
ad_4227,Klarna,65+,2346,3258.49,Unlock your purchasing power.,"Why wait until payday? Get the things you want now and split your payments. It's fast, easy, and risk-free."
ad_4228,Sezzle,18-24,3284,77.91,Don't wait! Buy today and pay later.,"Shop your favorite brands and pay over 6 weeks. No interest, no hard credit check. No credit impact! Treat yourself now. Instant decision."
ad_4229,Sezzle,25-34,4314,3279.67,Split your purchase into 4 easy payments.,"Shop your favorite brands and pay over 6 weeks. No interest, no hard credit check. No credit impact! Treat yourself now. Instant decision."
ad_4230,PayPal Pay Later,65+,5011,2899.21,Zero interest when you pay in 4.,"We help you buy what you want, when you want it. Download the app today. Smart budgeting for your family. No interest fees."
ad_4231,Sezzle,18-24,934,3731.6,Split your purchase into 4 easy payments.,"Manage your cash flow better. Buy the essentials today and pay in small, manageable installments. No credit impact! Treat yourself now. Instant decision."
ad_4232,PayPal Pay Later,35-44,2158,3864.22,Zero interest when you pay in 4.,"We help you buy what you want, when you want it. Download the app today. Smart budgeting for your family. No interest fees."
ad_4233,Affirm,18-24,886,2210.35,Split your purchase into 4 easy payments.,"Shop your favorite brands and pay over 6 weeks. No interest, no hard credit check. No credit impact! Treat yourself now. Instant decision."
ad_4234,Affirm,18-24,785,2979.17,Don't wait! Buy today and pay later.,"Why wait until payday? Get the things you want now and split your payments. It's fast, easy, and risk-free. No credit impact! Treat yourself now. Instant decision."
ad_4235,PayPal Pay Later,18-24,7345,4593.91,Split your purchase into 4 easy payments.,Don't let tight budgets hold you back. Flexible payment options available now!
ad_4236,Affirm,35-44,1823,2218.78,"Get it now, pay over time.","We help you buy what you want, when you want it. Download the app today. Smart budgeting for your family. No interest fees."
ad_4237,Afterpay,25-34,4021,2650.1,"Buy Now, Pay Later with no hidden fees!","Shop your favorite brands and pay over 6 weeks. No interest, no hard credit check."
ad_4238,Sezzle,45-54,6511,2356.61,Split your purchase into 4 easy payments.,"Why wait until payday? Get the things you want now and split your payments. It's fast, easy, and risk-free. Smart budgeting for your family. No interest fees."
ad_4239,Sezzle,25-34,9358,248.67,Unlock your purchasing power.,"We help you buy what you want, when you want it. Download the app today. No credit impact! Treat yourself now. Instant decision."
ad_4240,Affirm,45-54,3986,353.94,Zero interest when you pay in 4.,"Manage your cash flow better. Buy the essentials today and pay in small, manageable installments."
ad_4241,Sezzle,18-24,4140,226.38,Don't wait! Buy today and pay later.,"Why wait until payday? Get the things you want now and split your payments. It's fast, easy, and risk-free."
ad_4242,Afterpay,55-64,1627,3320.61,"Buy Now, Pay Later with no hidden fees!","Manage your cash flow better. Buy the essentials today and pay in small, manageable installments."
ad_4243,Zip,18-24,1700,78.48,Unlock your purchasing power.,Don't let tight budgets hold you back. Flexible payment options available now!
ad_4244,Zip,45-54,1626,360.72,"Get it now, pay over time.","Manage your cash flow better. Buy the essentials today and pay in small, manageable installments."
ad_4245,Sezzle,25-34,1451,801.63,"Buy Now, Pay Later with no hidden fees!","Manage your cash flow better. Buy the essentials today and pay in small, manageable installments. No credit impact! Treat yourself now. Instant decision."
ad_4246,Afterpay,25-34,2143,3694.22,Don't wait! Buy today and pay later.,Instant approval! Just select our payment option at checkout. No credit impact! Treat yourself now. Instant decision.
ad_4247,Affirm,25-34,1911,3966.39,Unlock your purchasing power.,"Shop your favorite brands and pay over 6 weeks. No interest, no hard credit check. No credit impact! Treat yourself now. Instant decision."
ad_4248,Affirm,45-54,673,3345.96,Split your purchase into 4 easy payments.,"Why wait until payday? Get the things you want now and split your payments. It's fast, easy, and risk-free. Smart budgeting for your family. No interest fees."
ad_4249,Zip,18-24,24956,2193.44,Split your purchase into 4 easy payments.,"Shop your favorite brands and pay over 6 weeks. No interest, no hard credit check. No credit impact! Treat yourself now. Instant decision."
ad_4250,Zip,25-34,3403,3089.38,Zero interest when you pay in 4.,"Manage your cash flow better. Buy the essentials today and pay in small, manageable installments. No credit impact! Treat yourself now. Instant decision."
ad_4251,Affirm,25-34,1730,2605.69,"Buy Now, Pay Later with no hidden fees!",Don't let tight budgets hold you back. Flexible payment options available now!
ad_4252,Zip,18-24,3968,4980.77,Don't wait! Buy today and pay later.,"Why wait until payday? Get the things you want now and split your payments. It's fast, easy, and risk-free. No credit impact! Treat yourself now. Instant decision."
ad_4253,Zip,25-34,4957,3527.87,Unlock your purchasing power.,"Why wait until payday? Get the things you want now and split your payments. It's fast, easy, and risk-free. No credit impact! Treat yourself now. Instant decision."
ad_4254,Klarna,35-44,3527,1402.92,Unlock your purchasing power.,"Shop your favorite brands and pay over 6 weeks. No interest, no hard credit check. Smart budgeting for your family. No interest fees."
ad_4255,Afterpay,35-44,1151,1176.3,Don't wait! Buy today and pay later.,"Shop your favorite brands and pay over 6 weeks. No interest, no hard credit check. Smart budgeting for your family. No interest fees."
ad_4256,PayPal Pay Later,45-54,4752,1411.05,"Buy Now, Pay Later with no hidden fees!",Instant approval! Just select our payment option at checkout. Smart budgeting for your family. No interest fees.
ad_4257,Klarna,35-44,12360,4074.87,Don't wait! Buy today and pay later.,Instant approval! Just select our payment option at checkout.
ad_4258,PayPal Pay Later,18-24,3660,1562.48,"Get it now, pay over time.","We help you buy what you want, when you want it. Download the app today."
ad_4259,Sezzle,35-44,5114,4337.58,"Buy Now, Pay Later with no hidden fees!","Why wait until payday? Get the things you want now and split your payments. It's fast, easy, and risk-free. Smart budgeting for your family. No interest fees."
ad_4260,Afterpay,18-24,2045,3404.8,"Buy Now, Pay Later with no hidden fees!","We help you buy what you want, when you want it. Download the app today. No credit impact! Treat yourself now. Instant decision."
ad_4261,Sezzle,25-34,682,696.34,"Get it now, pay over time.","Manage your cash flow better. Buy the essentials today and pay in small, manageable installments. No credit impact! Treat yourself now. Instant decision."
ad_4262,Klarna,25-34,1567,1733.12,Don't wait! Buy today and pay later.,Don't let tight budgets hold you back. Flexible payment options available now!
ad_4263,PayPal Pay Later,25-34,6854,1307.44,Don't wait! Buy today and pay later.,"We help you buy what you want, when you want it. Download the app today."
ad_4264,Zip,25-34,1174,3829.13,"Buy Now, Pay Later with no hidden fees!","Manage your cash flow better. Buy the essentials today and pay in small, manageable installments. No credit impact! Treat yourself now. Instant decision."
ad_4265,PayPal Pay Later,45-54,2299,1836.21,Split your purchase into 4 easy payments.,"Why wait until payday? Get the things you want now and split your payments. It's fast, easy, and risk-free."
ad_4266,Klarna,18-24,1116,1636.52,"Buy Now, Pay Later with no hidden fees!","Manage your cash flow better. Buy the essentials today and pay in small, manageable installments. No credit impact! Treat yourself now. Instant decision."
ad_4267,Afterpay,45-54,2240,1770.88,Split your purchase into 4 easy payments.,Instant approval! Just select our payment option at checkout. Smart budgeting for your family. No interest fees.
ad_4268,Afterpay,18-24,6915,4000.86,"Buy Now, Pay Later with no hidden fees!","Manage your cash flow better. Buy the essentials today and pay in small, manageable installments."
ad_4269,Sezzle,18-24,12640,3314.76,Don't wait! Buy today and pay later.,"Why wait until payday? Get the things you want now and split your payments. It's fast, easy, and risk-free. No credit impact! Treat yourself now. Instant decision."
ad_4270,Sezzle,25-34,9181,2117.8,Split your purchase into 4 easy payments.,"Shop your favorite brands and pay over 6 weeks. No interest, no hard credit check. No credit impact! Treat yourself now. Instant decision."
ad_4271,Affirm,25-34,4048,3695.38,Don't wait! Buy today and pay later.,"Why wait until payday? Get the things you want now and split your payments. It's fast, easy, and risk-free. No credit impact! Treat yourself now. Instant decision."
ad_4272,Afterpay,45-54,2363,4269.12,"Buy Now, Pay Later with no hidden fees!","We help you buy what you want, when you want it. Download the app today."
ad_4273,Klarna,25-34,677,1436.91,Don't wait! Buy today and pay later.,Instant approval! Just select our payment option at checkout.
ad_4274,Sezzle,18-24,14635,2532.13,Zero interest when you pay in 4.,"Manage your cash flow better. Buy the essentials today and pay in small, manageable installments. No credit impact! Treat yourself now. Instant decision."
ad_4275,Affirm,45-54,1904,2649.01,Zero interest when you pay in 4.,Instant approval! Just select our payment option at checkout. Smart budgeting for your family. No interest fees.
ad_4276,Zip,25-34,3627,4433.83,Split your purchase into 4 easy payments.,"Why wait until payday? Get the things you want now and split your payments. It's fast, easy, and risk-free. No credit impact! Treat yourself now. Instant decision."
ad_4277,Sezzle,45-54,11076,4251.16,Zero interest when you pay in 4.,Instant approval! Just select our payment option at checkout. Smart budgeting for your family. No interest fees.
ad_4278,PayPal Pay Later,18-24,652,4922.09,Split your purchase into 4 easy payments.,"We help you buy what you want, when you want it. Download the app today. No credit impact! Treat yourself now. Instant decision."
ad_4279,Sezzle,18-24,2082,4742.86,Unlock your purchasing power.,"Manage your cash flow better. Buy the essentials today and pay in small, manageable installments."
ad_4280,Afterpay,25-34,12364,497.33,Unlock your purchasing power.,"We help you buy what you want, when you want it. Download the app today. No credit impact! Treat yourself now. Instant decision."
ad_4281,Klarna,25-34,4850,1671.38,Zero interest when you pay in 4.,"Manage your cash flow better. Buy the essentials today and pay in small, manageable installments. No credit impact! Treat yourself now. Instant decision."
ad_4282,PayPal Pay Later,18-24,8598,2779.76,Unlock your purchasing power.,"Manage your cash flow better. Buy the essentials today and pay in small, manageable installments. No credit impact! Treat yourself now. Instant decision."
ad_4283,Klarna,45-54,5980,4101.82,"Get it now, pay over time.","Shop your favorite brands and pay over 6 weeks. No interest, no hard credit check."
ad_4284,Sezzle,18-24,410,4920.73,"Buy Now, Pay Later with no hidden fees!",Instant approval! Just select our payment option at checkout. No credit impact! Treat yourself now. Instant decision.
ad_4285,Sezzle,35-44,1880,4992.7,"Get it now, pay over time.",Instant approval! Just select our payment option at checkout. Smart budgeting for your family. No interest fees.
ad_4286,Klarna,25-34,7793,52.52,"Buy Now, Pay Later with no hidden fees!",Instant approval! Just select our payment option at checkout. No credit impact! Treat yourself now. Instant decision.
ad_4287,Afterpay,45-54,6244,2325.87,Don't wait! Buy today and pay later.,Instant approval! Just select our payment option at checkout. Smart budgeting for your family. No interest fees.
ad_4288,Afterpay,18-24,862,1183.19,"Buy Now, Pay Later with no hidden fees!","Manage your cash flow better. Buy the essentials today and pay in small, manageable installments. No credit impact! Treat yourself now. Instant decision."
ad_4289,Affirm,35-44,4276,4928.21,Don't wait! Buy today and pay later.,"Manage your cash flow better. Buy the essentials today and pay in small, manageable installments. Smart budgeting for your family. No interest fees."
ad_4290,Affirm,25-34,1993,636.78,"Buy Now, Pay Later with no hidden fees!","Manage your cash flow better. Buy the essentials today and pay in small, manageable installments. No credit impact! Treat yourself now. Instant decision."
ad_4291,Afterpay,18-24,1350,181.83,Split your purchase into 4 easy payments.,"Why wait until payday? Get the things you want now and split your payments. It's fast, easy, and risk-free. No credit impact! Treat yourself now. Instant decision."
ad_4292,Sezzle,65+,5828,2202.02,Zero interest when you pay in 4.,"Why wait until payday? Get the things you want now and split your payments. It's fast, easy, and risk-free. Smart budgeting for your family. No interest fees."
ad_4293,Affirm,45-54,954,1313.02,Don't wait! Buy today and pay later.,"Manage your cash flow better. Buy the essentials today and pay in small, manageable installments."
ad_4294,Afterpay,18-24,1543,626.22,Unlock your purchasing power.,"We help you buy what you want, when you want it. Download the app today. No credit impact! Treat yourself now. Instant decision."
ad_4295,Zip,25-34,1077,3722.32,"Get it now, pay over time.","We help you buy what you want, when you want it. Download the app today. No credit impact! Treat yourself now. Instant decision."
ad_4296,Zip,35-44,1680,4577.92,Unlock your purchasing power.,"Manage your cash flow better. Buy the essentials today and pay in small, manageable installments."
ad_4297,Afterpay,65+,4619,3914.9,Zero interest when you pay in 4.,Don't let tight budgets hold you back. Flexible payment options available now! Smart budgeting for your family. No interest fees.
ad_4298,Sezzle,25-34,324,1432.69,Split your purchase into 4 easy payments.,"Why wait until payday? Get the things you want now and split your payments. It's fast, easy, and risk-free. No credit impact! Treat yourself now. Instant decision."
ad_4299,Zip,18-24,2556,1553.62,Unlock your purchasing power.,"Why wait until payday? Get the things you want now and split your payments. It's fast, easy, and risk-free. No credit impact! Treat yourself now. Instant decision."
ad_4300,Affirm,25-34,1889,2391.27,Unlock your purchasing power.,"Shop your favorite brands and pay over 6 weeks. No interest, no hard credit check."
ad_4301,Klarna,35-44,1985,622.18,Unlock your purchasing power.,Don't let tight budgets hold you back. Flexible payment options available now!
ad_4302,Affirm,45-54,6184,424.88,"Buy Now, Pay Later with no hidden fees!","Manage your cash flow better. Buy the essentials today and pay in small, manageable installments."
ad_4303,Sezzle,65+,2491,3855.83,Split your purchase into 4 easy payments.,Don't let tight budgets hold you back. Flexible payment options available now!
ad_4304,Affirm,18-24,1602,1148.95,Split your purchase into 4 easy payments.,Don't let tight budgets hold you back. Flexible payment options available now! No credit impact! Treat yourself now. Instant decision.
ad_4305,Afterpay,45-54,1408,321.08,"Buy Now, Pay Later with no hidden fees!","Shop your favorite brands and pay over 6 weeks. No interest, no hard credit check. Smart budgeting for your family. No interest fees."
ad_4306,Zip,18-24,1427,4479.92,Split your purchase into 4 easy payments.,Instant approval! Just select our payment option at checkout. No credit impact! Treat yourself now. Instant decision.
ad_4307,Zip,18-24,3044,3546.96,Zero interest when you pay in 4.,"Shop your favorite brands and pay over 6 weeks. No interest, no hard credit check. No credit impact! Treat yourself now. Instant decision."
ad_4308,PayPal Pay Later,18-24,1817,3591.53,Split your purchase into 4 easy payments.,"Manage your cash flow better. Buy the essentials today and pay in small, manageable installments."
ad_4309,PayPal Pay Later,18-24,3279,3706.72,"Get it now, pay over time.","We help you buy what you want, when you want it. Download the app today. No credit impact! Treat yourself now. Instant decision."
ad_4310,Sezzle,35-44,1961,1719.64,Zero interest when you pay in 4.,"We help you buy what you want, when you want it. Download the app today. Smart budgeting for your family. No interest fees."
ad_4311,Sezzle,18-24,12315,1308.96,Zero interest when you pay in 4.,"We help you buy what you want, when you want it. Download the app today. No credit impact! Treat yourself now. Instant decision."
ad_4312,Afterpay,55-64,3055,3236.13,"Buy Now, Pay Later with no hidden fees!","We help you buy what you want, when you want it. Download the app today."
ad_4313,Zip,18-24,941,2660.52,Split your purchase into 4 easy payments.,Instant approval! Just select our payment option at checkout. No credit impact! Treat yourself now. Instant decision.
ad_4314,Sezzle,45-54,2416,104.72,"Get it now, pay over time.","Manage your cash flow better. Buy the essentials today and pay in small, manageable installments. Smart budgeting for your family. No interest fees."
ad_4315,Sezzle,55-64,3028,4178.05,Zero interest when you pay in 4.,"We help you buy what you want, when you want it. Download the app today. Smart budgeting for your family. No interest fees."
ad_4316,Afterpay,18-24,149,3817.05,Split your purchase into 4 easy payments.,"Why wait until payday? Get the things you want now and split your payments. It's fast, easy, and risk-free. No credit impact! Treat yourself now. Instant decision."
ad_4317,Sezzle,45-54,2898,2387.71,Zero interest when you pay in 4.,Instant approval! Just select our payment option at checkout.
ad_4318,PayPal Pay Later,25-34,1466,1654.91,Unlock your purchasing power.,"Why wait until payday? Get the things you want now and split your payments. It's fast, easy, and risk-free. No credit impact! Treat yourself now. Instant decision."
ad_4319,PayPal Pay Later,35-44,19124,3652.99,Don't wait! Buy today and pay later.,Instant approval! Just select our payment option at checkout. Smart budgeting for your family. No interest fees.
ad_4320,Zip,18-24,5273,3122.97,Don't wait! Buy today and pay later.,"Manage your cash flow better. Buy the essentials today and pay in small, manageable installments. No credit impact! Treat yourself now. Instant decision."
ad_4321,PayPal Pay Later,18-24,1059,3897.84,"Buy Now, Pay Later with no hidden fees!",Instant approval! Just select our payment option at checkout. No credit impact! Treat yourself now. Instant decision.
ad_4322,Sezzle,25-34,5570,864.85,Split your purchase into 4 easy payments.,Instant approval! Just select our payment option at checkout. No credit impact! Treat yourself now. Instant decision.
ad_4323,Sezzle,18-24,3536,979.79,Split your purchase into 4 easy payments.,"We help you buy what you want, when you want it. Download the app today."
ad_4324,Sezzle,45-54,24649,208.87,Split your purchase into 4 easy payments.,"Manage your cash flow better. Buy the essentials today and pay in small, manageable installments. Smart budgeting for your family. No interest fees."
ad_4325,Affirm,18-24,878,3464.29,"Buy Now, Pay Later with no hidden fees!","Why wait until payday? Get the things you want now and split your payments. It's fast, easy, and risk-free. No credit impact! Treat yourself now. Instant decision."
ad_4326,Klarna,55-64,8498,1270.7,Split your purchase into 4 easy payments.,"Why wait until payday? Get the things you want now and split your payments. It's fast, easy, and risk-free."
ad_4327,Zip,25-34,4294,1469.93,Unlock your purchasing power.,Don't let tight budgets hold you back. Flexible payment options available now! No credit impact! Treat yourself now. Instant decision.
ad_4328,PayPal Pay Later,35-44,2752,1016.6,Split your purchase into 4 easy payments.,"We help you buy what you want, when you want it. Download the app today. Smart budgeting for your family. No interest fees."
ad_4329,Klarna,65+,1146,4348.56,"Get it now, pay over time.","Shop your favorite brands and pay over 6 weeks. No interest, no hard credit check."
ad_4330,Sezzle,35-44,890,2383.58,"Get it now, pay over time.","Why wait until payday? Get the things you want now and split your payments. It's fast, easy, and risk-free."
ad_4331,PayPal Pay Later,18-24,3429,562.47,Zero interest when you pay in 4.,"Shop your favorite brands and pay over 6 weeks. No interest, no hard credit check. No credit impact! Treat yourself now. Instant decision."
ad_4332,Sezzle,18-24,3104,2815.55,Split your purchase into 4 easy payments.,"Shop your favorite brands and pay over 6 weeks. No interest, no hard credit check. No credit impact! Treat yourself now. Instant decision."
ad_4333,PayPal Pay Later,18-24,1104,1612.41,Don't wait! Buy today and pay later.,"Shop your favorite brands and pay over 6 weeks. No interest, no hard credit check."
ad_4334,Afterpay,25-34,4566,4140.14,Split your purchase into 4 easy payments.,"We help you buy what you want, when you want it. Download the app today. No credit impact! Treat yourself now. Instant decision."
ad_4335,Klarna,35-44,13228,3128.28,Don't wait! Buy today and pay later.,Instant approval! Just select our payment option at checkout. Smart budgeting for your family. No interest fees.
ad_4336,Afterpay,25-34,1465,3491.76,Don't wait! Buy today and pay later.,Don't let tight budgets hold you back. Flexible payment options available now! No credit impact! Treat yourself now. Instant decision.
ad_4337,Klarna,55-64,3885,1233.61,Don't wait! Buy today and pay later.,"Manage your cash flow better. Buy the essentials today and pay in small, manageable installments."
ad_4338,Sezzle,65+,5079,440.83,"Get it now, pay over time.","Shop your favorite brands and pay over 6 weeks. No interest, no hard credit check."
ad_4339,Sezzle,35-44,11181,666.55,"Get it now, pay over time.","We help you buy what you want, when you want it. Download the app today."
ad_4340,Affirm,55-64,3384,4781.47,"Buy Now, Pay Later with no hidden fees!","Shop your favorite brands and pay over 6 weeks. No interest, no hard credit check."
ad_4341,Klarna,18-24,1067,857.1,"Buy Now, Pay Later with no hidden fees!","Why wait until payday? Get the things you want now and split your payments. It's fast, easy, and risk-free. No credit impact! Treat yourself now. Instant decision."
ad_4342,PayPal Pay Later,18-24,3424,415.91,"Get it now, pay over time.","We help you buy what you want, when you want it. Download the app today. No credit impact! Treat yourself now. Instant decision."
ad_4343,Affirm,18-24,3616,3367.49,Zero interest when you pay in 4.,"We help you buy what you want, when you want it. Download the app today. No credit impact! Treat yourself now. Instant decision."
ad_4344,PayPal Pay Later,25-34,15578,4155.83,Split your purchase into 4 easy payments.,Don't let tight budgets hold you back. Flexible payment options available now! No credit impact! Treat yourself now. Instant decision.
ad_4345,Affirm,18-24,1746,1635.14,Don't wait! Buy today and pay later.,"We help you buy what you want, when you want it. Download the app today."
ad_4346,Sezzle,35-44,1807,2799.78,Unlock your purchasing power.,"We help you buy what you want, when you want it. Download the app today. Smart budgeting for your family. No interest fees."
ad_4347,Afterpay,18-24,969,2918.71,Split your purchase into 4 easy payments.,"Shop your favorite brands and pay over 6 weeks. No interest, no hard credit check. No credit impact! Treat yourself now. Instant decision."
ad_4348,Sezzle,35-44,6289,2016.91,"Get it now, pay over time.","Why wait until payday? Get the things you want now and split your payments. It's fast, easy, and risk-free. Smart budgeting for your family. No interest fees."
ad_4349,Afterpay,45-54,2076,1578.33,Split your purchase into 4 easy payments.,"Shop your favorite brands and pay over 6 weeks. No interest, no hard credit check. Smart budgeting for your family. No interest fees."
ad_4350,Affirm,18-24,24712,1771.66,Don't wait! Buy today and pay later.,"Manage your cash flow better. Buy the essentials today and pay in small, manageable installments. No credit impact! Treat yourself now. Instant decision."
ad_4351,Affirm,45-54,4956,1286.62,Split your purchase into 4 easy payments.,"Manage your cash flow better. Buy the essentials today and pay in small, manageable installments."
ad_4352,Klarna,18-24,3275,3947.54,Zero interest when you pay in 4.,"Shop your favorite brands and pay over 6 weeks. No interest, no hard credit check."
ad_4353,PayPal Pay Later,18-24,4838,4100.38,Don't wait! Buy today and pay later.,"Shop your favorite brands and pay over 6 weeks. No interest, no hard credit check. No credit impact! Treat yourself now. Instant decision."
ad_4354,Sezzle,25-34,14410,4890.56,Unlock your purchasing power.,"Why wait until payday? Get the things you want now and split your payments. It's fast, easy, and risk-free. No credit impact! Treat yourself now. Instant decision."
ad_4355,Sezzle,25-34,6016,1230.14,Don't wait! Buy today and pay later.,"Shop your favorite brands and pay over 6 weeks. No interest, no hard credit check. No credit impact! Treat yourself now. Instant decision."
ad_4356,Sezzle,25-34,2186,4774.65,Zero interest when you pay in 4.,"Manage your cash flow better. Buy the essentials today and pay in small, manageable installments."
ad_4357,Afterpay,25-34,1126,438.66,"Buy Now, Pay Later with no hidden fees!","Shop your favorite brands and pay over 6 weeks. No interest, no hard credit check."
ad_4358,Zip,25-34,1541,4237.21,Unlock your purchasing power.,"Shop your favorite brands and pay over 6 weeks. No interest, no hard credit check. No credit impact! Treat yourself now. Instant decision."
ad_4359,Klarna,18-24,2353,1100.38,"Get it now, pay over time.",Don't let tight budgets hold you back. Flexible payment options available now! No credit impact! Treat yourself now. Instant decision.
ad_4360,Zip,25-34,1917,1518.65,Zero interest when you pay in 4.,Instant approval! Just select our payment option at checkout. No credit impact! Treat yourself now. Instant decision.
ad_4361,Affirm,25-34,3849,2625.03,"Buy Now, Pay Later with no hidden fees!","Shop your favorite brands and pay over 6 weeks. No interest, no hard credit check. No credit impact! Treat yourself now. Instant decision."
ad_4362,Afterpay,18-24,1799,1297.63,Split your purchase into 4 easy payments.,"Why wait until payday? Get the things you want now and split your payments. It's fast, easy, and risk-free. No credit impact! Treat yourself now. Instant decision."
ad_4363,Klarna,18-24,4585,3273.07,Zero interest when you pay in 4.,"Manage your cash flow better. Buy the essentials today and pay in small, manageable installments. No credit impact! Treat yourself now. Instant decision."
ad_4364,PayPal Pay Later,25-34,1783,1251.76,"Buy Now, Pay Later with no hidden fees!","Why wait until payday? Get the things you want now and split your payments. It's fast, easy, and risk-free. No credit impact! Treat yourself now. Instant decision."
ad_4365,Klarna,25-34,931,81.11,Don't wait! Buy today and pay later.,"Shop your favorite brands and pay over 6 weeks. No interest, no hard credit check. No credit impact! Treat yourself now. Instant decision."
ad_4366,Zip,25-34,6319,455.37,Don't wait! Buy today and pay later.,"We help you buy what you want, when you want it. Download the app today. No credit impact! Treat yourself now. Instant decision."
ad_4367,Sezzle,35-44,7001,2892.62,Unlock your purchasing power.,"Manage your cash flow better. Buy the essentials today and pay in small, manageable installments. Smart budgeting for your family. No interest fees."
ad_4368,Sezzle,18-24,6751,2722.23,Zero interest when you pay in 4.,"We help you buy what you want, when you want it. Download the app today. No credit impact! Treat yourself now. Instant decision."
ad_4369,Sezzle,25-34,4862,4285.65,"Get it now, pay over time.","Why wait until payday? Get the things you want now and split your payments. It's fast, easy, and risk-free."
ad_4370,PayPal Pay Later,25-34,4862,3459.01,Split your purchase into 4 easy payments.,"Shop your favorite brands and pay over 6 weeks. No interest, no hard credit check. No credit impact! Treat yourself now. Instant decision."
ad_4371,Afterpay,25-34,678,1124.14,Don't wait! Buy today and pay later.,Don't let tight budgets hold you back. Flexible payment options available now! No credit impact! Treat yourself now. Instant decision.
ad_4372,Zip,18-24,8070,194.53,Unlock your purchasing power.,"We help you buy what you want, when you want it. Download the app today. No credit impact! Treat yourself now. Instant decision."
ad_4373,Sezzle,18-24,2297,4913.6,Split your purchase into 4 easy payments.,"Manage your cash flow better. Buy the essentials today and pay in small, manageable installments. No credit impact! Treat yourself now. Instant decision."
ad_4374,Afterpay,25-34,668,3836.2,Zero interest when you pay in 4.,Don't let tight budgets hold you back. Flexible payment options available now! No credit impact! Treat yourself now. Instant decision.
ad_4375,Klarna,25-34,587,2984.88,Don't wait! Buy today and pay later.,"Why wait until payday? Get the things you want now and split your payments. It's fast, easy, and risk-free."
ad_4376,Sezzle,18-24,1219,1446.39,"Buy Now, Pay Later with no hidden fees!",Don't let tight budgets hold you back. Flexible payment options available now!
ad_4377,PayPal Pay Later,25-34,2696,4619.01,Don't wait! Buy today and pay later.,"Shop your favorite brands and pay over 6 weeks. No interest, no hard credit check."
ad_4378,Klarna,25-34,1425,512.9,"Get it now, pay over time.","Manage your cash flow better. Buy the essentials today and pay in small, manageable installments. No credit impact! Treat yourself now. Instant decision."
ad_4379,Sezzle,18-24,1251,885.33,Split your purchase into 4 easy payments.,"Why wait until payday? Get the things you want now and split your payments. It's fast, easy, and risk-free. No credit impact! Treat yourself now. Instant decision."
ad_4380,Afterpay,18-24,8265,3968.08,Don't wait! Buy today and pay later.,"Why wait until payday? Get the things you want now and split your payments. It's fast, easy, and risk-free."
ad_4381,Klarna,18-24,4839,4330.93,Unlock your purchasing power.,"We help you buy what you want, when you want it. Download the app today."
ad_4382,Zip,35-44,45814,2751.86,Don't wait! Buy today and pay later.,"Shop your favorite brands and pay over 6 weeks. No interest, no hard credit check. Smart budgeting for your family. No interest fees."
ad_4383,Affirm,18-24,622,1062.69,Split your purchase into 4 easy payments.,Instant approval! Just select our payment option at checkout.
ad_4384,Zip,45-54,1381,289.39,"Buy Now, Pay Later with no hidden fees!",Don't let tight budgets hold you back. Flexible payment options available now! Smart budgeting for your family. No interest fees.
ad_4385,Sezzle,18-24,763,4856.38,Don't wait! Buy today and pay later.,Instant approval! Just select our payment option at checkout. No credit impact! Treat yourself now. Instant decision.
ad_4386,Sezzle,25-34,2056,2427.82,Don't wait! Buy today and pay later.,"Manage your cash flow better. Buy the essentials today and pay in small, manageable installments. No credit impact! Treat yourself now. Instant decision."
ad_4387,Affirm,25-34,3554,1147.79,Zero interest when you pay in 4.,"We help you buy what you want, when you want it. Download the app today. No credit impact! Treat yourself now. Instant decision."
ad_4388,Affirm,35-44,14332,2173.32,"Get it now, pay over time.","We help you buy what you want, when you want it. Download the app today. Smart budgeting for your family. No interest fees."
ad_4389,Zip,25-34,254,2430.29,Unlock your purchasing power.,Instant approval! Just select our payment option at checkout. No credit impact! Treat yourself now. Instant decision.
ad_4390,Klarna,55-64,14078,396.18,"Get it now, pay over time.","We help you buy what you want, when you want it. Download the app today. Smart budgeting for your family. No interest fees."
ad_4391,PayPal Pay Later,55-64,1346,3135.69,"Get it now, pay over time.","Manage your cash flow better. Buy the essentials today and pay in small, manageable installments. Smart budgeting for your family. No interest fees."
ad_4392,PayPal Pay Later,25-34,776,1557.9,Split your purchase into 4 easy payments.,"Shop your favorite brands and pay over 6 weeks. No interest, no hard credit check. No credit impact! Treat yourself now. Instant decision."
ad_4393,Sezzle,25-34,1852,2341.72,Don't wait! Buy today and pay later.,Instant approval! Just select our payment option at checkout. No credit impact! Treat yourself now. Instant decision.
ad_4394,Zip,25-34,4159,2506.02,"Buy Now, Pay Later with no hidden fees!","Why wait until payday? Get the things you want now and split your payments. It's fast, easy, and risk-free. No credit impact! Treat yourself now. Instant decision."
ad_4395,Afterpay,18-24,2834,2314.46,Unlock your purchasing power.,"Why wait until payday? Get the things you want now and split your payments. It's fast, easy, and risk-free. No credit impact! Treat yourself now. Instant decision."
ad_4396,Afterpay,18-24,1761,1163.74,"Get it now, pay over time.","Why wait until payday? Get the things you want now and split your payments. It's fast, easy, and risk-free. No credit impact! Treat yourself now. Instant decision."
ad_4397,Affirm,25-34,737,451.85,"Get it now, pay over time.","Why wait until payday? Get the things you want now and split your payments. It's fast, easy, and risk-free."
ad_4398,Afterpay,18-24,10497,1007.48,"Get it now, pay over time.","Manage your cash flow better. Buy the essentials today and pay in small, manageable installments."
ad_4399,Afterpay,18-24,4041,3684.1,Zero interest when you pay in 4.,"Shop your favorite brands and pay over 6 weeks. No interest, no hard credit check. No credit impact! Treat yourself now. Instant decision."
ad_4400,Sezzle,35-44,5226,990.66,Split your purchase into 4 easy payments.,"We help you buy what you want, when you want it. Download the app today. Smart budgeting for your family. No interest fees."
ad_4401,Klarna,18-24,2368,4014.96,"Get it now, pay over time.",Instant approval! Just select our payment option at checkout. No credit impact! Treat yourself now. Instant decision.
ad_4402,Klarna,18-24,845,2517.86,"Buy Now, Pay Later with no hidden fees!","Shop your favorite brands and pay over 6 weeks. No interest, no hard credit check. No credit impact! Treat yourself now. Instant decision."
ad_4403,Zip,18-24,4260,2318.41,Split your purchase into 4 easy payments.,"Manage your cash flow better. Buy the essentials today and pay in small, manageable installments. No credit impact! Treat yourself now. Instant decision."
ad_4404,Klarna,35-44,1134,2544.71,Don't wait! Buy today and pay later.,Instant approval! Just select our payment option at checkout.
ad_4405,Zip,45-54,17084,450.22,Split your purchase into 4 easy payments.,"We help you buy what you want, when you want it. Download the app today."
ad_4406,Affirm,35-44,4810,2533.6,"Get it now, pay over time.","Shop your favorite brands and pay over 6 weeks. No interest, no hard credit check. Smart budgeting for your family. No interest fees."
ad_4407,Sezzle,18-24,803,160.14,Unlock your purchasing power.,"Manage your cash flow better. Buy the essentials today and pay in small, manageable installments."
ad_4408,Zip,18-24,983,2393.03,Split your purchase into 4 easy payments.,"Manage your cash flow better. Buy the essentials today and pay in small, manageable installments. No credit impact! Treat yourself now. Instant decision."
ad_4409,Afterpay,18-24,2843,1237.22,"Buy Now, Pay Later with no hidden fees!",Instant approval! Just select our payment option at checkout.
ad_4410,Sezzle,25-34,3353,4514.22,Zero interest when you pay in 4.,"Shop your favorite brands and pay over 6 weeks. No interest, no hard credit check."
ad_4411,Zip,18-24,5024,409.92,"Buy Now, Pay Later with no hidden fees!","Why wait until payday? Get the things you want now and split your payments. It's fast, easy, and risk-free. No credit impact! Treat yourself now. Instant decision."
ad_4412,Affirm,25-34,1350,4831.13,Zero interest when you pay in 4.,"Manage your cash flow better. Buy the essentials today and pay in small, manageable installments."
ad_4413,Afterpay,25-34,914,660.32,Zero interest when you pay in 4.,Instant approval! Just select our payment option at checkout. No credit impact! Treat yourself now. Instant decision.
ad_4414,Klarna,25-34,1984,2876.06,Split your purchase into 4 easy payments.,"Shop your favorite brands and pay over 6 weeks. No interest, no hard credit check. No credit impact! Treat yourself now. Instant decision."
ad_4415,Zip,25-34,5471,3216.46,Zero interest when you pay in 4.,Don't let tight budgets hold you back. Flexible payment options available now! No credit impact! Treat yourself now. Instant decision.
ad_4416,Affirm,18-24,771,3454.63,Don't wait! Buy today and pay later.,"Manage your cash flow better. Buy the essentials today and pay in small, manageable installments."
ad_4417,Sezzle,25-34,5080,4940.87,"Buy Now, Pay Later with no hidden fees!",Don't let tight budgets hold you back. Flexible payment options available now!
ad_4418,Afterpay,25-34,3267,544.34,"Buy Now, Pay Later with no hidden fees!","We help you buy what you want, when you want it. Download the app today."
ad_4419,Zip,18-24,2470,2808.57,Zero interest when you pay in 4.,"Shop your favorite brands and pay over 6 weeks. No interest, no hard credit check. No credit impact! Treat yourself now. Instant decision."
ad_4420,Zip,45-54,61717,1435.69,Don't wait! Buy today and pay later.,"We help you buy what you want, when you want it. Download the app today."
ad_4421,Zip,18-24,1471,4097.61,Don't wait! Buy today and pay later.,"Manage your cash flow better. Buy the essentials today and pay in small, manageable installments. No credit impact! Treat yourself now. Instant decision."
ad_4422,Zip,25-34,2244,542.64,"Get it now, pay over time.",Instant approval! Just select our payment option at checkout.
ad_4423,Klarna,55-64,3773,2091.53,"Get it now, pay over time.","We help you buy what you want, when you want it. Download the app today. Smart budgeting for your family. No interest fees."
ad_4424,PayPal Pay Later,18-24,190,2864.15,Don't wait! Buy today and pay later.,Instant approval! Just select our payment option at checkout.
ad_4425,Klarna,35-44,6968,841.65,Don't wait! Buy today and pay later.,Instant approval! Just select our payment option at checkout. Smart budgeting for your family. No interest fees.
ad_4426,Sezzle,18-24,465,2825.45,"Get it now, pay over time.","We help you buy what you want, when you want it. Download the app today. No credit impact! Treat yourself now. Instant decision."
ad_4427,Klarna,18-24,8881,952.95,Unlock your purchasing power.,Instant approval! Just select our payment option at checkout.
ad_4428,PayPal Pay Later,18-24,6195,4221.07,Split your purchase into 4 easy payments.,Instant approval! Just select our payment option at checkout. No credit impact! Treat yourself now. Instant decision.
ad_4429,Sezzle,35-44,21274,2855.66,"Buy Now, Pay Later with no hidden fees!","We help you buy what you want, when you want it. Download the app today."
ad_4430,Afterpay,18-24,1293,4217.9,"Get it now, pay over time.","Manage your cash flow better. Buy the essentials today and pay in small, manageable installments. No credit impact! Treat yourself now. Instant decision."
ad_4431,Klarna,25-34,2752,4443.04,"Get it now, pay over time.","Manage your cash flow better. Buy the essentials today and pay in small, manageable installments. No credit impact! Treat yourself now. Instant decision."
ad_4432,PayPal Pay Later,25-34,6673,4587.29,Zero interest when you pay in 4.,"Manage your cash flow better. Buy the essentials today and pay in small, manageable installments. No credit impact! Treat yourself now. Instant decision."
ad_4433,Affirm,35-44,3261,4834.95,Unlock your purchasing power.,"Why wait until payday? Get the things you want now and split your payments. It's fast, easy, and risk-free. Smart budgeting for your family. No interest fees."
ad_4434,Affirm,55-64,11554,3288.19,Don't wait! Buy today and pay later.,"Why wait until payday? Get the things you want now and split your payments. It's fast, easy, and risk-free."
ad_4435,Afterpay,25-34,1973,2481.8,"Get it now, pay over time.","Shop your favorite brands and pay over 6 weeks. No interest, no hard credit check. No credit impact! Treat yourself now. Instant decision."
ad_4436,PayPal Pay Later,25-34,7684,59.59,Don't wait! Buy today and pay later.,Instant approval! Just select our payment option at checkout.
ad_4437,Afterpay,35-44,2831,1630.89,Split your purchase into 4 easy payments.,"Shop your favorite brands and pay over 6 weeks. No interest, no hard credit check."
ad_4438,Affirm,65+,2583,879.29,Split your purchase into 4 easy payments.,"Manage your cash flow better. Buy the essentials today and pay in small, manageable installments. Smart budgeting for your family. No interest fees."
ad_4439,Afterpay,45-54,3231,4794.84,Split your purchase into 4 easy payments.,"Why wait until payday? Get the things you want now and split your payments. It's fast, easy, and risk-free."
ad_4440,Afterpay,25-34,2610,3963.61,Split your purchase into 4 easy payments.,"Why wait until payday? Get the things you want now and split your payments. It's fast, easy, and risk-free. No credit impact! Treat yourself now. Instant decision."
ad_4441,Afterpay,18-24,1429,3527.27,Zero interest when you pay in 4.,"Shop your favorite brands and pay over 6 weeks. No interest, no hard credit check."
ad_4442,PayPal Pay Later,65+,2363,1668.53,Zero interest when you pay in 4.,"We help you buy what you want, when you want it. Download the app today."
ad_4443,Klarna,25-34,8370,3701.58,"Buy Now, Pay Later with no hidden fees!",Instant approval! Just select our payment option at checkout. No credit impact! Treat yourself now. Instant decision.
ad_4444,Affirm,35-44,607,559.29,Unlock your purchasing power.,"Why wait until payday? Get the things you want now and split your payments. It's fast, easy, and risk-free. Smart budgeting for your family. No interest fees."
ad_4445,Affirm,35-44,698,951.23,"Get it now, pay over time.","Why wait until payday? Get the things you want now and split your payments. It's fast, easy, and risk-free."
ad_4446,Afterpay,18-24,10051,4098.48,Unlock your purchasing power.,Don't let tight budgets hold you back. Flexible payment options available now! No credit impact! Treat yourself now. Instant decision.
ad_4447,PayPal Pay Later,35-44,1039,1284.31,Split your purchase into 4 easy payments.,"Why wait until payday? Get the things you want now and split your payments. It's fast, easy, and risk-free. Smart budgeting for your family. No interest fees."
ad_4448,Sezzle,18-24,1383,4427.71,Zero interest when you pay in 4.,"Manage your cash flow better. Buy the essentials today and pay in small, manageable installments. No credit impact! Treat yourself now. Instant decision."
ad_4449,Affirm,25-34,12652,4393.45,Unlock your purchasing power.,"Why wait until payday? Get the things you want now and split your payments. It's fast, easy, and risk-free. No credit impact! Treat yourself now. Instant decision."
ad_4450,Sezzle,45-54,1778,2252.96,Zero interest when you pay in 4.,Don't let tight budgets hold you back. Flexible payment options available now!
ad_4451,Affirm,25-34,2361,2992.6,"Buy Now, Pay Later with no hidden fees!","We help you buy what you want, when you want it. Download the app today. No credit impact! Treat yourself now. Instant decision."
ad_4452,Zip,25-34,8139,2223.95,"Buy Now, Pay Later with no hidden fees!","Manage your cash flow better. Buy the essentials today and pay in small, manageable installments. No credit impact! Treat yourself now. Instant decision."
ad_4453,PayPal Pay Later,65+,7479,1117.52,"Get it now, pay over time.","Why wait until payday? Get the things you want now and split your payments. It's fast, easy, and risk-free."
ad_4454,Afterpay,35-44,13293,4654.34,Don't wait! Buy today and pay later.,Instant approval! Just select our payment option at checkout. Smart budgeting for your family. No interest fees.
ad_4455,PayPal Pay Later,18-24,2637,1064.54,"Get it now, pay over time.","We help you buy what you want, when you want it. Download the app today. No credit impact! Treat yourself now. Instant decision."
ad_4456,PayPal Pay Later,25-34,1923,1877.22,"Buy Now, Pay Later with no hidden fees!","We help you buy what you want, when you want it. Download the app today. No credit impact! Treat yourself now. Instant decision."
ad_4457,Zip,35-44,2623,2033.97,Zero interest when you pay in 4.,"Shop your favorite brands and pay over 6 weeks. No interest, no hard credit check. Smart budgeting for your family. No interest fees."
ad_4458,Afterpay,45-54,9422,4639.99,"Buy Now, Pay Later with no hidden fees!","We help you buy what you want, when you want it. Download the app today. Smart budgeting for your family. No interest fees."
ad_4459,Zip,25-34,2734,2961.11,Don't wait! Buy today and pay later.,Don't let tight budgets hold you back. Flexible payment options available now! No credit impact! Treat yourself now. Instant decision.
ad_4460,PayPal Pay Later,25-34,4335,400.5,Don't wait! Buy today and pay later.,Instant approval! Just select our payment option at checkout. No credit impact! Treat yourself now. Instant decision.
ad_4461,Afterpay,18-24,2496,4980.96,"Buy Now, Pay Later with no hidden fees!",Don't let tight budgets hold you back. Flexible payment options available now!
ad_4462,Affirm,45-54,964,4793.63,Split your purchase into 4 easy payments.,"Manage your cash flow better. Buy the essentials today and pay in small, manageable installments."
ad_4463,Sezzle,25-34,12285,3395.88,"Get it now, pay over time.",Instant approval! Just select our payment option at checkout. No credit impact! Treat yourself now. Instant decision.
ad_4464,Afterpay,25-34,1866,1890.47,"Buy Now, Pay Later with no hidden fees!","Manage your cash flow better. Buy the essentials today and pay in small, manageable installments. No credit impact! Treat yourself now. Instant decision."
ad_4465,Zip,25-34,6778,2578.37,"Buy Now, Pay Later with no hidden fees!","Shop your favorite brands and pay over 6 weeks. No interest, no hard credit check. No credit impact! Treat yourself now. Instant decision."
ad_4466,Klarna,18-24,2253,1876.2,Don't wait! Buy today and pay later.,Don't let tight budgets hold you back. Flexible payment options available now!
ad_4467,Afterpay,18-24,1285,3356.11,"Get it now, pay over time.","We help you buy what you want, when you want it. Download the app today."
ad_4468,PayPal Pay Later,25-34,1052,2892.08,Unlock your purchasing power.,Instant approval! Just select our payment option at checkout. No credit impact! Treat yourself now. Instant decision.
ad_4469,Affirm,25-34,1201,4231.24,"Get it now, pay over time.",Don't let tight budgets hold you back. Flexible payment options available now! No credit impact! Treat yourself now. Instant decision.
ad_4470,PayPal Pay Later,45-54,3587,4309.25,Unlock your purchasing power.,"Why wait until payday? Get the things you want now and split your payments. It's fast, easy, and risk-free."
ad_4471,Sezzle,18-24,1426,1323.46,Zero interest when you pay in 4.,Don't let tight budgets hold you back. Flexible payment options available now!
ad_4472,Klarna,65+,54601,2100.85,"Get it now, pay over time.",Don't let tight budgets hold you back. Flexible payment options available now!
ad_4473,Afterpay,18-24,6130,2551.94,Zero interest when you pay in 4.,Instant approval! Just select our payment option at checkout.
ad_4474,Klarna,18-24,1645,2728.2,Split your purchase into 4 easy payments.,Don't let tight budgets hold you back. Flexible payment options available now! No credit impact! Treat yourself now. Instant decision.
ad_4475,PayPal Pay Later,45-54,948,768.0,Don't wait! Buy today and pay later.,"Manage your cash flow better. Buy the essentials today and pay in small, manageable installments. Smart budgeting for your family. No interest fees."
ad_4476,PayPal Pay Later,25-34,1644,218.54,Zero interest when you pay in 4.,Don't let tight budgets hold you back. Flexible payment options available now! No credit impact! Treat yourself now. Instant decision.
ad_4477,Sezzle,18-24,1737,2332.44,Zero interest when you pay in 4.,"Why wait until payday? Get the things you want now and split your payments. It's fast, easy, and risk-free. No credit impact! Treat yourself now. Instant decision."
ad_4478,Klarna,45-54,6153,2070.06,"Buy Now, Pay Later with no hidden fees!","Manage your cash flow better. Buy the essentials today and pay in small, manageable installments. Smart budgeting for your family. No interest fees."
ad_4479,Afterpay,25-34,2729,4826.75,Unlock your purchasing power.,"Manage your cash flow better. Buy the essentials today and pay in small, manageable installments."
ad_4480,Zip,18-24,5514,4789.92,Unlock your purchasing power.,Don't let tight budgets hold you back. Flexible payment options available now! No credit impact! Treat yourself now. Instant decision.
ad_4481,Affirm,65+,3568,2734.39,Split your purchase into 4 easy payments.,"Why wait until payday? Get the things you want now and split your payments. It's fast, easy, and risk-free. Smart budgeting for your family. No interest fees."
ad_4482,Sezzle,25-34,3676,2967.63,Unlock your purchasing power.,Don't let tight budgets hold you back. Flexible payment options available now! No credit impact! Treat yourself now. Instant decision.
ad_4483,Zip,55-64,3769,851.69,Unlock your purchasing power.,"Shop your favorite brands and pay over 6 weeks. No interest, no hard credit check."
ad_4484,Sezzle,35-44,4696,3574.08,"Buy Now, Pay Later with no hidden fees!","Why wait until payday? Get the things you want now and split your payments. It's fast, easy, and risk-free. Smart budgeting for your family. No interest fees."
ad_4485,Sezzle,35-44,3678,2071.9,"Buy Now, Pay Later with no hidden fees!","Why wait until payday? Get the things you want now and split your payments. It's fast, easy, and risk-free. Smart budgeting for your family. No interest fees."
ad_4486,Zip,45-54,6629,3549.74,Zero interest when you pay in 4.,"We help you buy what you want, when you want it. Download the app today. Smart budgeting for your family. No interest fees."
ad_4487,Afterpay,25-34,2637,1196.82,Split your purchase into 4 easy payments.,"Shop your favorite brands and pay over 6 weeks. No interest, no hard credit check."
ad_4488,Afterpay,55-64,1392,3761.09,Don't wait! Buy today and pay later.,"We help you buy what you want, when you want it. Download the app today. Smart budgeting for your family. No interest fees."
ad_4489,Zip,25-34,727,1469.36,Zero interest when you pay in 4.,Instant approval! Just select our payment option at checkout.
ad_4490,Zip,18-24,556,1154.09,Unlock your purchasing power.,"Why wait until payday? Get the things you want now and split your payments. It's fast, easy, and risk-free."
ad_4491,Afterpay,25-34,7903,2007.92,"Get it now, pay over time.","Shop your favorite brands and pay over 6 weeks. No interest, no hard credit check. No credit impact! Treat yourself now. Instant decision."
ad_4492,Sezzle,18-24,3670,4870.11,"Get it now, pay over time.","Manage your cash flow better. Buy the essentials today and pay in small, manageable installments. No credit impact! Treat yourself now. Instant decision."
ad_4493,Afterpay,35-44,738,3700.51,"Get it now, pay over time.","Why wait until payday? Get the things you want now and split your payments. It's fast, easy, and risk-free. Smart budgeting for your family. No interest fees."
ad_4494,PayPal Pay Later,18-24,2811,758.45,"Get it now, pay over time.","We help you buy what you want, when you want it. Download the app today. No credit impact! Treat yourself now. Instant decision."
ad_4495,Klarna,55-64,6991,2235.51,Unlock your purchasing power.,"Manage your cash flow better. Buy the essentials today and pay in small, manageable installments. Smart budgeting for your family. No interest fees."
ad_4496,Sezzle,25-34,2965,2774.53,Don't wait! Buy today and pay later.,Don't let tight budgets hold you back. Flexible payment options available now! No credit impact! Treat yourself now. Instant decision.
ad_4497,Afterpay,35-44,3731,1159.56,Zero interest when you pay in 4.,Don't let tight budgets hold you back. Flexible payment options available now! Smart budgeting for your family. No interest fees.
ad_4498,Sezzle,25-34,2057,1573.58,Unlock your purchasing power.,"Why wait until payday? Get the things you want now and split your payments. It's fast, easy, and risk-free. No credit impact! Treat yourself now. Instant decision."
ad_4499,Zip,18-24,1471,2177.07,Don't wait! Buy today and pay later.,"We help you buy what you want, when you want it. Download the app today. No credit impact! Treat yourself now. Instant decision."
ad_4500,Afterpay,45-54,1046,3925.34,"Get it now, pay over time.","Manage your cash flow better. Buy the essentials today and pay in small, manageable installments. Smart budgeting for your family. No interest fees."
ad_4501,Sezzle,35-44,650,4643.16,"Buy Now, Pay Later with no hidden fees!","Why wait until payday? Get the things you want now and split your payments. It's fast, easy, and risk-free. Smart budgeting for your family. No interest fees."
ad_4502,PayPal Pay Later,25-34,1144,1158.02,Split your purchase into 4 easy payments.,"We help you buy what you want, when you want it. Download the app today."
ad_4503,Zip,18-24,1012,2677.76,"Buy Now, Pay Later with no hidden fees!","Shop your favorite brands and pay over 6 weeks. No interest, no hard credit check."
ad_4504,Zip,25-34,1003,446.71,Unlock your purchasing power.,"We help you buy what you want, when you want it. Download the app today. No credit impact! Treat yourself now. Instant decision."
ad_4505,PayPal Pay Later,18-24,1510,1581.0,"Get it now, pay over time.",Instant approval! Just select our payment option at checkout.
ad_4506,Affirm,18-24,1892,3737.38,"Get it now, pay over time.","Shop your favorite brands and pay over 6 weeks. No interest, no hard credit check. No credit impact! Treat yourself now. Instant decision."
ad_4507,PayPal Pay Later,18-24,10425,4384.31,Zero interest when you pay in 4.,"Manage your cash flow better. Buy the essentials today and pay in small, manageable installments. No credit impact! Treat yourself now. Instant decision."
ad_4508,Afterpay,25-34,5093,2117.95,Don't wait! Buy today and pay later.,"Shop your favorite brands and pay over 6 weeks. No interest, no hard credit check. No credit impact! Treat yourself now. Instant decision."
ad_4509,Afterpay,25-34,18555,2810.84,Unlock your purchasing power.,Instant approval! Just select our payment option at checkout. No credit impact! Treat yourself now. Instant decision.
ad_4510,Klarna,35-44,1175,4876.12,Split your purchase into 4 easy payments.,"Manage your cash flow better. Buy the essentials today and pay in small, manageable installments. Smart budgeting for your family. No interest fees."
ad_4511,Sezzle,35-44,6480,3681.86,Unlock your purchasing power.,"Manage your cash flow better. Buy the essentials today and pay in small, manageable installments."
ad_4512,Zip,25-34,14631,1002.3,Zero interest when you pay in 4.,Instant approval! Just select our payment option at checkout. No credit impact! Treat yourself now. Instant decision.
ad_4513,Zip,55-64,1540,3859.46,Split your purchase into 4 easy payments.,"Why wait until payday? Get the things you want now and split your payments. It's fast, easy, and risk-free. Smart budgeting for your family. No interest fees."
ad_4514,Klarna,18-24,9215,664.21,"Get it now, pay over time.","Why wait until payday? Get the things you want now and split your payments. It's fast, easy, and risk-free. No credit impact! Treat yourself now. Instant decision."
ad_4515,Sezzle,18-24,258,1585.83,Zero interest when you pay in 4.,Instant approval! Just select our payment option at checkout. No credit impact! Treat yourself now. Instant decision.
ad_4516,Affirm,18-24,14022,3822.07,Unlock your purchasing power.,"Why wait until payday? Get the things you want now and split your payments. It's fast, easy, and risk-free. No credit impact! Treat yourself now. Instant decision."
ad_4517,Affirm,18-24,5424,3851.9,Unlock your purchasing power.,"We help you buy what you want, when you want it. Download the app today. No credit impact! Treat yourself now. Instant decision."
ad_4518,Sezzle,18-24,4962,3362.99,Don't wait! Buy today and pay later.,"Manage your cash flow better. Buy the essentials today and pay in small, manageable installments."
ad_4519,Sezzle,18-24,5474,1606.76,"Get it now, pay over time.","Manage your cash flow better. Buy the essentials today and pay in small, manageable installments. No credit impact! Treat yourself now. Instant decision."
ad_4520,Afterpay,25-34,1358,1165.41,Split your purchase into 4 easy payments.,"Manage your cash flow better. Buy the essentials today and pay in small, manageable installments."
ad_4521,Klarna,25-34,1240,3560.15,Don't wait! Buy today and pay later.,"Manage your cash flow better. Buy the essentials today and pay in small, manageable installments. No credit impact! Treat yourself now. Instant decision."
ad_4522,Afterpay,18-24,5560,1013.41,Don't wait! Buy today and pay later.,"We help you buy what you want, when you want it. Download the app today. No credit impact! Treat yourself now. Instant decision."
ad_4523,PayPal Pay Later,18-24,1326,2983.32,"Buy Now, Pay Later with no hidden fees!","Shop your favorite brands and pay over 6 weeks. No interest, no hard credit check. No credit impact! Treat yourself now. Instant decision."
ad_4524,Klarna,18-24,7011,931.42,"Get it now, pay over time.","Manage your cash flow better. Buy the essentials today and pay in small, manageable installments. No credit impact! Treat yourself now. Instant decision."
ad_4525,Zip,18-24,11313,3047.84,"Buy Now, Pay Later with no hidden fees!","Manage your cash flow better. Buy the essentials today and pay in small, manageable installments."
ad_4526,PayPal Pay Later,18-24,4361,2241.63,Split your purchase into 4 easy payments.,Instant approval! Just select our payment option at checkout. No credit impact! Treat yourself now. Instant decision.
ad_4527,Afterpay,18-24,4711,3643.08,"Get it now, pay over time.","Shop your favorite brands and pay over 6 weeks. No interest, no hard credit check. No credit impact! Treat yourself now. Instant decision."
ad_4528,Klarna,25-34,1122,4351.93,Don't wait! Buy today and pay later.,"We help you buy what you want, when you want it. Download the app today."
ad_4529,Sezzle,18-24,14017,668.91,"Buy Now, Pay Later with no hidden fees!","We help you buy what you want, when you want it. Download the app today. No credit impact! Treat yourself now. Instant decision."
ad_4530,Afterpay,25-34,9870,1074.1,Split your purchase into 4 easy payments.,Don't let tight budgets hold you back. Flexible payment options available now! No credit impact! Treat yourself now. Instant decision.
ad_4531,Klarna,18-24,3633,3053.7,"Get it now, pay over time.","We help you buy what you want, when you want it. Download the app today. No credit impact! Treat yourself now. Instant decision."
ad_4532,PayPal Pay Later,65+,4626,633.77,Unlock your purchasing power.,Instant approval! Just select our payment option at checkout. Smart budgeting for your family. No interest fees.
ad_4533,PayPal Pay Later,25-34,3621,2618.96,Split your purchase into 4 easy payments.,"Why wait until payday? Get the things you want now and split your payments. It's fast, easy, and risk-free."
ad_4534,PayPal Pay Later,65+,879,925.25,"Buy Now, Pay Later with no hidden fees!",Instant approval! Just select our payment option at checkout. Smart budgeting for your family. No interest fees.
ad_4535,PayPal Pay Later,18-24,1329,3573.89,Unlock your purchasing power.,Don't let tight budgets hold you back. Flexible payment options available now! No credit impact! Treat yourself now. Instant decision.
ad_4536,Klarna,18-24,2585,2201.32,"Get it now, pay over time.","Shop your favorite brands and pay over 6 weeks. No interest, no hard credit check."
ad_4537,Afterpay,35-44,10523,4160.89,"Get it now, pay over time.",Don't let tight budgets hold you back. Flexible payment options available now! Smart budgeting for your family. No interest fees.
ad_4538,Sezzle,18-24,5848,2077.33,Zero interest when you pay in 4.,"We help you buy what you want, when you want it. Download the app today."
ad_4539,PayPal Pay Later,18-24,511,1498.29,Split your purchase into 4 easy payments.,Don't let tight budgets hold you back. Flexible payment options available now! No credit impact! Treat yourself now. Instant decision.
ad_4540,Zip,45-54,12507,2387.1,"Buy Now, Pay Later with no hidden fees!","We help you buy what you want, when you want it. Download the app today."
ad_4541,Zip,18-24,10115,3769.87,Split your purchase into 4 easy payments.,"Shop your favorite brands and pay over 6 weeks. No interest, no hard credit check."
ad_4542,PayPal Pay Later,25-34,34835,971.18,Zero interest when you pay in 4.,"Why wait until payday? Get the things you want now and split your payments. It's fast, easy, and risk-free. No credit impact! Treat yourself now. Instant decision."
ad_4543,Klarna,25-34,3121,2216.73,"Get it now, pay over time.","We help you buy what you want, when you want it. Download the app today. No credit impact! Treat yourself now. Instant decision."
ad_4544,Afterpay,18-24,2880,1163.66,"Get it now, pay over time.",Instant approval! Just select our payment option at checkout.
ad_4545,Zip,18-24,8687,4948.43,"Get it now, pay over time.","Why wait until payday? Get the things you want now and split your payments. It's fast, easy, and risk-free."
ad_4546,Affirm,45-54,414,1106.9,Unlock your purchasing power.,"We help you buy what you want, when you want it. Download the app today. Smart budgeting for your family. No interest fees."
ad_4547,Zip,18-24,1463,3700.56,Zero interest when you pay in 4.,Don't let tight budgets hold you back. Flexible payment options available now! No credit impact! Treat yourself now. Instant decision.
ad_4548,Klarna,18-24,5968,1755.61,Don't wait! Buy today and pay later.,"We help you buy what you want, when you want it. Download the app today. No credit impact! Treat yourself now. Instant decision."
ad_4549,Sezzle,45-54,700,2397.77,Zero interest when you pay in 4.,"Manage your cash flow better. Buy the essentials today and pay in small, manageable installments. Smart budgeting for your family. No interest fees."
ad_4550,Sezzle,45-54,428,1195.03,"Get it now, pay over time.","Shop your favorite brands and pay over 6 weeks. No interest, no hard credit check."
ad_4551,Zip,25-34,957,325.75,Unlock your purchasing power.,"We help you buy what you want, when you want it. Download the app today."
ad_4552,Affirm,25-34,1157,1643.3,"Buy Now, Pay Later with no hidden fees!",Instant approval! Just select our payment option at checkout. No credit impact! Treat yourself now. Instant decision.
ad_4553,Afterpay,25-34,25938,3935.02,"Get it now, pay over time.","We help you buy what you want, when you want it. Download the app today."
ad_4554,Afterpay,18-24,5181,1312.68,Don't wait! Buy today and pay later.,Don't let tight budgets hold you back. Flexible payment options available now! No credit impact! Treat yourself now. Instant decision.
ad_4555,PayPal Pay Later,25-34,1566,1645.57,Unlock your purchasing power.,Don't let tight budgets hold you back. Flexible payment options available now! No credit impact! Treat yourself now. Instant decision.
ad_4556,Afterpay,25-34,2333,296.11,Split your purchase into 4 easy payments.,Instant approval! Just select our payment option at checkout. No credit impact! Treat yourself now. Instant decision.
ad_4557,Affirm,55-64,990,3541.14,Zero interest when you pay in 4.,"Why wait until payday? Get the things you want now and split your payments. It's fast, easy, and risk-free. Smart budgeting for your family. No interest fees."
ad_4558,Affirm,25-34,312,1960.01,Split your purchase into 4 easy payments.,"Shop your favorite brands and pay over 6 weeks. No interest, no hard credit check. No credit impact! Treat yourself now. Instant decision."
ad_4559,Zip,25-34,5314,1390.44,Don't wait! Buy today and pay later.,Don't let tight budgets hold you back. Flexible payment options available now! No credit impact! Treat yourself now. Instant decision.
ad_4560,Sezzle,35-44,507,1090.02,"Buy Now, Pay Later with no hidden fees!","We help you buy what you want, when you want it. Download the app today."
ad_4561,Afterpay,18-24,3317,3480.78,Split your purchase into 4 easy payments.,"Why wait until payday? Get the things you want now and split your payments. It's fast, easy, and risk-free. No credit impact! Treat yourself now. Instant decision."
ad_4562,Klarna,25-34,10809,485.43,"Get it now, pay over time.","Shop your favorite brands and pay over 6 weeks. No interest, no hard credit check. No credit impact! Treat yourself now. Instant decision."
ad_4563,PayPal Pay Later,18-24,6892,4716.59,Unlock your purchasing power.,"Shop your favorite brands and pay over 6 weeks. No interest, no hard credit check. No credit impact! Treat yourself now. Instant decision."
ad_4564,Affirm,18-24,5527,2928.5,"Get it now, pay over time.","Shop your favorite brands and pay over 6 weeks. No interest, no hard credit check. No credit impact! Treat yourself now. Instant decision."
ad_4565,Klarna,18-24,9664,3140.66,Zero interest when you pay in 4.,"We help you buy what you want, when you want it. Download the app today. No credit impact! Treat yourself now. Instant decision."
ad_4566,Klarna,18-24,2706,4898.24,Don't wait! Buy today and pay later.,"We help you buy what you want, when you want it. Download the app today. No credit impact! Treat yourself now. Instant decision."
ad_4567,PayPal Pay Later,35-44,1942,1595.2,Zero interest when you pay in 4.,"We help you buy what you want, when you want it. Download the app today."
ad_4568,Afterpay,45-54,5716,688.39,Split your purchase into 4 easy payments.,"Why wait until payday? Get the things you want now and split your payments. It's fast, easy, and risk-free. Smart budgeting for your family. No interest fees."
ad_4569,Klarna,25-34,9728,3036.88,"Buy Now, Pay Later with no hidden fees!",Instant approval! Just select our payment option at checkout. No credit impact! Treat yourself now. Instant decision.
ad_4570,PayPal Pay Later,25-34,877,3443.75,"Buy Now, Pay Later with no hidden fees!",Don't let tight budgets hold you back. Flexible payment options available now! No credit impact! Treat yourself now. Instant decision.
ad_4571,Affirm,35-44,687,2783.16,Zero interest when you pay in 4.,"Manage your cash flow better. Buy the essentials today and pay in small, manageable installments. Smart budgeting for your family. No interest fees."
ad_4572,PayPal Pay Later,18-24,2199,3007.14,Split your purchase into 4 easy payments.,Don't let tight budgets hold you back. Flexible payment options available now! No credit impact! Treat yourself now. Instant decision.
ad_4573,Klarna,18-24,5523,4583.58,Unlock your purchasing power.,"Manage your cash flow better. Buy the essentials today and pay in small, manageable installments."
ad_4574,PayPal Pay Later,25-34,7984,3142.97,Unlock your purchasing power.,"Manage your cash flow better. Buy the essentials today and pay in small, manageable installments. No credit impact! Treat yourself now. Instant decision."
ad_4575,Afterpay,18-24,736,2440.16,Zero interest when you pay in 4.,"We help you buy what you want, when you want it. Download the app today. No credit impact! Treat yourself now. Instant decision."
ad_4576,Affirm,45-54,3831,379.22,Split your purchase into 4 easy payments.,Instant approval! Just select our payment option at checkout. Smart budgeting for your family. No interest fees.
ad_4577,Afterpay,25-34,514,2984.26,"Buy Now, Pay Later with no hidden fees!",Don't let tight budgets hold you back. Flexible payment options available now!
ad_4578,Sezzle,45-54,9631,112.38,Split your purchase into 4 easy payments.,"We help you buy what you want, when you want it. Download the app today. Smart budgeting for your family. No interest fees."
ad_4579,Sezzle,25-34,2692,4448.04,"Get it now, pay over time.","Shop your favorite brands and pay over 6 weeks. No interest, no hard credit check. No credit impact! Treat yourself now. Instant decision."
ad_4580,Zip,18-24,4123,3818.48,"Buy Now, Pay Later with no hidden fees!","Manage your cash flow better. Buy the essentials today and pay in small, manageable installments."
ad_4581,Afterpay,25-34,927,4014.78,"Buy Now, Pay Later with no hidden fees!","Shop your favorite brands and pay over 6 weeks. No interest, no hard credit check. No credit impact! Treat yourself now. Instant decision."
ad_4582,Klarna,35-44,4695,4767.76,Split your purchase into 4 easy payments.,Don't let tight budgets hold you back. Flexible payment options available now!
ad_4583,Afterpay,18-24,2186,3895.0,Split your purchase into 4 easy payments.,"Why wait until payday? Get the things you want now and split your payments. It's fast, easy, and risk-free. No credit impact! Treat yourself now. Instant decision."
ad_4584,Afterpay,25-34,4485,4800.33,Split your purchase into 4 easy payments.,"Manage your cash flow better. Buy the essentials today and pay in small, manageable installments. No credit impact! Treat yourself now. Instant decision."
ad_4585,Afterpay,45-54,4653,4320.76,Split your purchase into 4 easy payments.,"Manage your cash flow better. Buy the essentials today and pay in small, manageable installments. Smart budgeting for your family. No interest fees."
ad_4586,Klarna,18-24,1755,434.94,Split your purchase into 4 easy payments.,"Why wait until payday? Get the things you want now and split your payments. It's fast, easy, and risk-free."
ad_4587,Afterpay,25-34,4872,4213.88,"Get it now, pay over time.","Why wait until payday? Get the things you want now and split your payments. It's fast, easy, and risk-free."
ad_4588,PayPal Pay Later,25-34,1271,4813.74,"Get it now, pay over time.","Manage your cash flow better. Buy the essentials today and pay in small, manageable installments. No credit impact! Treat yourself now. Instant decision."
ad_4589,Klarna,25-34,2572,3524.74,Split your purchase into 4 easy payments.,Instant approval! Just select our payment option at checkout.
ad_4590,Afterpay,35-44,7297,4668.2,Split your purchase into 4 easy payments.,"Shop your favorite brands and pay over 6 weeks. No interest, no hard credit check. Smart budgeting for your family. No interest fees."
ad_4591,Zip,55-64,4239,3115.76,Split your purchase into 4 easy payments.,Instant approval! Just select our payment option at checkout. Smart budgeting for your family. No interest fees.
ad_4592,Klarna,18-24,1396,1536.28,"Get it now, pay over time.","Manage your cash flow better. Buy the essentials today and pay in small, manageable installments."
ad_4593,PayPal Pay Later,45-54,2268,4658.28,Unlock your purchasing power.,"We help you buy what you want, when you want it. Download the app today."
ad_4594,Afterpay,18-24,6494,2818.05,"Buy Now, Pay Later with no hidden fees!",Instant approval! Just select our payment option at checkout. No credit impact! Treat yourself now. Instant decision.
ad_4595,PayPal Pay Later,18-24,2019,186.09,"Get it now, pay over time.","Why wait until payday? Get the things you want now and split your payments. It's fast, easy, and risk-free. No credit impact! Treat yourself now. Instant decision."
ad_4596,PayPal Pay Later,18-24,5329,1006.87,"Get it now, pay over time.",Don't let tight budgets hold you back. Flexible payment options available now!
ad_4597,Afterpay,55-64,6548,3245.95,"Buy Now, Pay Later with no hidden fees!","We help you buy what you want, when you want it. Download the app today. Smart budgeting for your family. No interest fees."
ad_4598,PayPal Pay Later,25-34,1674,2663.09,Don't wait! Buy today and pay later.,Instant approval! Just select our payment option at checkout. No credit impact! Treat yourself now. Instant decision.
ad_4599,Affirm,18-24,766,1034.7,Split your purchase into 4 easy payments.,"Shop your favorite brands and pay over 6 weeks. No interest, no hard credit check. No credit impact! Treat yourself now. Instant decision."
ad_4600,Zip,18-24,12119,469.02,Don't wait! Buy today and pay later.,"Manage your cash flow better. Buy the essentials today and pay in small, manageable installments."
ad_4601,Klarna,25-34,10400,1683.85,"Buy Now, Pay Later with no hidden fees!",Instant approval! Just select our payment option at checkout. No credit impact! Treat yourself now. Instant decision.
ad_4602,Sezzle,25-34,3076,844.74,Split your purchase into 4 easy payments.,"We help you buy what you want, when you want it. Download the app today."
ad_4603,PayPal Pay Later,18-24,3516,2427.69,Zero interest when you pay in 4.,"We help you buy what you want, when you want it. Download the app today. No credit impact! Treat yourself now. Instant decision."
ad_4604,Afterpay,55-64,11106,2458.18,Split your purchase into 4 easy payments.,"We help you buy what you want, when you want it. Download the app today. Smart budgeting for your family. No interest fees."
ad_4605,Klarna,18-24,4171,4503.51,Don't wait! Buy today and pay later.,"Manage your cash flow better. Buy the essentials today and pay in small, manageable installments. No credit impact! Treat yourself now. Instant decision."
ad_4606,PayPal Pay Later,25-34,512,2810.81,Split your purchase into 4 easy payments.,"We help you buy what you want, when you want it. Download the app today. No credit impact! Treat yourself now. Instant decision."
ad_4607,PayPal Pay Later,25-34,1198,1898.26,Zero interest when you pay in 4.,Don't let tight budgets hold you back. Flexible payment options available now!
ad_4608,Sezzle,25-34,900,3354.96,Unlock your purchasing power.,"We help you buy what you want, when you want it. Download the app today. No credit impact! Treat yourself now. Instant decision."
ad_4609,PayPal Pay Later,25-34,44653,4378.48,Zero interest when you pay in 4.,"Shop your favorite brands and pay over 6 weeks. No interest, no hard credit check. No credit impact! Treat yourself now. Instant decision."
ad_4610,Afterpay,18-24,605,4334.27,Don't wait! Buy today and pay later.,Instant approval! Just select our payment option at checkout. No credit impact! Treat yourself now. Instant decision.
ad_4611,Klarna,25-34,5381,2213.58,"Get it now, pay over time.",Instant approval! Just select our payment option at checkout. No credit impact! Treat yourself now. Instant decision.
ad_4612,Sezzle,18-24,1302,508.55,Unlock your purchasing power.,"We help you buy what you want, when you want it. Download the app today. No credit impact! Treat yourself now. Instant decision."
ad_4613,Zip,25-34,4085,2872.39,Don't wait! Buy today and pay later.,"Shop your favorite brands and pay over 6 weeks. No interest, no hard credit check. No credit impact! Treat yourself now. Instant decision."
ad_4614,Klarna,35-44,4156,346.57,Zero interest when you pay in 4.,Instant approval! Just select our payment option at checkout. Smart budgeting for your family. No interest fees.
ad_4615,Affirm,18-24,5649,2961.49,Unlock your purchasing power.,Don't let tight budgets hold you back. Flexible payment options available now!
ad_4616,Zip,25-34,14556,1222.02,"Get it now, pay over time.",Instant approval! Just select our payment option at checkout. No credit impact! Treat yourself now. Instant decision.
ad_4617,Zip,35-44,8568,274.22,Unlock your purchasing power.,"We help you buy what you want, when you want it. Download the app today. Smart budgeting for your family. No interest fees."
ad_4618,Sezzle,35-44,20033,2305.81,Zero interest when you pay in 4.,"Manage your cash flow better. Buy the essentials today and pay in small, manageable installments."
ad_4619,Sezzle,25-34,1525,1920.92,Split your purchase into 4 easy payments.,Don't let tight budgets hold you back. Flexible payment options available now!
ad_4620,Zip,25-34,1384,1140.6,Unlock your purchasing power.,"Why wait until payday? Get the things you want now and split your payments. It's fast, easy, and risk-free."
ad_4621,Afterpay,35-44,1206,3987.78,Unlock your purchasing power.,"We help you buy what you want, when you want it. Download the app today."
ad_4622,Zip,35-44,5743,208.93,Zero interest when you pay in 4.,"We help you buy what you want, when you want it. Download the app today. Smart budgeting for your family. No interest fees."
ad_4623,PayPal Pay Later,25-34,7978,170.88,"Buy Now, Pay Later with no hidden fees!",Instant approval! Just select our payment option at checkout.
ad_4624,PayPal Pay Later,18-24,3552,2913.31,Unlock your purchasing power.,"We help you buy what you want, when you want it. Download the app today. No credit impact! Treat yourself now. Instant decision."
ad_4625,Zip,18-24,4217,569.89,Zero interest when you pay in 4.,"Why wait until payday? Get the things you want now and split your payments. It's fast, easy, and risk-free. No credit impact! Treat yourself now. Instant decision."
ad_4626,Afterpay,25-34,15148,3908.18,Split your purchase into 4 easy payments.,Instant approval! Just select our payment option at checkout.
ad_4627,Affirm,18-24,3626,1737.35,Zero interest when you pay in 4.,"Why wait until payday? Get the things you want now and split your payments. It's fast, easy, and risk-free. No credit impact! Treat yourself now. Instant decision."
ad_4628,Affirm,45-54,1979,1127.25,"Buy Now, Pay Later with no hidden fees!","Why wait until payday? Get the things you want now and split your payments. It's fast, easy, and risk-free. Smart budgeting for your family. No interest fees."
ad_4629,PayPal Pay Later,18-24,3162,4513.23,Don't wait! Buy today and pay later.,"Shop your favorite brands and pay over 6 weeks. No interest, no hard credit check."
ad_4630,Afterpay,18-24,17674,3877.14,Split your purchase into 4 easy payments.,"Why wait until payday? Get the things you want now and split your payments. It's fast, easy, and risk-free. No credit impact! Treat yourself now. Instant decision."
ad_4631,Klarna,35-44,584,1531.4,Split your purchase into 4 easy payments.,"Why wait until payday? Get the things you want now and split your payments. It's fast, easy, and risk-free. Smart budgeting for your family. No interest fees."
ad_4632,PayPal Pay Later,35-44,3747,325.09,Split your purchase into 4 easy payments.,"Manage your cash flow better. Buy the essentials today and pay in small, manageable installments. Smart budgeting for your family. No interest fees."
ad_4633,Affirm,35-44,1610,3667.93,"Get it now, pay over time.","Shop your favorite brands and pay over 6 weeks. No interest, no hard credit check."
ad_4634,PayPal Pay Later,25-34,1811,543.47,"Buy Now, Pay Later with no hidden fees!","Manage your cash flow better. Buy the essentials today and pay in small, manageable installments. No credit impact! Treat yourself now. Instant decision."
ad_4635,Zip,25-34,1791,835.34,Split your purchase into 4 easy payments.,Don't let tight budgets hold you back. Flexible payment options available now!
ad_4636,Klarna,65+,5761,720.07,"Buy Now, Pay Later with no hidden fees!","Manage your cash flow better. Buy the essentials today and pay in small, manageable installments. Smart budgeting for your family. No interest fees."
ad_4637,PayPal Pay Later,25-34,3990,3250.58,"Buy Now, Pay Later with no hidden fees!",Don't let tight budgets hold you back. Flexible payment options available now!
ad_4638,PayPal Pay Later,18-24,2273,778.08,Zero interest when you pay in 4.,"Shop your favorite brands and pay over 6 weeks. No interest, no hard credit check."
ad_4639,Afterpay,35-44,11603,1854.08,"Buy Now, Pay Later with no hidden fees!","Why wait until payday? Get the things you want now and split your payments. It's fast, easy, and risk-free. Smart budgeting for your family. No interest fees."
ad_4640,Afterpay,25-34,6990,2956.28,Don't wait! Buy today and pay later.,"Shop your favorite brands and pay over 6 weeks. No interest, no hard credit check. No credit impact! Treat yourself now. Instant decision."
ad_4641,PayPal Pay Later,25-34,3313,3162.76,"Get it now, pay over time.",Don't let tight budgets hold you back. Flexible payment options available now! No credit impact! Treat yourself now. Instant decision.
ad_4642,Affirm,18-24,6015,454.91,Unlock your purchasing power.,"We help you buy what you want, when you want it. Download the app today. No credit impact! Treat yourself now. Instant decision."
ad_4643,Affirm,18-24,16077,4385.14,Split your purchase into 4 easy payments.,Don't let tight budgets hold you back. Flexible payment options available now!
ad_4644,Sezzle,25-34,5329,2736.59,"Get it now, pay over time.","Manage your cash flow better. Buy the essentials today and pay in small, manageable installments. No credit impact! Treat yourself now. Instant decision."
ad_4645,Afterpay,65+,24395,4730.37,Unlock your purchasing power.,"Why wait until payday? Get the things you want now and split your payments. It's fast, easy, and risk-free. Smart budgeting for your family. No interest fees."
ad_4646,Affirm,25-34,9441,4757.64,Zero interest when you pay in 4.,"Shop your favorite brands and pay over 6 weeks. No interest, no hard credit check. No credit impact! Treat yourself now. Instant decision."
ad_4647,Klarna,18-24,3940,3193.94,"Buy Now, Pay Later with no hidden fees!","Manage your cash flow better. Buy the essentials today and pay in small, manageable installments. No credit impact! Treat yourself now. Instant decision."
ad_4648,Klarna,25-34,1075,4468.9,"Get it now, pay over time.","Manage your cash flow better. Buy the essentials today and pay in small, manageable installments. No credit impact! Treat yourself now. Instant decision."
ad_4649,Zip,25-34,5977,2482.18,Unlock your purchasing power.,Instant approval! Just select our payment option at checkout. No credit impact! Treat yourself now. Instant decision.
ad_4650,Affirm,45-54,482,3280.52,Don't wait! Buy today and pay later.,"Shop your favorite brands and pay over 6 weeks. No interest, no hard credit check. Smart budgeting for your family. No interest fees."
ad_4651,Zip,55-64,9299,3217.17,"Get it now, pay over time.",Instant approval! Just select our payment option at checkout. Smart budgeting for your family. No interest fees.
ad_4652,Zip,35-44,9027,4618.43,Zero interest when you pay in 4.,"Shop your favorite brands and pay over 6 weeks. No interest, no hard credit check."
ad_4653,Klarna,18-24,1779,246.66,Don't wait! Buy today and pay later.,"Why wait until payday? Get the things you want now and split your payments. It's fast, easy, and risk-free. No credit impact! Treat yourself now. Instant decision."
ad_4654,PayPal Pay Later,25-34,2145,3565.87,"Get it now, pay over time.",Instant approval! Just select our payment option at checkout. No credit impact! Treat yourself now. Instant decision.
ad_4655,Zip,25-34,8150,1808.7,"Get it now, pay over time.","Why wait until payday? Get the things you want now and split your payments. It's fast, easy, and risk-free. No credit impact! Treat yourself now. Instant decision."
ad_4656,Sezzle,25-34,7095,2232.97,Zero interest when you pay in 4.,"We help you buy what you want, when you want it. Download the app today. No credit impact! Treat yourself now. Instant decision."
ad_4657,Afterpay,55-64,5854,2103.34,Don't wait! Buy today and pay later.,"Manage your cash flow better. Buy the essentials today and pay in small, manageable installments. Smart budgeting for your family. No interest fees."
ad_4658,Zip,18-24,2086,926.41,"Buy Now, Pay Later with no hidden fees!","We help you buy what you want, when you want it. Download the app today. No credit impact! Treat yourself now. Instant decision."
ad_4659,PayPal Pay Later,25-34,13365,4178.52,Don't wait! Buy today and pay later.,"Shop your favorite brands and pay over 6 weeks. No interest, no hard credit check. No credit impact! Treat yourself now. Instant decision."
ad_4660,Affirm,45-54,9065,4315.25,Unlock your purchasing power.,Don't let tight budgets hold you back. Flexible payment options available now! Smart budgeting for your family. No interest fees.
ad_4661,Sezzle,65+,1033,1154.99,Unlock your purchasing power.,"Manage your cash flow better. Buy the essentials today and pay in small, manageable installments. Smart budgeting for your family. No interest fees."
ad_4662,Afterpay,18-24,9039,3227.7,Unlock your purchasing power.,Instant approval! Just select our payment option at checkout. No credit impact! Treat yourself now. Instant decision.
ad_4663,Affirm,18-24,5519,1944.18,Unlock your purchasing power.,"Shop your favorite brands and pay over 6 weeks. No interest, no hard credit check. No credit impact! Treat yourself now. Instant decision."
ad_4664,Afterpay,18-24,7003,1245.34,Unlock your purchasing power.,"Shop your favorite brands and pay over 6 weeks. No interest, no hard credit check. No credit impact! Treat yourself now. Instant decision."
ad_4665,Affirm,18-24,2365,2805.62,Zero interest when you pay in 4.,"Manage your cash flow better. Buy the essentials today and pay in small, manageable installments. No credit impact! Treat yourself now. Instant decision."
ad_4666,Zip,45-54,509,4204.66,Zero interest when you pay in 4.,Instant approval! Just select our payment option at checkout.
ad_4667,Klarna,25-34,1450,683.39,Unlock your purchasing power.,"Why wait until payday? Get the things you want now and split your payments. It's fast, easy, and risk-free."
ad_4668,Sezzle,18-24,1557,1728.76,"Get it now, pay over time.","We help you buy what you want, when you want it. Download the app today. No credit impact! Treat yourself now. Instant decision."
ad_4669,Afterpay,25-34,330,2621.97,Zero interest when you pay in 4.,"Why wait until payday? Get the things you want now and split your payments. It's fast, easy, and risk-free. No credit impact! Treat yourself now. Instant decision."
ad_4670,PayPal Pay Later,18-24,614,1267.35,Split your purchase into 4 easy payments.,"Manage your cash flow better. Buy the essentials today and pay in small, manageable installments. No credit impact! Treat yourself now. Instant decision."
ad_4671,Affirm,18-24,2515,216.29,"Get it now, pay over time.","Manage your cash flow better. Buy the essentials today and pay in small, manageable installments. No credit impact! Treat yourself now. Instant decision."
ad_4672,Sezzle,18-24,1760,4572.48,Don't wait! Buy today and pay later.,"Manage your cash flow better. Buy the essentials today and pay in small, manageable installments. No credit impact! Treat yourself now. Instant decision."
ad_4673,Afterpay,25-34,8640,986.19,Unlock your purchasing power.,"Manage your cash flow better. Buy the essentials today and pay in small, manageable installments. No credit impact! Treat yourself now. Instant decision."
ad_4674,PayPal Pay Later,25-34,951,1580.06,"Buy Now, Pay Later with no hidden fees!",Don't let tight budgets hold you back. Flexible payment options available now! No credit impact! Treat yourself now. Instant decision.
ad_4675,Afterpay,25-34,1039,966.5,Zero interest when you pay in 4.,"We help you buy what you want, when you want it. Download the app today."
ad_4676,Affirm,25-34,6847,769.67,"Get it now, pay over time.",Don't let tight budgets hold you back. Flexible payment options available now! No credit impact! Treat yourself now. Instant decision.
ad_4677,PayPal Pay Later,35-44,2271,3597.53,Split your purchase into 4 easy payments.,"Manage your cash flow better. Buy the essentials today and pay in small, manageable installments. Smart budgeting for your family. No interest fees."
ad_4678,Klarna,18-24,1433,906.66,Unlock your purchasing power.,Don't let tight budgets hold you back. Flexible payment options available now!
ad_4679,Affirm,18-24,1708,3669.47,Unlock your purchasing power.,"Manage your cash flow better. Buy the essentials today and pay in small, manageable installments. No credit impact! Treat yourself now. Instant decision."
ad_4680,PayPal Pay Later,18-24,4136,2881.16,Unlock your purchasing power.,Don't let tight budgets hold you back. Flexible payment options available now!
ad_4681,Klarna,18-24,3156,3520.87,Don't wait! Buy today and pay later.,Don't let tight budgets hold you back. Flexible payment options available now! No credit impact! Treat yourself now. Instant decision.
ad_4682,Affirm,18-24,5015,3054.81,"Get it now, pay over time.","Shop your favorite brands and pay over 6 weeks. No interest, no hard credit check. No credit impact! Treat yourself now. Instant decision."
ad_4683,Sezzle,25-34,172,4821.61,"Buy Now, Pay Later with no hidden fees!","Shop your favorite brands and pay over 6 weeks. No interest, no hard credit check. No credit impact! Treat yourself now. Instant decision."
ad_4684,Affirm,18-24,4280,1883.55,"Buy Now, Pay Later with no hidden fees!","Why wait until payday? Get the things you want now and split your payments. It's fast, easy, and risk-free. No credit impact! Treat yourself now. Instant decision."
ad_4685,Affirm,45-54,2858,3902.89,Split your purchase into 4 easy payments.,"Why wait until payday? Get the things you want now and split your payments. It's fast, easy, and risk-free. Smart budgeting for your family. No interest fees."
ad_4686,Sezzle,55-64,5917,3177.9,"Buy Now, Pay Later with no hidden fees!","Manage your cash flow better. Buy the essentials today and pay in small, manageable installments."
ad_4687,Klarna,35-44,3478,1664.32,"Get it now, pay over time.",Don't let tight budgets hold you back. Flexible payment options available now! Smart budgeting for your family. No interest fees.
ad_4688,Afterpay,55-64,4055,2363.82,"Buy Now, Pay Later with no hidden fees!","Shop your favorite brands and pay over 6 weeks. No interest, no hard credit check. Smart budgeting for your family. No interest fees."
ad_4689,Afterpay,25-34,4619,3963.76,Unlock your purchasing power.,Don't let tight budgets hold you back. Flexible payment options available now!
ad_4690,Klarna,18-24,2516,1944.81,"Buy Now, Pay Later with no hidden fees!","Shop your favorite brands and pay over 6 weeks. No interest, no hard credit check. No credit impact! Treat yourself now. Instant decision."
ad_4691,Sezzle,18-24,2862,2375.73,Zero interest when you pay in 4.,"We help you buy what you want, when you want it. Download the app today."
ad_4692,Affirm,65+,658,2584.36,Zero interest when you pay in 4.,Instant approval! Just select our payment option at checkout. Smart budgeting for your family. No interest fees.
ad_4693,Afterpay,55-64,14092,929.3,"Buy Now, Pay Later with no hidden fees!","Shop your favorite brands and pay over 6 weeks. No interest, no hard credit check. Smart budgeting for your family. No interest fees."
ad_4694,Zip,25-34,3086,2629.43,Unlock your purchasing power.,Instant approval! Just select our payment option at checkout. No credit impact! Treat yourself now. Instant decision.
ad_4695,Klarna,18-24,1080,1455.13,Don't wait! Buy today and pay later.,"Shop your favorite brands and pay over 6 weeks. No interest, no hard credit check."
ad_4696,PayPal Pay Later,18-24,460,1219.65,Don't wait! Buy today and pay later.,Don't let tight budgets hold you back. Flexible payment options available now! No credit impact! Treat yourself now. Instant decision.
ad_4697,Sezzle,18-24,2114,3515.77,Don't wait! Buy today and pay later.,"Why wait until payday? Get the things you want now and split your payments. It's fast, easy, and risk-free. No credit impact! Treat yourself now. Instant decision."
ad_4698,Affirm,18-24,4213,936.99,"Buy Now, Pay Later with no hidden fees!",Instant approval! Just select our payment option at checkout.
ad_4699,Klarna,18-24,2252,1438.5,Unlock your purchasing power.,"Manage your cash flow better. Buy the essentials today and pay in small, manageable installments."
ad_4700,PayPal Pay Later,25-34,6849,3867.12,Zero interest when you pay in 4.,"Shop your favorite brands and pay over 6 weeks. No interest, no hard credit check. No credit impact! Treat yourself now. Instant decision."
ad_4701,Afterpay,35-44,1102,3368.94,Split your purchase into 4 easy payments.,Instant approval! Just select our payment option at checkout. Smart budgeting for your family. No interest fees.
ad_4702,Affirm,18-24,2042,4325.33,Zero interest when you pay in 4.,"Why wait until payday? Get the things you want now and split your payments. It's fast, easy, and risk-free."
ad_4703,PayPal Pay Later,25-34,4389,565.19,Zero interest when you pay in 4.,Instant approval! Just select our payment option at checkout.
ad_4704,PayPal Pay Later,35-44,1037,1294.76,Unlock your purchasing power.,Don't let tight budgets hold you back. Flexible payment options available now!
ad_4705,Affirm,25-34,1969,2344.3,Unlock your purchasing power.,"We help you buy what you want, when you want it. Download the app today."
ad_4706,Afterpay,18-24,4327,4258.07,"Get it now, pay over time.","Manage your cash flow better. Buy the essentials today and pay in small, manageable installments. No credit impact! Treat yourself now. Instant decision."
ad_4707,PayPal Pay Later,35-44,1123,4959.3,Unlock your purchasing power.,"Manage your cash flow better. Buy the essentials today and pay in small, manageable installments."
ad_4708,Afterpay,18-24,1855,2945.43,Split your purchase into 4 easy payments.,"Shop your favorite brands and pay over 6 weeks. No interest, no hard credit check. No credit impact! Treat yourself now. Instant decision."
ad_4709,Afterpay,18-24,3605,1964.13,"Buy Now, Pay Later with no hidden fees!","Why wait until payday? Get the things you want now and split your payments. It's fast, easy, and risk-free. No credit impact! Treat yourself now. Instant decision."
ad_4710,Zip,25-34,2464,2071.05,"Buy Now, Pay Later with no hidden fees!","Manage your cash flow better. Buy the essentials today and pay in small, manageable installments. No credit impact! Treat yourself now. Instant decision."
ad_4711,Klarna,18-24,512,3321.0,"Buy Now, Pay Later with no hidden fees!",Instant approval! Just select our payment option at checkout. No credit impact! Treat yourself now. Instant decision.
ad_4712,Affirm,25-34,19518,1794.4,Split your purchase into 4 easy payments.,Don't let tight budgets hold you back. Flexible payment options available now! No credit impact! Treat yourself now. Instant decision.
ad_4713,PayPal Pay Later,45-54,2063,3874.13,Zero interest when you pay in 4.,"Shop your favorite brands and pay over 6 weeks. No interest, no hard credit check. Smart budgeting for your family. No interest fees."
ad_4714,Affirm,18-24,771,1185.21,"Get it now, pay over time.","Why wait until payday? Get the things you want now and split your payments. It's fast, easy, and risk-free. No credit impact! Treat yourself now. Instant decision."
ad_4715,Klarna,45-54,1346,3145.72,"Buy Now, Pay Later with no hidden fees!",Don't let tight budgets hold you back. Flexible payment options available now! Smart budgeting for your family. No interest fees.
ad_4716,Sezzle,18-24,3901,4768.22,Zero interest when you pay in 4.,"We help you buy what you want, when you want it. Download the app today. No credit impact! Treat yourself now. Instant decision."
ad_4717,Zip,25-34,12886,4456.44,"Buy Now, Pay Later with no hidden fees!","Manage your cash flow better. Buy the essentials today and pay in small, manageable installments."
ad_4718,Affirm,18-24,29100,563.22,Unlock your purchasing power.,"Shop your favorite brands and pay over 6 weeks. No interest, no hard credit check. No credit impact! Treat yourself now. Instant decision."
ad_4719,Klarna,18-24,2405,1486.73,Zero interest when you pay in 4.,Instant approval! Just select our payment option at checkout. No credit impact! Treat yourself now. Instant decision.
ad_4720,PayPal Pay Later,18-24,7627,2660.03,Split your purchase into 4 easy payments.,"We help you buy what you want, when you want it. Download the app today. No credit impact! Treat yourself now. Instant decision."
ad_4721,Klarna,18-24,5625,1889.16,Split your purchase into 4 easy payments.,Don't let tight budgets hold you back. Flexible payment options available now! No credit impact! Treat yourself now. Instant decision.
ad_4722,Klarna,18-24,2153,1802.68,"Buy Now, Pay Later with no hidden fees!","Shop your favorite brands and pay over 6 weeks. No interest, no hard credit check. No credit impact! Treat yourself now. Instant decision."
ad_4723,Klarna,18-24,2010,4290.79,"Buy Now, Pay Later with no hidden fees!","Why wait until payday? Get the things you want now and split your payments. It's fast, easy, and risk-free. No credit impact! Treat yourself now. Instant decision."
ad_4724,Zip,55-64,14579,3274.35,Don't wait! Buy today and pay later.,"Manage your cash flow better. Buy the essentials today and pay in small, manageable installments. Smart budgeting for your family. No interest fees."
ad_4725,Sezzle,25-34,5797,1246.45,Zero interest when you pay in 4.,"Shop your favorite brands and pay over 6 weeks. No interest, no hard credit check. No credit impact! Treat yourself now. Instant decision."
ad_4726,Klarna,18-24,2006,680.71,"Get it now, pay over time.","Why wait until payday? Get the things you want now and split your payments. It's fast, easy, and risk-free."
ad_4727,Klarna,25-34,3692,1895.43,Zero interest when you pay in 4.,"Manage your cash flow better. Buy the essentials today and pay in small, manageable installments. No credit impact! Treat yourself now. Instant decision."
ad_4728,Affirm,25-34,3661,2495.66,"Get it now, pay over time.","We help you buy what you want, when you want it. Download the app today. No credit impact! Treat yourself now. Instant decision."
ad_4729,PayPal Pay Later,25-34,1892,2335.53,Don't wait! Buy today and pay later.,"Shop your favorite brands and pay over 6 weeks. No interest, no hard credit check. No credit impact! Treat yourself now. Instant decision."
ad_4730,Zip,45-54,3305,144.04,"Buy Now, Pay Later with no hidden fees!",Instant approval! Just select our payment option at checkout. Smart budgeting for your family. No interest fees.
ad_4731,Klarna,25-34,9055,3792.5,"Buy Now, Pay Later with no hidden fees!","Why wait until payday? Get the things you want now and split your payments. It's fast, easy, and risk-free. No credit impact! Treat yourself now. Instant decision."
ad_4732,PayPal Pay Later,25-34,4879,3373.52,Zero interest when you pay in 4.,Don't let tight budgets hold you back. Flexible payment options available now! No credit impact! Treat yourself now. Instant decision.
ad_4733,Affirm,18-24,5303,847.04,"Get it now, pay over time.","Why wait until payday? Get the things you want now and split your payments. It's fast, easy, and risk-free."
ad_4734,Zip,65+,1747,2228.41,Unlock your purchasing power.,Instant approval! Just select our payment option at checkout.
ad_4735,Zip,35-44,867,1914.54,"Buy Now, Pay Later with no hidden fees!",Don't let tight budgets hold you back. Flexible payment options available now!
ad_4736,Zip,25-34,3203,3621.35,Split your purchase into 4 easy payments.,"Why wait until payday? Get the things you want now and split your payments. It's fast, easy, and risk-free. No credit impact! Treat yourself now. Instant decision."
ad_4737,Zip,25-34,4112,4434.62,Unlock your purchasing power.,"Shop your favorite brands and pay over 6 weeks. No interest, no hard credit check."
ad_4738,Sezzle,25-34,2645,100.55,Don't wait! Buy today and pay later.,"Manage your cash flow better. Buy the essentials today and pay in small, manageable installments. No credit impact! Treat yourself now. Instant decision."
ad_4739,Sezzle,18-24,2603,4442.46,Zero interest when you pay in 4.,Instant approval! Just select our payment option at checkout. No credit impact! Treat yourself now. Instant decision.
ad_4740,Klarna,25-34,63,2893.8,"Buy Now, Pay Later with no hidden fees!",Don't let tight budgets hold you back. Flexible payment options available now! No credit impact! Treat yourself now. Instant decision.
ad_4741,PayPal Pay Later,25-34,8727,3009.38,Unlock your purchasing power.,"We help you buy what you want, when you want it. Download the app today."
ad_4742,Sezzle,35-44,3120,3059.13,"Buy Now, Pay Later with no hidden fees!",Don't let tight budgets hold you back. Flexible payment options available now! Smart budgeting for your family. No interest fees.
ad_4743,PayPal Pay Later,18-24,340,1671.06,Unlock your purchasing power.,"Manage your cash flow better. Buy the essentials today and pay in small, manageable installments. No credit impact! Treat yourself now. Instant decision."
ad_4744,Sezzle,18-24,841,946.27,"Buy Now, Pay Later with no hidden fees!","Manage your cash flow better. Buy the essentials today and pay in small, manageable installments."
ad_4745,Zip,35-44,4570,4530.19,Don't wait! Buy today and pay later.,"We help you buy what you want, when you want it. Download the app today."
ad_4746,Zip,18-24,2129,4529.22,"Get it now, pay over time.","Why wait until payday? Get the things you want now and split your payments. It's fast, easy, and risk-free. No credit impact! Treat yourself now. Instant decision."
ad_4747,Sezzle,25-34,2645,734.4,"Get it now, pay over time.",Don't let tight budgets hold you back. Flexible payment options available now! No credit impact! Treat yourself now. Instant decision.
ad_4748,Sezzle,25-34,3592,425.48,Don't wait! Buy today and pay later.,"We help you buy what you want, when you want it. Download the app today. No credit impact! Treat yourself now. Instant decision."
ad_4749,Sezzle,25-34,3739,4657.09,"Get it now, pay over time.",Don't let tight budgets hold you back. Flexible payment options available now!
ad_4750,Afterpay,25-34,4030,3506.52,Don't wait! Buy today and pay later.,"Shop your favorite brands and pay over 6 weeks. No interest, no hard credit check. No credit impact! Treat yourself now. Instant decision."
ad_4751,Zip,35-44,508,1365.67,"Get it now, pay over time.","We help you buy what you want, when you want it. Download the app today. Smart budgeting for your family. No interest fees."
ad_4752,PayPal Pay Later,25-34,5490,137.58,Zero interest when you pay in 4.,Instant approval! Just select our payment option at checkout. No credit impact! Treat yourself now. Instant decision.
ad_4753,Zip,18-24,32627,4705.4,Don't wait! Buy today and pay later.,"Shop your favorite brands and pay over 6 weeks. No interest, no hard credit check. No credit impact! Treat yourself now. Instant decision."
ad_4754,Klarna,25-34,503,4766.49,Split your purchase into 4 easy payments.,"Shop your favorite brands and pay over 6 weeks. No interest, no hard credit check. No credit impact! Treat yourself now. Instant decision."
ad_4755,Zip,18-24,2382,2587.67,Unlock your purchasing power.,"Why wait until payday? Get the things you want now and split your payments. It's fast, easy, and risk-free. No credit impact! Treat yourself now. Instant decision."
ad_4756,Zip,25-34,4668,1429.32,Unlock your purchasing power.,"Shop your favorite brands and pay over 6 weeks. No interest, no hard credit check. No credit impact! Treat yourself now. Instant decision."
ad_4757,Afterpay,25-34,567,378.18,"Get it now, pay over time.",Don't let tight budgets hold you back. Flexible payment options available now! No credit impact! Treat yourself now. Instant decision.
ad_4758,Sezzle,45-54,651,1634.46,Split your purchase into 4 easy payments.,Instant approval! Just select our payment option at checkout.
ad_4759,Afterpay,55-64,3560,4882.24,Don't wait! Buy today and pay later.,"We help you buy what you want, when you want it. Download the app today. Smart budgeting for your family. No interest fees."
ad_4760,Klarna,18-24,8277,972.22,Unlock your purchasing power.,"Manage your cash flow better. Buy the essentials today and pay in small, manageable installments."
ad_4761,Klarna,35-44,3755,1408.42,"Get it now, pay over time.","Manage your cash flow better. Buy the essentials today and pay in small, manageable installments."
ad_4762,Zip,25-34,2957,4522.37,"Buy Now, Pay Later with no hidden fees!",Don't let tight budgets hold you back. Flexible payment options available now!
ad_4763,Klarna,18-24,687,3242.87,Don't wait! Buy today and pay later.,"Shop your favorite brands and pay over 6 weeks. No interest, no hard credit check. No credit impact! Treat yourself now. Instant decision."
ad_4764,Zip,25-34,4951,4685.07,Unlock your purchasing power.,"Manage your cash flow better. Buy the essentials today and pay in small, manageable installments."
ad_4765,Afterpay,25-34,4015,2400.77,"Buy Now, Pay Later with no hidden fees!","We help you buy what you want, when you want it. Download the app today."
ad_4766,Klarna,18-24,3102,1916.26,"Get it now, pay over time.","We help you buy what you want, when you want it. Download the app today."
ad_4767,Sezzle,25-34,423,936.88,Unlock your purchasing power.,"Manage your cash flow better. Buy the essentials today and pay in small, manageable installments. No credit impact! Treat yourself now. Instant decision."
ad_4768,Zip,35-44,7324,774.6,Zero interest when you pay in 4.,Instant approval! Just select our payment option at checkout.
ad_4769,PayPal Pay Later,25-34,873,608.77,Zero interest when you pay in 4.,"Manage your cash flow better. Buy the essentials today and pay in small, manageable installments. No credit impact! Treat yourself now. Instant decision."
ad_4770,Sezzle,55-64,13115,3275.16,Zero interest when you pay in 4.,Don't let tight budgets hold you back. Flexible payment options available now! Smart budgeting for your family. No interest fees.
ad_4771,Afterpay,25-34,1315,4240.23,Split your purchase into 4 easy payments.,"Shop your favorite brands and pay over 6 weeks. No interest, no hard credit check."
ad_4772,Afterpay,18-24,3103,2666.36,Zero interest when you pay in 4.,"Manage your cash flow better. Buy the essentials today and pay in small, manageable installments. No credit impact! Treat yourself now. Instant decision."
ad_4773,Zip,25-34,1732,4653.47,Don't wait! Buy today and pay later.,"We help you buy what you want, when you want it. Download the app today. No credit impact! Treat yourself now. Instant decision."
ad_4774,Affirm,45-54,1209,3417.2,Unlock your purchasing power.,"Why wait until payday? Get the things you want now and split your payments. It's fast, easy, and risk-free. Smart budgeting for your family. No interest fees."
ad_4775,Klarna,45-54,17309,4635.53,Split your purchase into 4 easy payments.,Instant approval! Just select our payment option at checkout.
ad_4776,PayPal Pay Later,18-24,896,288.22,Zero interest when you pay in 4.,"Shop your favorite brands and pay over 6 weeks. No interest, no hard credit check. No credit impact! Treat yourself now. Instant decision."
ad_4777,PayPal Pay Later,45-54,1289,4948.96,Split your purchase into 4 easy payments.,"Manage your cash flow better. Buy the essentials today and pay in small, manageable installments."
ad_4778,Zip,25-34,2638,3936.02,Don't wait! Buy today and pay later.,"We help you buy what you want, when you want it. Download the app today. No credit impact! Treat yourself now. Instant decision."
ad_4779,Zip,55-64,10000,1744.64,"Buy Now, Pay Later with no hidden fees!",Instant approval! Just select our payment option at checkout. Smart budgeting for your family. No interest fees.
ad_4780,Klarna,25-34,1536,3399.59,Don't wait! Buy today and pay later.,Instant approval! Just select our payment option at checkout. No credit impact! Treat yourself now. Instant decision.
ad_4781,Klarna,35-44,1654,3997.26,"Buy Now, Pay Later with no hidden fees!","We help you buy what you want, when you want it. Download the app today."
ad_4782,Klarna,25-34,1908,4859.83,Don't wait! Buy today and pay later.,Instant approval! Just select our payment option at checkout.
ad_4783,Afterpay,25-34,1094,1935.14,"Get it now, pay over time.",Don't let tight budgets hold you back. Flexible payment options available now! No credit impact! Treat yourself now. Instant decision.
ad_4784,Zip,25-34,4301,2286.8,"Get it now, pay over time.","Shop your favorite brands and pay over 6 weeks. No interest, no hard credit check. No credit impact! Treat yourself now. Instant decision."
ad_4785,Affirm,55-64,2506,4730.44,"Buy Now, Pay Later with no hidden fees!",Instant approval! Just select our payment option at checkout. Smart budgeting for your family. No interest fees.
ad_4786,PayPal Pay Later,18-24,869,3470.67,"Buy Now, Pay Later with no hidden fees!","Shop your favorite brands and pay over 6 weeks. No interest, no hard credit check. No credit impact! Treat yourself now. Instant decision."
ad_4787,Sezzle,25-34,1980,3871.28,Split your purchase into 4 easy payments.,"Why wait until payday? Get the things you want now and split your payments. It's fast, easy, and risk-free. No credit impact! Treat yourself now. Instant decision."
ad_4788,Zip,25-34,11541,706.24,Unlock your purchasing power.,Don't let tight budgets hold you back. Flexible payment options available now!
ad_4789,Affirm,35-44,13025,3366.51,Unlock your purchasing power.,Don't let tight budgets hold you back. Flexible payment options available now!
ad_4790,Sezzle,18-24,1562,2726.18,Don't wait! Buy today and pay later.,"We help you buy what you want, when you want it. Download the app today. No credit impact! Treat yourself now. Instant decision."
ad_4791,Zip,18-24,772,2873.9,"Get it now, pay over time.","We help you buy what you want, when you want it. Download the app today."
ad_4792,Sezzle,25-34,1907,4738.83,Zero interest when you pay in 4.,Instant approval! Just select our payment option at checkout. No credit impact! Treat yourself now. Instant decision.
ad_4793,Klarna,18-24,1069,825.63,Zero interest when you pay in 4.,Instant approval! Just select our payment option at checkout. No credit impact! Treat yourself now. Instant decision.
ad_4794,PayPal Pay Later,35-44,5503,4824.73,Split your purchase into 4 easy payments.,"Shop your favorite brands and pay over 6 weeks. No interest, no hard credit check."
ad_4795,Sezzle,18-24,3988,3259.26,Unlock your purchasing power.,Don't let tight budgets hold you back. Flexible payment options available now!
ad_4796,PayPal Pay Later,25-34,3169,2785.22,Split your purchase into 4 easy payments.,Don't let tight budgets hold you back. Flexible payment options available now! No credit impact! Treat yourself now. Instant decision.
ad_4797,Sezzle,18-24,545,79.7,"Buy Now, Pay Later with no hidden fees!",Don't let tight budgets hold you back. Flexible payment options available now!
ad_4798,PayPal Pay Later,35-44,1533,234.96,Don't wait! Buy today and pay later.,"Why wait until payday? Get the things you want now and split your payments. It's fast, easy, and risk-free."
ad_4799,Sezzle,18-24,608,4733.14,"Get it now, pay over time.","We help you buy what you want, when you want it. Download the app today. No credit impact! Treat yourself now. Instant decision."
ad_4800,Zip,25-34,1525,2833.87,Split your purchase into 4 easy payments.,"Why wait until payday? Get the things you want now and split your payments. It's fast, easy, and risk-free. No credit impact! Treat yourself now. Instant decision."
ad_4801,Sezzle,25-34,5028,837.37,Unlock your purchasing power.,"We help you buy what you want, when you want it. Download the app today."
ad_4802,Afterpay,25-34,6714,723.33,Split your purchase into 4 easy payments.,"Shop your favorite brands and pay over 6 weeks. No interest, no hard credit check. No credit impact! Treat yourself now. Instant decision."
ad_4803,Afterpay,25-34,5263,971.31,Split your purchase into 4 easy payments.,"Manage your cash flow better. Buy the essentials today and pay in small, manageable installments. No credit impact! Treat yourself now. Instant decision."
ad_4804,Klarna,55-64,4766,762.1,"Buy Now, Pay Later with no hidden fees!","Shop your favorite brands and pay over 6 weeks. No interest, no hard credit check."
ad_4805,Zip,18-24,4338,500.78,Don't wait! Buy today and pay later.,"Why wait until payday? Get the things you want now and split your payments. It's fast, easy, and risk-free."
ad_4806,Afterpay,18-24,2652,257.15,Split your purchase into 4 easy payments.,Instant approval! Just select our payment option at checkout.
ad_4807,Klarna,55-64,1529,4504.02,Split your purchase into 4 easy payments.,"Why wait until payday? Get the things you want now and split your payments. It's fast, easy, and risk-free."
ad_4808,Afterpay,25-34,5666,2140.18,Split your purchase into 4 easy payments.,"Why wait until payday? Get the things you want now and split your payments. It's fast, easy, and risk-free. No credit impact! Treat yourself now. Instant decision."
ad_4809,Afterpay,25-34,3492,3429.12,Unlock your purchasing power.,"Manage your cash flow better. Buy the essentials today and pay in small, manageable installments. No credit impact! Treat yourself now. Instant decision."
ad_4810,PayPal Pay Later,25-34,1881,3349.07,Zero interest when you pay in 4.,Instant approval! Just select our payment option at checkout. No credit impact! Treat yourself now. Instant decision.
ad_4811,Sezzle,25-34,1103,455.43,Split your purchase into 4 easy payments.,"We help you buy what you want, when you want it. Download the app today."
ad_4812,PayPal Pay Later,25-34,987,2357.97,Unlock your purchasing power.,"Why wait until payday? Get the things you want now and split your payments. It's fast, easy, and risk-free."
ad_4813,Afterpay,35-44,1509,3997.74,"Get it now, pay over time.","Shop your favorite brands and pay over 6 weeks. No interest, no hard credit check."
ad_4814,Zip,45-54,11817,2101.54,Zero interest when you pay in 4.,"Why wait until payday? Get the things you want now and split your payments. It's fast, easy, and risk-free. Smart budgeting for your family. No interest fees."
ad_4815,Affirm,18-24,4351,4693.18,Don't wait! Buy today and pay later.,"We help you buy what you want, when you want it. Download the app today."
ad_4816,PayPal Pay Later,18-24,2235,1356.13,Don't wait! Buy today and pay later.,"Shop your favorite brands and pay over 6 weeks. No interest, no hard credit check. No credit impact! Treat yourself now. Instant decision."
ad_4817,PayPal Pay Later,25-34,8201,1812.41,Split your purchase into 4 easy payments.,"Manage your cash flow better. Buy the essentials today and pay in small, manageable installments. No credit impact! Treat yourself now. Instant decision."
ad_4818,Zip,45-54,1658,2212.24,"Get it now, pay over time.","We help you buy what you want, when you want it. Download the app today."
ad_4819,Sezzle,18-24,1046,3284.69,Zero interest when you pay in 4.,"We help you buy what you want, when you want it. Download the app today. No credit impact! Treat yourself now. Instant decision."
ad_4820,Zip,55-64,5606,4857.19,Zero interest when you pay in 4.,Don't let tight budgets hold you back. Flexible payment options available now! Smart budgeting for your family. No interest fees.
ad_4821,Affirm,25-34,8099,1828.04,"Buy Now, Pay Later with no hidden fees!",Don't let tight budgets hold you back. Flexible payment options available now! No credit impact! Treat yourself now. Instant decision.
ad_4822,Zip,25-34,2318,2099.63,"Get it now, pay over time.","We help you buy what you want, when you want it. Download the app today. No credit impact! Treat yourself now. Instant decision."
ad_4823,Afterpay,18-24,3238,2680.51,"Buy Now, Pay Later with no hidden fees!","Why wait until payday? Get the things you want now and split your payments. It's fast, easy, and risk-free. No credit impact! Treat yourself now. Instant decision."
ad_4824,Zip,45-54,7281,4515.0,Split your purchase into 4 easy payments.,Don't let tight budgets hold you back. Flexible payment options available now!
ad_4825,Zip,18-24,3455,3421.14,"Buy Now, Pay Later with no hidden fees!","Why wait until payday? Get the things you want now and split your payments. It's fast, easy, and risk-free. No credit impact! Treat yourself now. Instant decision."
ad_4826,Affirm,18-24,10068,2041.44,"Get it now, pay over time.","Shop your favorite brands and pay over 6 weeks. No interest, no hard credit check. No credit impact! Treat yourself now. Instant decision."
ad_4827,Zip,25-34,650,3547.1,Zero interest when you pay in 4.,"We help you buy what you want, when you want it. Download the app today. No credit impact! Treat yourself now. Instant decision."
ad_4828,Afterpay,18-24,1264,3015.87,Zero interest when you pay in 4.,"Shop your favorite brands and pay over 6 weeks. No interest, no hard credit check. No credit impact! Treat yourself now. Instant decision."
ad_4829,Klarna,45-54,1026,4643.51,Don't wait! Buy today and pay later.,"We help you buy what you want, when you want it. Download the app today."
ad_4830,Affirm,35-44,1250,2798.26,Zero interest when you pay in 4.,"We help you buy what you want, when you want it. Download the app today."
ad_4831,Afterpay,18-24,15894,2799.28,Zero interest when you pay in 4.,"Manage your cash flow better. Buy the essentials today and pay in small, manageable installments. No credit impact! Treat yourself now. Instant decision."
ad_4832,Klarna,35-44,1411,2138.05,Unlock your purchasing power.,"Why wait until payday? Get the things you want now and split your payments. It's fast, easy, and risk-free."
ad_4833,Klarna,35-44,5220,519.14,Split your purchase into 4 easy payments.,"Why wait until payday? Get the things you want now and split your payments. It's fast, easy, and risk-free. Smart budgeting for your family. No interest fees."
ad_4834,Klarna,25-34,7333,1861.77,"Get it now, pay over time.",Instant approval! Just select our payment option at checkout. No credit impact! Treat yourself now. Instant decision.
ad_4835,Klarna,25-34,611,4031.57,"Buy Now, Pay Later with no hidden fees!",Instant approval! Just select our payment option at checkout. No credit impact! Treat yourself now. Instant decision.
ad_4836,Zip,18-24,1085,4676.97,"Buy Now, Pay Later with no hidden fees!",Instant approval! Just select our payment option at checkout. No credit impact! Treat yourself now. Instant decision.
ad_4837,Klarna,25-34,5890,3478.31,"Buy Now, Pay Later with no hidden fees!","We help you buy what you want, when you want it. Download the app today."
ad_4838,Zip,18-24,2434,656.01,"Buy Now, Pay Later with no hidden fees!",Instant approval! Just select our payment option at checkout. No credit impact! Treat yourself now. Instant decision.
ad_4839,Afterpay,35-44,2881,3365.39,"Buy Now, Pay Later with no hidden fees!",Instant approval! Just select our payment option at checkout. Smart budgeting for your family. No interest fees.
ad_4840,PayPal Pay Later,18-24,1342,4007.01,Zero interest when you pay in 4.,"Manage your cash flow better. Buy the essentials today and pay in small, manageable installments. No credit impact! Treat yourself now. Instant decision."
ad_4841,Zip,25-34,1783,310.81,Zero interest when you pay in 4.,"Shop your favorite brands and pay over 6 weeks. No interest, no hard credit check."
ad_4842,Zip,18-24,5670,2256.87,Zero interest when you pay in 4.,"Shop your favorite brands and pay over 6 weeks. No interest, no hard credit check."
ad_4843,PayPal Pay Later,18-24,3713,1465.79,Zero interest when you pay in 4.,"Why wait until payday? Get the things you want now and split your payments. It's fast, easy, and risk-free."
ad_4844,PayPal Pay Later,18-24,4014,652.59,Split your purchase into 4 easy payments.,"We help you buy what you want, when you want it. Download the app today. No credit impact! Treat yourself now. Instant decision."
ad_4845,Afterpay,25-34,2408,1946.37,Don't wait! Buy today and pay later.,Instant approval! Just select our payment option at checkout.
ad_4846,Affirm,25-34,2128,2953.01,"Buy Now, Pay Later with no hidden fees!","We help you buy what you want, when you want it. Download the app today."
ad_4847,Zip,25-34,2645,3291.64,Split your purchase into 4 easy payments.,"We help you buy what you want, when you want it. Download the app today."
ad_4848,Affirm,18-24,2324,1415.41,"Get it now, pay over time.","We help you buy what you want, when you want it. Download the app today. No credit impact! Treat yourself now. Instant decision."
ad_4849,Affirm,25-34,7943,1801.72,Zero interest when you pay in 4.,"Manage your cash flow better. Buy the essentials today and pay in small, manageable installments. No credit impact! Treat yourself now. Instant decision."
ad_4850,PayPal Pay Later,25-34,11078,417.93,Split your purchase into 4 easy payments.,Don't let tight budgets hold you back. Flexible payment options available now! No credit impact! Treat yourself now. Instant decision.
ad_4851,Afterpay,18-24,5094,2537.28,"Buy Now, Pay Later with no hidden fees!",Instant approval! Just select our payment option at checkout. No credit impact! Treat yourself now. Instant decision.
ad_4852,PayPal Pay Later,25-34,773,4094.97,Unlock your purchasing power.,"Shop your favorite brands and pay over 6 weeks. No interest, no hard credit check. No credit impact! Treat yourself now. Instant decision."
ad_4853,Zip,35-44,11632,4700.93,"Get it now, pay over time.",Don't let tight budgets hold you back. Flexible payment options available now! Smart budgeting for your family. No interest fees.
ad_4854,PayPal Pay Later,18-24,2740,3366.07,Zero interest when you pay in 4.,"We help you buy what you want, when you want it. Download the app today."
ad_4855,Klarna,18-24,3200,1611.45,Zero interest when you pay in 4.,Don't let tight budgets hold you back. Flexible payment options available now! No credit impact! Treat yourself now. Instant decision.
ad_4856,PayPal Pay Later,35-44,3872,4423.25,Unlock your purchasing power.,"We help you buy what you want, when you want it. Download the app today. Smart budgeting for your family. No interest fees."
ad_4857,PayPal Pay Later,35-44,17435,1434.21,"Buy Now, Pay Later with no hidden fees!","Manage your cash flow better. Buy the essentials today and pay in small, manageable installments."
ad_4858,Zip,25-34,688,3649.54,Split your purchase into 4 easy payments.,"Shop your favorite brands and pay over 6 weeks. No interest, no hard credit check."
ad_4859,Afterpay,18-24,5734,475.72,Don't wait! Buy today and pay later.,"Shop your favorite brands and pay over 6 weeks. No interest, no hard credit check. No credit impact! Treat yourself now. Instant decision."
ad_4860,Afterpay,18-24,19649,1432.02,Don't wait! Buy today and pay later.,Instant approval! Just select our payment option at checkout. No credit impact! Treat yourself now. Instant decision.
ad_4861,Affirm,25-34,714,4177.06,"Get it now, pay over time.",Don't let tight budgets hold you back. Flexible payment options available now!
ad_4862,PayPal Pay Later,25-34,1922,192.92,"Buy Now, Pay Later with no hidden fees!","Why wait until payday? Get the things you want now and split your payments. It's fast, easy, and risk-free."
ad_4863,PayPal Pay Later,25-34,9834,1009.78,Don't wait! Buy today and pay later.,"We help you buy what you want, when you want it. Download the app today. No credit impact! Treat yourself now. Instant decision."
ad_4864,Zip,55-64,101,1580.59,Don't wait! Buy today and pay later.,"Why wait until payday? Get the things you want now and split your payments. It's fast, easy, and risk-free. Smart budgeting for your family. No interest fees."
ad_4865,Afterpay,18-24,4149,469.58,Don't wait! Buy today and pay later.,"We help you buy what you want, when you want it. Download the app today."
ad_4866,Sezzle,25-34,3749,2434.52,"Get it now, pay over time.","Manage your cash flow better. Buy the essentials today and pay in small, manageable installments. No credit impact! Treat yourself now. Instant decision."
ad_4867,Affirm,65+,2395,2568.4,Unlock your purchasing power.,Don't let tight budgets hold you back. Flexible payment options available now!
ad_4868,Zip,45-54,3003,511.65,Zero interest when you pay in 4.,Don't let tight budgets hold you back. Flexible payment options available now!
ad_4869,Sezzle,25-34,3656,2265.53,"Get it now, pay over time.","We help you buy what you want, when you want it. Download the app today. No credit impact! Treat yourself now. Instant decision."
ad_4870,PayPal Pay Later,25-34,3066,2360.03,"Get it now, pay over time.",Instant approval! Just select our payment option at checkout.
ad_4871,Sezzle,18-24,532,3447.19,Split your purchase into 4 easy payments.,Don't let tight budgets hold you back. Flexible payment options available now! No credit impact! Treat yourself now. Instant decision.
ad_4872,Zip,18-24,3231,4889.93,Split your purchase into 4 easy payments.,"We help you buy what you want, when you want it. Download the app today. No credit impact! Treat yourself now. Instant decision."
ad_4873,PayPal Pay Later,25-34,2492,76.57,"Get it now, pay over time.","Manage your cash flow better. Buy the essentials today and pay in small, manageable installments. No credit impact! Treat yourself now. Instant decision."
ad_4874,Afterpay,65+,1564,823.61,Unlock your purchasing power.,"Why wait until payday? Get the things you want now and split your payments. It's fast, easy, and risk-free. Smart budgeting for your family. No interest fees."
ad_4875,Afterpay,55-64,11264,2542.93,Zero interest when you pay in 4.,"Manage your cash flow better. Buy the essentials today and pay in small, manageable installments. Smart budgeting for your family. No interest fees."
ad_4876,Zip,25-34,2989,4822.8,Unlock your purchasing power.,"Manage your cash flow better. Buy the essentials today and pay in small, manageable installments. No credit impact! Treat yourself now. Instant decision."
ad_4877,PayPal Pay Later,18-24,3219,4022.73,Unlock your purchasing power.,"Manage your cash flow better. Buy the essentials today and pay in small, manageable installments. No credit impact! Treat yourself now. Instant decision."
ad_4878,PayPal Pay Later,18-24,1660,4604.24,"Get it now, pay over time.","Manage your cash flow better. Buy the essentials today and pay in small, manageable installments."
ad_4879,Sezzle,18-24,19719,4477.73,Unlock your purchasing power.,Don't let tight budgets hold you back. Flexible payment options available now! No credit impact! Treat yourself now. Instant decision.
ad_4880,PayPal Pay Later,18-24,1670,4965.17,Split your purchase into 4 easy payments.,"Why wait until payday? Get the things you want now and split your payments. It's fast, easy, and risk-free. No credit impact! Treat yourself now. Instant decision."
ad_4881,Sezzle,18-24,1624,880.72,Split your purchase into 4 easy payments.,"We help you buy what you want, when you want it. Download the app today. No credit impact! Treat yourself now. Instant decision."
ad_4882,Sezzle,25-34,268,3853.74,Split your purchase into 4 easy payments.,Instant approval! Just select our payment option at checkout. No credit impact! Treat yourself now. Instant decision.
ad_4883,Afterpay,18-24,490,3278.58,"Get it now, pay over time.","Manage your cash flow better. Buy the essentials today and pay in small, manageable installments. No credit impact! Treat yourself now. Instant decision."
ad_4884,PayPal Pay Later,45-54,2376,3072.02,Don't wait! Buy today and pay later.,"Why wait until payday? Get the things you want now and split your payments. It's fast, easy, and risk-free. Smart budgeting for your family. No interest fees."
ad_4885,Sezzle,25-34,1586,1285.03,"Buy Now, Pay Later with no hidden fees!",Instant approval! Just select our payment option at checkout.
ad_4886,PayPal Pay Later,45-54,6072,921.63,"Get it now, pay over time.","Manage your cash flow better. Buy the essentials today and pay in small, manageable installments. Smart budgeting for your family. No interest fees."
ad_4887,Affirm,45-54,3270,3387.09,Zero interest when you pay in 4.,"Manage your cash flow better. Buy the essentials today and pay in small, manageable installments."
ad_4888,Affirm,35-44,570,2246.99,Unlock your purchasing power.,"We help you buy what you want, when you want it. Download the app today. Smart budgeting for your family. No interest fees."
ad_4889,PayPal Pay Later,35-44,10129,2081.83,"Get it now, pay over time.","Why wait until payday? Get the things you want now and split your payments. It's fast, easy, and risk-free."
ad_4890,Affirm,18-24,25104,3591.54,Split your purchase into 4 easy payments.,"Manage your cash flow better. Buy the essentials today and pay in small, manageable installments."
ad_4891,Klarna,18-24,588,3369.66,Zero interest when you pay in 4.,"We help you buy what you want, when you want it. Download the app today. No credit impact! Treat yourself now. Instant decision."
ad_4892,Zip,18-24,1025,158.56,"Buy Now, Pay Later with no hidden fees!","We help you buy what you want, when you want it. Download the app today. No credit impact! Treat yourself now. Instant decision."
ad_4893,Klarna,35-44,6970,887.23,"Get it now, pay over time.","We help you buy what you want, when you want it. Download the app today. Smart budgeting for your family. No interest fees."
ad_4894,PayPal Pay Later,18-24,2960,1862.46,"Get it now, pay over time.","We help you buy what you want, when you want it. Download the app today. No credit impact! Treat yourself now. Instant decision."
ad_4895,PayPal Pay Later,25-34,9122,1583.67,Unlock your purchasing power.,"We help you buy what you want, when you want it. Download the app today. No credit impact! Treat yourself now. Instant decision."
ad_4896,Zip,18-24,10258,1237.17,Zero interest when you pay in 4.,"Why wait until payday? Get the things you want now and split your payments. It's fast, easy, and risk-free. No credit impact! Treat yourself now. Instant decision."
ad_4897,Zip,65+,727,780.82,Unlock your purchasing power.,Instant approval! Just select our payment option at checkout.
ad_4898,Zip,25-34,2118,1396.37,"Get it now, pay over time.","Shop your favorite brands and pay over 6 weeks. No interest, no hard credit check. No credit impact! Treat yourself now. Instant decision."
ad_4899,Sezzle,65+,6603,62.45,Zero interest when you pay in 4.,Instant approval! Just select our payment option at checkout. Smart budgeting for your family. No interest fees.
ad_4900,Affirm,25-34,2859,3499.87,"Get it now, pay over time.",Don't let tight budgets hold you back. Flexible payment options available now! No credit impact! Treat yourself now. Instant decision.
ad_4901,PayPal Pay Later,25-34,515,1140.42,Zero interest when you pay in 4.,"Shop your favorite brands and pay over 6 weeks. No interest, no hard credit check. No credit impact! Treat yourself now. Instant decision."
ad_4902,Zip,45-54,1671,3147.61,"Get it now, pay over time.",Don't let tight budgets hold you back. Flexible payment options available now!
ad_4903,Klarna,18-24,1702,4538.12,"Buy Now, Pay Later with no hidden fees!","Shop your favorite brands and pay over 6 weeks. No interest, no hard credit check."
ad_4904,Affirm,18-24,9319,2683.37,Zero interest when you pay in 4.,Don't let tight budgets hold you back. Flexible payment options available now!
ad_4905,Zip,35-44,3622,3020.76,Unlock your purchasing power.,"We help you buy what you want, when you want it. Download the app today. Smart budgeting for your family. No interest fees."
ad_4906,Klarna,18-24,4915,469.15,"Get it now, pay over time.","Shop your favorite brands and pay over 6 weeks. No interest, no hard credit check. No credit impact! Treat yourself now. Instant decision."
ad_4907,Klarna,35-44,2056,736.97,Don't wait! Buy today and pay later.,Instant approval! Just select our payment option at checkout. Smart budgeting for your family. No interest fees.
ad_4908,Zip,45-54,2567,50.96,Unlock your purchasing power.,"Shop your favorite brands and pay over 6 weeks. No interest, no hard credit check. Smart budgeting for your family. No interest fees."
ad_4909,Afterpay,18-24,9557,4183.93,"Buy Now, Pay Later with no hidden fees!","Manage your cash flow better. Buy the essentials today and pay in small, manageable installments. No credit impact! Treat yourself now. Instant decision."
ad_4910,Sezzle,35-44,5148,1195.69,"Buy Now, Pay Later with no hidden fees!","Manage your cash flow better. Buy the essentials today and pay in small, manageable installments. Smart budgeting for your family. No interest fees."
ad_4911,PayPal Pay Later,65+,3278,4041.16,"Get it now, pay over time.","Shop your favorite brands and pay over 6 weeks. No interest, no hard credit check."
ad_4912,Affirm,35-44,4557,3065.35,Split your purchase into 4 easy payments.,Don't let tight budgets hold you back. Flexible payment options available now!
ad_4913,Afterpay,25-34,357,2462.05,Don't wait! Buy today and pay later.,Instant approval! Just select our payment option at checkout.
ad_4914,Sezzle,25-34,1054,666.61,"Buy Now, Pay Later with no hidden fees!","Why wait until payday? Get the things you want now and split your payments. It's fast, easy, and risk-free. No credit impact! Treat yourself now. Instant decision."
ad_4915,Zip,25-34,958,3729.02,Don't wait! Buy today and pay later.,"Shop your favorite brands and pay over 6 weeks. No interest, no hard credit check. No credit impact! Treat yourself now. Instant decision."
ad_4916,Klarna,45-54,1159,1477.61,Unlock your purchasing power.,"We help you buy what you want, when you want it. Download the app today."
ad_4917,PayPal Pay Later,18-24,3373,4246.58,Split your purchase into 4 easy payments.,"We help you buy what you want, when you want it. Download the app today."
ad_4918,Zip,18-24,5013,2524.61,Split your purchase into 4 easy payments.,"We help you buy what you want, when you want it. Download the app today. No credit impact! Treat yourself now. Instant decision."
ad_4919,Zip,18-24,5449,3553.26,Don't wait! Buy today and pay later.,"We help you buy what you want, when you want it. Download the app today. No credit impact! Treat yourself now. Instant decision."
ad_4920,Afterpay,18-24,558,2372.05,Split your purchase into 4 easy payments.,Don't let tight budgets hold you back. Flexible payment options available now! No credit impact! Treat yourself now. Instant decision.
ad_4921,Klarna,18-24,4205,532.75,Zero interest when you pay in 4.,"Shop your favorite brands and pay over 6 weeks. No interest, no hard credit check."
ad_4922,Klarna,18-24,11888,4958.71,"Get it now, pay over time.",Instant approval! Just select our payment option at checkout. No credit impact! Treat yourself now. Instant decision.
ad_4923,Zip,18-24,322,3057.69,Unlock your purchasing power.,"We help you buy what you want, when you want it. Download the app today."
ad_4924,Zip,18-24,4853,4313.35,Don't wait! Buy today and pay later.,Instant approval! Just select our payment option at checkout. No credit impact! Treat yourself now. Instant decision.
ad_4925,Afterpay,35-44,7973,3685.14,Unlock your purchasing power.,"Manage your cash flow better. Buy the essentials today and pay in small, manageable installments. Smart budgeting for your family. No interest fees."
ad_4926,Afterpay,18-24,19835,2886.08,"Get it now, pay over time.","We help you buy what you want, when you want it. Download the app today."
ad_4927,Zip,25-34,756,4541.7,"Buy Now, Pay Later with no hidden fees!","Manage your cash flow better. Buy the essentials today and pay in small, manageable installments. No credit impact! Treat yourself now. Instant decision."
ad_4928,Afterpay,18-24,3320,285.37,Unlock your purchasing power.,Don't let tight budgets hold you back. Flexible payment options available now! No credit impact! Treat yourself now. Instant decision.
ad_4929,Sezzle,18-24,1687,4655.93,"Get it now, pay over time.",Instant approval! Just select our payment option at checkout. No credit impact! Treat yourself now. Instant decision.
ad_4930,Zip,18-24,6500,4574.24,Split your purchase into 4 easy payments.,"We help you buy what you want, when you want it. Download the app today. No credit impact! Treat yourself now. Instant decision."
ad_4931,Klarna,25-34,3349,4990.01,Unlock your purchasing power.,"Manage your cash flow better. Buy the essentials today and pay in small, manageable installments. No credit impact! Treat yourself now. Instant decision."
ad_4932,Zip,45-54,1733,1236.85,"Get it now, pay over time.","Shop your favorite brands and pay over 6 weeks. No interest, no hard credit check."
ad_4933,Klarna,55-64,3310,3747.99,Unlock your purchasing power.,Don't let tight budgets hold you back. Flexible payment options available now! Smart budgeting for your family. No interest fees.
ad_4934,Klarna,45-54,1284,3580.02,Split your purchase into 4 easy payments.,Instant approval! Just select our payment option at checkout. Smart budgeting for your family. No interest fees.
ad_4935,Afterpay,18-24,28260,1803.14,Don't wait! Buy today and pay later.,"Why wait until payday? Get the things you want now and split your payments. It's fast, easy, and risk-free."
ad_4936,Affirm,35-44,2856,1872.34,"Buy Now, Pay Later with no hidden fees!","Shop your favorite brands and pay over 6 weeks. No interest, no hard credit check."
ad_4937,PayPal Pay Later,25-34,704,356.87,"Get it now, pay over time.",Don't let tight budgets hold you back. Flexible payment options available now! No credit impact! Treat yourself now. Instant decision.
ad_4938,Affirm,18-24,19896,1186.19,Zero interest when you pay in 4.,"Shop your favorite brands and pay over 6 weeks. No interest, no hard credit check."
ad_4939,Sezzle,45-54,5328,4579.95,"Get it now, pay over time.","Manage your cash flow better. Buy the essentials today and pay in small, manageable installments. Smart budgeting for your family. No interest fees."
ad_4940,Zip,25-34,982,1740.77,Split your purchase into 4 easy payments.,Instant approval! Just select our payment option at checkout. No credit impact! Treat yourself now. Instant decision.
ad_4941,Afterpay,55-64,1138,4345.47,"Buy Now, Pay Later with no hidden fees!",Don't let tight budgets hold you back. Flexible payment options available now! Smart budgeting for your family. No interest fees.
ad_4942,Afterpay,25-34,2755,4119.06,Don't wait! Buy today and pay later.,"Why wait until payday? Get the things you want now and split your payments. It's fast, easy, and risk-free. No credit impact! Treat yourself now. Instant decision."
ad_4943,PayPal Pay Later,18-24,1239,1975.04,Don't wait! Buy today and pay later.,Instant approval! Just select our payment option at checkout. No credit impact! Treat yourself now. Instant decision.
ad_4944,Affirm,18-24,1124,3181.12,Don't wait! Buy today and pay later.,Instant approval! Just select our payment option at checkout. No credit impact! Treat yourself now. Instant decision.
ad_4945,PayPal Pay Later,18-24,14148,2631.64,Don't wait! Buy today and pay later.,"Why wait until payday? Get the things you want now and split your payments. It's fast, easy, and risk-free. No credit impact! Treat yourself now. Instant decision."
ad_4946,PayPal Pay Later,18-24,8497,4048.65,Unlock your purchasing power.,"Manage your cash flow better. Buy the essentials today and pay in small, manageable installments. No credit impact! Treat yourself now. Instant decision."
ad_4947,Klarna,18-24,1656,4816.64,Zero interest when you pay in 4.,"We help you buy what you want, when you want it. Download the app today. No credit impact! Treat yourself now. Instant decision."
ad_4948,Affirm,25-34,5334,4441.62,Zero interest when you pay in 4.,"Shop your favorite brands and pay over 6 weeks. No interest, no hard credit check. No credit impact! Treat yourself now. Instant decision."
ad_4949,Klarna,18-24,781,2224.69,Unlock your purchasing power.,"Shop your favorite brands and pay over 6 weeks. No interest, no hard credit check."
ad_4950,Afterpay,25-34,609,4285.99,"Get it now, pay over time.","We help you buy what you want, when you want it. Download the app today. No credit impact! Treat yourself now. Instant decision."
ad_4951,Afterpay,18-24,1242,188.15,"Get it now, pay over time.",Don't let tight budgets hold you back. Flexible payment options available now! No credit impact! Treat yourself now. Instant decision.
ad_4952,Afterpay,18-24,3083,2800.1,"Get it now, pay over time.",Instant approval! Just select our payment option at checkout. No credit impact! Treat yourself now. Instant decision.
ad_4953,Affirm,55-64,987,2431.26,Split your purchase into 4 easy payments.,"We help you buy what you want, when you want it. Download the app today. Smart budgeting for your family. No interest fees."
ad_4954,Afterpay,55-64,743,1666.84,Zero interest when you pay in 4.,"Shop your favorite brands and pay over 6 weeks. No interest, no hard credit check."
ad_4955,Afterpay,25-34,1771,709.49,Zero interest when you pay in 4.,Instant approval! Just select our payment option at checkout. No credit impact! Treat yourself now. Instant decision.
ad_4956,Sezzle,35-44,3691,4457.28,Split your purchase into 4 easy payments.,"Shop your favorite brands and pay over 6 weeks. No interest, no hard credit check."
ad_4957,Zip,25-34,9689,4719.55,"Get it now, pay over time.","Manage your cash flow better. Buy the essentials today and pay in small, manageable installments. No credit impact! Treat yourself now. Instant decision."
ad_4958,Sezzle,18-24,806,2808.99,Unlock your purchasing power.,Instant approval! Just select our payment option at checkout.
ad_4959,Klarna,25-34,11682,4597.7,Don't wait! Buy today and pay later.,"We help you buy what you want, when you want it. Download the app today. No credit impact! Treat yourself now. Instant decision."
ad_4960,Klarna,35-44,2202,1698.73,"Buy Now, Pay Later with no hidden fees!",Instant approval! Just select our payment option at checkout. Smart budgeting for your family. No interest fees.
ad_4961,Sezzle,18-24,3172,2530.53,Zero interest when you pay in 4.,Don't let tight budgets hold you back. Flexible payment options available now! No credit impact! Treat yourself now. Instant decision.
ad_4962,Zip,25-34,2684,1230.92,"Buy Now, Pay Later with no hidden fees!","Shop your favorite brands and pay over 6 weeks. No interest, no hard credit check. No credit impact! Treat yourself now. Instant decision."
ad_4963,Afterpay,18-24,1560,521.33,Zero interest when you pay in 4.,"We help you buy what you want, when you want it. Download the app today. No credit impact! Treat yourself now. Instant decision."
ad_4964,Sezzle,18-24,4672,2026.88,"Buy Now, Pay Later with no hidden fees!","Manage your cash flow better. Buy the essentials today and pay in small, manageable installments. No credit impact! Treat yourself now. Instant decision."
ad_4965,PayPal Pay Later,18-24,3090,3823.22,Don't wait! Buy today and pay later.,"We help you buy what you want, when you want it. Download the app today. No credit impact! Treat yourself now. Instant decision."
ad_4966,Zip,25-34,11857,2383.71,Split your purchase into 4 easy payments.,"Shop your favorite brands and pay over 6 weeks. No interest, no hard credit check."
ad_4967,Sezzle,45-54,1060,2931.68,Split your purchase into 4 easy payments.,"Why wait until payday? Get the things you want now and split your payments. It's fast, easy, and risk-free. Smart budgeting for your family. No interest fees."
ad_4968,Klarna,18-24,1816,3483.57,Zero interest when you pay in 4.,Don't let tight budgets hold you back. Flexible payment options available now! No credit impact! Treat yourself now. Instant decision.
ad_4969,PayPal Pay Later,25-34,1806,1671.77,Don't wait! Buy today and pay later.,"Manage your cash flow better. Buy the essentials today and pay in small, manageable installments. No credit impact! Treat yourself now. Instant decision."
ad_4970,PayPal Pay Later,25-34,10513,3711.07,Unlock your purchasing power.,"Manage your cash flow better. Buy the essentials today and pay in small, manageable installments."
ad_4971,Klarna,55-64,15940,3547.09,Don't wait! Buy today and pay later.,"We help you buy what you want, when you want it. Download the app today. Smart budgeting for your family. No interest fees."
ad_4972,Affirm,25-34,9626,4481.81,"Buy Now, Pay Later with no hidden fees!",Instant approval! Just select our payment option at checkout. No credit impact! Treat yourself now. Instant decision.
ad_4973,Affirm,18-24,5269,783.89,Unlock your purchasing power.,"Why wait until payday? Get the things you want now and split your payments. It's fast, easy, and risk-free. No credit impact! Treat yourself now. Instant decision."
ad_4974,Afterpay,45-54,1314,2590.31,"Get it now, pay over time.","Shop your favorite brands and pay over 6 weeks. No interest, no hard credit check. Smart budgeting for your family. No interest fees."
ad_4975,Sezzle,25-34,1353,793.1,"Buy Now, Pay Later with no hidden fees!","Shop your favorite brands and pay over 6 weeks. No interest, no hard credit check. No credit impact! Treat yourself now. Instant decision."
ad_4976,Afterpay,18-24,8083,2263.2,"Buy Now, Pay Later with no hidden fees!",Instant approval! Just select our payment option at checkout. No credit impact! Treat yourself now. Instant decision.
ad_4977,Affirm,18-24,5872,3708.93,"Get it now, pay over time.","Shop your favorite brands and pay over 6 weeks. No interest, no hard credit check. No credit impact! Treat yourself now. Instant decision."
ad_4978,Affirm,25-34,1598,2900.9,Zero interest when you pay in 4.,"Shop your favorite brands and pay over 6 weeks. No interest, no hard credit check. No credit impact! Treat yourself now. Instant decision."
ad_4979,Klarna,18-24,4977,4478.6,Split your purchase into 4 easy payments.,"Why wait until payday? Get the things you want now and split your payments. It's fast, easy, and risk-free. No credit impact! Treat yourself now. Instant decision."
ad_4980,Affirm,18-24,3894,4247.03,"Get it now, pay over time.",Don't let tight budgets hold you back. Flexible payment options available now! No credit impact! Treat yourself now. Instant decision.
ad_4981,Sezzle,25-34,10794,235.62,Don't wait! Buy today and pay later.,"Manage your cash flow better. Buy the essentials today and pay in small, manageable installments. No credit impact! Treat yourself now. Instant decision."
ad_4982,PayPal Pay Later,18-24,1881,3069.84,Split your purchase into 4 easy payments.,"Manage your cash flow better. Buy the essentials today and pay in small, manageable installments. No credit impact! Treat yourself now. Instant decision."
ad_4983,Affirm,18-24,6216,2082.91,Split your purchase into 4 easy payments.,"We help you buy what you want, when you want it. Download the app today. No credit impact! Treat yourself now. Instant decision."
ad_4984,Klarna,25-34,2848,3170.56,"Get it now, pay over time.",Instant approval! Just select our payment option at checkout. No credit impact! Treat yourself now. Instant decision.
ad_4985,Afterpay,25-34,6426,1914.74,"Get it now, pay over time.",Instant approval! Just select our payment option at checkout. No credit impact! Treat yourself now. Instant decision.
ad_4986,Zip,25-34,5074,4805.38,Don't wait! Buy today and pay later.,"Manage your cash flow better. Buy the essentials today and pay in small, manageable installments. No credit impact! Treat yourself now. Instant decision."
ad_4987,Afterpay,18-24,7034,1744.02,Split your purchase into 4 easy payments.,"Shop your favorite brands and pay over 6 weeks. No interest, no hard credit check."
ad_4988,Sezzle,18-24,868,4131.14,Zero interest when you pay in 4.,"Why wait until payday? Get the things you want now and split your payments. It's fast, easy, and risk-free. No credit impact! Treat yourself now. Instant decision."
ad_4989,Affirm,25-34,2842,1438.71,Don't wait! Buy today and pay later.,"Shop your favorite brands and pay over 6 weeks. No interest, no hard credit check."
ad_4990,Sezzle,25-34,6192,3882.28,Split your purchase into 4 easy payments.,Don't let tight budgets hold you back. Flexible payment options available now! No credit impact! Treat yourself now. Instant decision.
ad_4991,Klarna,18-24,1573,2086.12,"Get it now, pay over time.",Don't let tight budgets hold you back. Flexible payment options available now! No credit impact! Treat yourself now. Instant decision.
ad_4992,Klarna,18-24,8989,2484.05,Split your purchase into 4 easy payments.,Don't let tight budgets hold you back. Flexible payment options available now!
ad_4993,Sezzle,25-34,1161,1539.61,Split your purchase into 4 easy payments.,Instant approval! Just select our payment option at checkout.
ad_4994,Afterpay,18-24,1350,3029.15,Don't wait! Buy today and pay later.,"Why wait until payday? Get the things you want now and split your payments. It's fast, easy, and risk-free. No credit impact! Treat yourself now. Instant decision."
ad_4995,Zip,18-24,4186,2040.55,Zero interest when you pay in 4.,"We help you buy what you want, when you want it. Download the app today. No credit impact! Treat yourself now. Instant decision."
ad_4996,Zip,18-24,7395,898.18,"Buy Now, Pay Later with no hidden fees!","Shop your favorite brands and pay over 6 weeks. No interest, no hard credit check. No credit impact! Treat yourself now. Instant decision."
ad_4997,Sezzle,18-24,4708,3914.22,Split your purchase into 4 easy payments.,"We help you buy what you want, when you want it. Download the app today. No credit impact! Treat yourself now. Instant decision."
ad_4998,Sezzle,18-24,4335,4930.88,"Buy Now, Pay Later with no hidden fees!","We help you buy what you want, when you want it. Download the app today."
ad_4999,Sezzle,18-24,19691,317.06,"Buy Now, Pay Later with no hidden fees!","Why wait until payday? Get the things you want now and split your payments. It's fast, easy, and risk-free. No credit impact! Treat yourself now. Instant decision."
